ROW,GARDEN_PLANT_ID,2020 STATUS,PLANT_CODE,PLANT_STATE,PLANT_SPECIES,PLANT_PROVENANCE,ORIGIN_PLANT_ID,PLOIDY,TYPE OF HERBIVORY,LEVEL OF HERBIVORY,TOTAL AREA (UNITS?),VOLUME (UNITS?),VOLUME (HIGH OR LOW),90% HEIGHT (UNITS?),EXTRACTION WEIGHT (G),GC VIAL WEIGHT (G),GC WET WEIGHT (G),GC DRY AND VIAL WEIGHT (G),DRY WEIGHT (G),DRY WEIGHT (MG),% DRY WEIGHT,DRY WEIGHT OF EXTRACTED SAMPLES,UM TP,mM TP PER GRAM DRY WEIGHT (mM TP/G DW),%N,%C,TOTAL AREA UNDER THE CURVE,TOTAL # OF MONOTERPENE PEAKS,TOTAL AUC >28MIN,TOTAL AUC >28 MIN/mg DW,TOTAL # PEAKS >28MIN,"1,8 CINEOLE AUC",UNKNOWN 3.2 AUC,STATUS LIVE OR DEAD,NDVI_COUNT,NDVI_AREA,NDVI_MEAN,NDVI_MIN,NDVI_MAX,NDVI_RANGE,NDVI_STD,NDVI_SUM,THERMORIGINAL_COUNT,THERMORIGINAL_AREA,THERMORIGINAL_MEAN,THERMORIGINAL_STD,THERMAL_AREA,THERMAL_MEAN,THERMAL_STD
1,6,A,UT'V.3.5,UT,V,3,5,4n,.,l,143.0408585,1725.072754,Low,12.06,0.0518,14.93559,0.05137,14.95724,0.02165,2.165,0.421452209,0.021831224,3190.655,146.150987,2.88,44.15,27369.7,44,27369.71314,12641.89983,44,2137.9856,0,.,49,0.512498492,0.104366005,-0.047619049,0.227272734,0.274891783,0.077683685,5.113934257,25,0.50637456,15557.6,73.4890468,0.50637456,15641.12,107.4985842
1,10,D,WA'T.2.3,WA,T,2,3,4n,.,h,46.98618651,1477.151731,Low,31.438,0.05177,14.97349,0.04884,14.99211,0.01862,1.862,0.381244881,0.019737048,3878.665,196.5169816,4.08,45.54,32633.8,77,32628.52933,17523.37773,76,4250.69043,944.79242,.,33,0.345152046,0.129855347,-0.05472637,0.268722475,0.323448844,0.095759299,4.28522645,16,0.324079718,15760.5625,176.2941323,0.324079718,16027.25,40.14894146
1,15,D,ORT*W.2.1,OR,T,2,1,2n,.,n,31.40935014,922.9951632,Low,29.386,0.05192,14.90778,0.05146,14.92751,0.01973,1.973,0.383404586,0.019906366,3878.0925,194.8166973,3.945,44.195,31453,60,31453,15941.71313,60,1582.41052,0,.,48,0.502039339,0.021155174,-0.072243348,0.109243698,0.181487046,0.041308394,1.015448331,24,0.486119578,15860.25,131.41989,0.486119578,15807.125,141.06184
1,17,D,MT'W.1.7,MT,W,1,7,4n,.,l,34.15584642,616.5813395,Low,18.052,0.05225,14.89265,0.05169,14.91226,0.01961,1.961,0.379377056,0.019822451,1950.6875,98.40798623,2.38,45.375,31681.2,66,31681.22791,16155.64911,66,6379.74561,0,.,11,0.115050682,0.003472386,-0.05185185,0.046728972,0.098580822,0.030559473,-0.038196244,4,0.08101993,15863.75,39.61928192,0.08101993,15963,38.4317577
1,20,D,UTT.1.8,UT,T,1,8,2n,.,n,47.48980256,2982.929478,Low,62.812,0.05187,14.99461,0.05146,15.0142,0.01959,1.959,0.380684026,0.01974608,1809.395,91.63312205,4.545,45.68,22520.7,69,22520.7,11496.01838,69,2177.21411,1064.71924,.,34,0.355611199,0.048441496,-0.027522936,0.142857149,0.170380086,0.045867407,1.647010852,19,0.384844666,16006.84211,50.69959323,0.384844666,14749.84211,316.9171008
1,23,A,NM'T.2.5,NM,T,2,5,4n,fly/aphids,m,27.18135255,1373.066024,Low,50.515,0.05402,15.0242,0.05067,15.04854,0.02434,2.434,0.480363134,0.025949216,3394.8775,130.8277458,3.185,46.01,21561.6,64,21555.71105,8856.085066,63,1094.047,590.35889,.,39,0.407906963,0.11792364,0.02586207,0.213270143,0.187408073,0.056018366,4.599021947,23,0.465864595,15081.95652,546.0531491,0.465864595,14870.86957,367.4288224
1,25,A,UTT.1.5,UT,T,1,5,2n,aphids,l,123.6599841,4510.868902,Low,36.478,0.05195,14.987,0.05075,15.00657,0.01957,1.957,0.385615764,0.020032739,2114.71125,105.562762,4.105,44.86,23068.4,64,23068.4,11787.63413,64,2033.94849,911.75366,.,40,0.418366116,0.156876331,0.008403362,0.335968375,0.327565013,0.102178134,6.275053226,21,0.42535463,15544.90476,327.2281721,0.42535463,15715.47619,156.4123424
2,31,D,ORT.3.7,OR,T,3,7,2n,ant,l,79.63914544,1919.78124,Low,24.106,0.05101,14.80925,0.05283,14.83062,0.02137,2.137,0.404505016,0.020633801,3174.50875,153.8499266,4.195,44.625,31314.3,67,31309.34424,14651.07358,66,2400.09277,507.21432,.,82,0.857650538,0.221116064,0.010309278,0.413919419,0.403610141,0.106954695,18.13151728,40,0.810199296,15417.675,485.4964669,0.810199296,15333.95,261.2258553
2,42,A,ORT.2.6,OR,T,2,6,2n,aphids,l,899.7912944,55338.96419,High,61.502,0.05054,14.89807,0.05021,14.91685,0.01878,1.878,0.374029078,0.01890343,1905.93625,100.8248921,3.94,49.235,17652.5,67,17652.52875,9399.642572,67,382.42102,683.39209,.,127,1.328312418,0.107466696,-0.060773481,0.232227489,0.29300097,0.063481036,13.64827036,69,1.397593786,15162.36232,365.1955986,1.397593786,15476.36232,464.02661
2,43,D,CAV*W.3.1,CA,V,3,1,2n,.,n,129.7219328,3177.409022,Low,24.494,0.0491,14.94866,0.05188,14.97017,0.02151,2.151,0.41461064,0.020357382,2708.33375,133.0393905,2.615,49.94,27826.1,65,27826.08419,12936.34783,65,5657.34229,0,DEAD,39,0.407906963,0.017205819,-0.032258064,0.112149529,0.144407593,0.036460972,0.671026937,18,0.364589683,15044.61111,521.4558828,0.364589683,15875.11111,162.9082526
2,47,D,CAT.2.7,CA,T,2,7,2n,.,m,60.85317276,3358.425751,Low,55.189,0.05091,14.94091,0.05016,14.96228,0.02137,2.137,0.426036683,0.021689528,2001.05625,92.25909826,2.54,45.23,48984.89485,72,48984.89485,22922.27181,72,3754.88672,497.15488,DEAD,15,0.156887294,0.013005136,-0.057142857,0.019417476,0.076560333,0.023016276,-0.195077041,9,0.182294842,15614.55556,75.36888705,0.182294842,15662.88889,269.9935985
2,48,D,CAV.1.10,CA,V,1,10,2n,.,n,60.9488967,3251.136048,Low,53.342,0.05236,14.88501,0.05295,14.9105,0.02549,2.549,0.481397545,0.025205975,4625.20125,183.4962213,3.47,45.72,29829.6,68,29829.57187,11702.46052,68,4750.90869,0,.,19,0.198723905,0.083330179,-0.026415095,0.200000003,0.226415098,0.063903952,1.583273395,9,0.182294842,15741.55556,100.175525,0.182294842,15692,136.4290617
2,50,D,MT'W.2.9,MT,W,2,9,4n,.,h,43.83274924,3104.805127,Low,70.833,0.0503,15.06919,0.04984,15.09821,0.02902,2.902,0.582263242,0.029287841,3544.41125,121.019888,3.21,45.78,40420.3,77,40415.96746,13926.93572,76,11695.9,491.60837,DEAD,4,0.041836612,0.024859672,0.016666668,0.031963471,0.015296804,0.005463053,0.09943869,2,0.040509965,15314,142,0.040509965,15386.5,97.5
2,53,A,NM'T.2.3,NM,T,2,3,4n,aphids,l,77.93770712,2581.530673,Low,33.123,0.0511,14.85765,0.05294,14.88063,0.02298,2.298,0.434076313,0.0221813,3399.0925,153.2413593,2.55,45.14,24711,78,24705.40085,10750.82718,77,3741.17041,1009.45947,.,11,0.115050682,0.004713423,-0.091703057,0.083333336,0.175036393,0.056810819,-0.051847651,7,0.141784877,15575,40.71503759,0.141784877,15086.71429,194.4322976
2,54,A,AZ'T*W.1.5,AZ,T,1,5,4n,aphids,n,204.5262598,11943.10641,High,58.394,0.0502,14.87798,0.05145,14.89717,0.01919,1.919,0.372983479,0.018723771,2209.84,118.0232359,3.41,45.47,18106.9,72,18106.9,9435.591454,72,1277.61279,1716.30579,.,75,0.784436468,0.087425135,-0.085470088,0.265625,0.351095088,0.103601296,6.556885152,40,0.810199296,14712.4,436.669486,0.810199296,15608.25,122.4764773
2,55,D,ORT.1.5,OR,T,1,5,2n,caterpillar,l,40.336265,1430.606311,Low,35.467,0.05223,14.84547,0.05155,14.8658,0.02033,2.033,0.394374394,0.020598175,2518.69375,122.2775222,.,.,21707.3,65,21701.15118,10674.44721,64,1689.38196,771.60962,.,49,0.512498492,0.030971562,-0.07692308,0.141666666,0.218589745,0.062531253,1.517606561,25,0.50637456,14980.32,375.8792061,0.50637456,15565.8,41.34150457
2,56,A,UT'W*V.2.10,UT,W,2,10,4n,.,l,62.33323685,2242.625195,Low,35.978,0.05056,14.99128,0.04977,15.01132,0.02004,2.004,0.4026522,0.020358095,2845.985,139.7962318,3.17,44.78,31207.6,73,31199.07812,15568.40226,72,385.80563,0,.,40,0.418366116,0.141716033,-0.061403509,0.33574006,0.397143569,0.106002623,5.668641338,22,0.445609613,14721.36364,194.5499575,0.445609613,15220.86364,245.1080087
3,57,A,OR'W.1.1,OR,W,1,1,4n,.,l,67.84209016,1118.783909,Low,16.491,0.05025,14.83704,0.04999,14.85576,0.01872,1.872,0.374474895,0.018817363,2336.69,124.1773325,3.89,44.29,38323.9,83,38320.27358,20470.23161,82,1422.91479,948.59015,.,43,0.449743575,0.121220807,-0.077551022,0.296000004,0.373551026,0.098624455,5.212494693,19,0.384844666,14561.31579,163.9403141,0.384844666,14299.89474,285.9793689
3,60,A,ID'W.2.3,ID,W,2,3,4n,.,n,57.1473626,2352.07115,Low,41.158,0.05002,14.80872,0.05232,14.83269,0.02397,2.397,0.458142202,0.022916273,3611.72375,157.6051987,3.25,45.31,41601.4,76,41596.43301,17353.53901,75,1200.896,1058.74121,.,44,0.460202728,0.11872489,-0.041825093,0.295454532,0.337279625,0.09235738,5.223895145,21,0.42535463,15277.33333,363.1112034,0.42535463,15119.28571,476.1227476
3,63,A,ID'W.1.7,ID,W,1,7,4n,.,n,333.3625694,13360.17169,High,40.077,0.0522,14.92732,0.05007,14.94819,0.02087,2.087,0.416816457,0.021757819,2779.2175,127.7341949,3.58,44.91,38125,69,38125,18267.84859,69,4817.62793,964.98431,.,22,0.230101364,0.038793004,-0.05472637,0.150000006,0.204726376,0.057435306,0.853446099,10,0.202549824,15610.5,136.3306642,0.202549824,15560.6,124.3078437
3,64,A,WA'T.2.8,WA,T,2,8,4n,aphids,l,274.7126906,12429.6504,High,45.246,0.05195,14.89035,0.05116,14.90818,0.01783,1.783,0.348514464,0.018105326,2146.91125,118.5789861,3.04,44.55,40359.08167,75,40359.08167,22635.49168,75,7267.01563,4288.76221,.,47,0.491580186,0.039689395,-0.032558139,0.127450988,0.160009127,0.043773946,1.865401586,23,0.465864595,15046.30435,334.4817451,0.465864595,15794.52174,107.4109822
3,70,A,ID'W.3.6,ID,W,3,6,4n,.,h,342.7091538,15902.39015,High,46.402,0.04985,15.05613,0.04964,15.07751,0.02138,2.138,0.430701048,0.021470447,2075.52125,96.66874792,2.18,44.92,22439,76,22434.24302,10493.09776,75,1414.61633,1223.58765,.,61,0.638008327,0.060539412,-0.081081077,0.215859026,0.296940103,0.07658908,3.692904129,35,0.708924384,15839.6,104.7135412,0.708924384,15099.62857,443.4018549
3,71,D,ID'W.1.3,ID,W,1,3,4n,.,l,174.5138316,8339.317956,High,47.786,0.05176,14.89297,0.05123,14.91087,0.0179,1.79,0.349404646,0.018085184,2278.06,125.9627738,3.31,44.28,20191.9,77,20186.57139,11277.41418,76,727.47845,985.4223,.,56,0.585712562,0.138280772,-0.008264462,0.2734375,0.281701962,0.082633252,7.743723219,27,0.546884525,15766.44444,277.7098584,0.546884525,14301.59259,146.1995742
3,72,A,CO'V*W.2.3,CO,V,2,3,4n,aphids,l,54.79803591,2313.792268,Low,42.224,0.05095,14.98405,0.05125,15.00853,0.02448,2.448,0.477658537,0.024336702,3029.74,124.4926262,3.33,44.28,38925.8,69,38915.03284,15896.66374,67,1362.63428,0,.,34,0.355611199,0.031110471,.,.,.,0.048460323,.,17,0.344334701,15524,236.0570719,0.344334701,15417.76471,322.0563578
3,74,D,UT'V.3.3,UT,V,3,3,4n,aphids,h,22.60716002,900.2623264,Low,39.822,0.05289,14.93789,0.05112,14.96308,0.02519,2.519,0.492762128,0.026062189,3263.84,125.2327655,3.04,44.79,37531.6,49,37531.6,14899.40453,49,3836.31494,0,.,21,0.219642211,0.097433995,-0.039999999,0.213973805,0.253973804,0.051744239,8.097673058,11,0.222804806,15410.54545,292.8044224,0.222804806,15588.81818,236.8554673
3,80,A,UT'W*V.2.6,UT,W,2,6,4n,.,n,74.72393441,3187.87249,Low,42.662,0.0504,15.00588,0.05255,15.02975,0.02387,2.387,0.454234063,0.022893397,2681.3075,117.1214358,3.43,44.6,25616.9,61,25616.9,10731.83913,61,4388.54004,0,.,49,0.512498492,0.095108765,0.030927835,0.111111112,0.080183277,0.074796857,0.883814892,24,0.486119578,15913.125,52.74728469,0.486119578,15374.5,367.3542795
3,84,D,UT'W.2.10,UT,W,2,10,4n,aphids,h,200.7929279,7794.781462,High,38.82,0.05037,14.90099,0.04998,14.92364,0.02265,2.265,0.453181273,0.022826741,1951.18,85.47781858,3.81,43.96,21177.4,67,21172.44164,9347.656353,66,3409.96313,1046.64136,.,194,2.029075663,0.230239567,-0.024911031,-0.024911031,0,0.110091998,-0.024911031,99,2.005243258,14949.56566,458.3611157,2.005243258,15368.06061,425.5438307
4,91,A,ORT.2.3,OR,T,2,3,2n,beetle,l,1018.284219,67113.07631,High,65.908,0.05139,15.02226,0.05094,15.04023,0.01797,1.797,0.352767962,0.018128746,3332.82875,183.8422154,2.62,44.03,23811.5,70,23800.64503,13244.655,68,654.50812,704.96942,.,87,0.909946302,0.125852518,0.009433962,0.200000003,0.190566041,0.051279441,2.863141331,42,0.850709261,15417.7381,417.0646324,0.850709261,15328.71429,297.0524473
4,93,A,ID'W.3.8,ID,W,3,8,4n,aphids,l,275.8903866,14250.56614,High,51.653,0.05107,14.90408,0.05229,14.92577,0.02169,2.169,0.414802065,0.021183941,4434.74875,209.3448358,3.03,45.12,24598.6,64,24588.93192,11336.52924,63,314.3576,0,.,47,0.491580186,0.124792325,-0.044176705,0.185929641,0.230106346,0.070803965,7.253669002,26,0.526629542,15561.38462,202.4857216,0.526629542,15692.19231,147.763069
4,96,D,MT'W.3.10,MT,W,3,10,4n,.,l,71.02349377,3084.266241,Low,43.426,0.05253,14.88296,0.05265,14.90462,0.02166,2.166,0.411396011,0.021610632,2203.83125,101.9790259,3.36,45.15,29158.1,57,29158.06599,13461.71098,57,5810.55371,0,.,61,0.638008327,0.003937822,-0.029288704,0.176470593,0.205759296,0.021888901,2.762180836,32,0.648159437,15712.46875,63.77645744,0.648159437,15435.25,378.8652465
4,99,A,NM'T.2.6,NM,T,2,6,4n,aphids,n,74.27224377,3166.968475,Low,42.64,0.05137,14.89465,0.05049,14.91566,0.02101,2.101,0.416122004,0.021376187,2296.0975,107.4137993,2.53,44.96,25709.4,73,25709.42298,12236.75535,73,138.02971,0,.,54,0.564794257,0.03629515,-0.063063063,0.167464122,0.230527185,0.056264681,1.959938111,28,0.567139507,15653.35714,77.20067278,0.567139507,15320.14286,340.264363
4,100,D,WA'T.2.10,WA,T,2,10,4n,aphids,l,319.0660898,16365.53788,High,51.292,0.05063,14.84859,0.05118,14.86745,0.01886,1.886,0.368503322,0.018657323,3894.54875,208.7410243,3.73,45.21,44892.9,77,44892.85202,23803.20892,77,9592.58594,716.89722,.,37,0.386988657,0.035548988,-0.047120418,0.208333328,0.255453747,0.066036686,1.31531257,20,0.405099648,15439.8,286.3793987,0.405099648,15438.45,211.2359995
4,101,D,ID'W.1.8,ID,W,1,8,4n,aphids,l,194.3137791,8805.134586,High,45.314,0.04943,14.94709,0.04863,14.96904,0.02195,2.195,0.451367469,0.022311094,3666.33375,164.3278341,3.65,45.7,35972.5,81,35957.06936,16381.35278,79,2897.28101,1130.29883,.,15,0.156887294,0.007850305,-0.047058824,0.051162791,0.098221615,0.028968591,-0.117754577,7,0.141784877,15634.71429,50.67745141,0.141784877,15703.85714,20.09568946
4,102,D,IDV.5.8,ID,V,5,8,2n,aphids,n,626.9176693,26051.56375,High,41.555,0.05167,14.8515,0.05077,14.87662,0.02512,2.512,0.494780382,0.025565302,3106.725,121.5211523,2.48,47.15,31616.6,59,31610.03258,12583.6117,58,6327.12646,0,.,23,0.240560517,0.025872545,-0.020618556,0.091836736,0.112455292,0.028737783,0.595068544,13,0.263314771,15655.30769,39.59289877,0.263314771,15604.15385,90.19708861
4,103,D,UT'W.2.5,UT,W,2,5,4n,.,l,81.36170486,2275.93097,Low,27.973,0.04932,14.89426,0.05131,14.92018,0.02592,2.592,0.505164685,0.024914722,3454.1525,138.6390128,3.56,45.51,29197.4,76,29192.58915,11262.57297,75,2776.13477,1236.66028,.,33,0.345152046,0.010098359,-0.05319149,0.073359072,0.126550563,0.02990508,0.333245855,15,0.303824736,15596.46667,60.90196129,0.303824736,15369.2,276.3001267
4,105,D,UTT.1.2,UT,T,1,2,2n,.,l,51.90420986,2242.625195,Low,43.207,0.05046,14.94678,0.05127,14.97186,0.02508,2.508,0.489174956,0.024683768,3390.91375,137.3742336,4.16,45.94,29156.5,69,29156.45626,11625.38128,69,2711.15894,1014.24963,.,114,1.192343431,0.134986041,-0.031390134,0.252032518,0.283422653,0.072373662,15.38840868,63,1.276063891,15133.87302,316.039303,1.276063891,15303.11111,334.8764336
4,111,D,IDV.3.7,ID,V,3,7,2n,.,n,27.12797628,620.0912818,Low,22.858,0.05091,14.90013,0.05123,14.9244,0.02427,2.427,0.473745852,0.024118401,2757.21625,114.3200253,3.85,46.5,28142,52,28142,11595.38525,52,6390.06641,495.02097,.,16,0.167346446,0.03733185,-0.009615385,0.104072399,0.113687784,0.034295572,0.597309601,8,0.162039859,15007.875,46.88666522,0.162039859,15664.375,48.6824853
5,113,A,NM'T.1.9,NM,T,1,9,4n,aphids,l,228.4660681,11213.11462,High,49.08,0.04965,15.05861,0.0494,15.07678,0.01817,1.817,0.367813765,0.018261953,2570.1475,140.7378191,3.12,44.84,17904.8,78,17894.33952,9848.288123,76,1555.40234,1148.60242,.,45,0.470661881,0.076006523,-0.018348623,0.174468085,0.192816708,0.047870192,3.420293534,22,0.445609613,14728,242.3504225,0.445609613,15326.54545,169.2332246
5,120,D,IDV.2.7,ID,V,2,7,2n,aphids,m,200.1703009,11273.79152,High,56.321,0.5127,14.80885,0.0498,14.83088,0.02203,2.203,0.442369478,0.226802831,2331.71375,10.28079648,2.95,46.09,19629.5,64,19609.31809,8901.18842,62,2868.68726,0,DEAD,17,0.177805599,0.063902932,-0.21875,0.008849557,0.227599557,0.059446452,-1.086349844,8,0.162039859,15358.5,144.1700385,0.162039859,15532.25,134.5638789
5,121,D,CAV.2.10,CA,V,2,10,2n,aphids,h,342.5769949,17318.6374,High,50.554,0.05207,14.88749,0.04972,14.90798,0.02049,2.049,0.412107804,0.021458453,2807.5075,130.8345693,2.22,44.37,39367.3,68,39367.3,19212.93314,68,6812.8584,0,DEAD,42,0.439284422,0.036495109,-0.055214725,0.163179919,0.218394645,0.051283064,1.532794592,20,0.405099648,15258.45,417.0247565,0.405099648,15579.1,133.7852383
5,122,A,ORT.2.10,OR,T,2,10,2n,.,l,562.3967934,42891.19145,High,76.265,0.05075,14.91334,0.05164,14.93243,0.01909,1.909,0.369674671,0.01876099,2295.90875,122.3767406,3.28,42.81,34388.3,78,34388.3,18013.77685,78,2125.6936,2415.83203,.,189,1.976779898,0.100719046,-0.048275862,0.237288132,0.285563994,0.069136988,19.03589973,102,2.066008205,15301.86275,343.6051952,2.066008205,15166.06863,444.4729697
5,126,D,CA'V.3.6,CA,V,3,6,4n,aphids,m,802.3909811,36751.11172,High,45.802,0.05178,14.94184,0.0501,14.95603,0.01419,1.419,0.283233533,0.014665832,2074.345,141.4406597,2.99,45.83,18311.4,59,18311.4,12904.43975,59,4147.40088,519.38342,DEAD,50,0.522957645,0.080187925,0.006369427,0.173913047,0.16754362,0.038959622,4.009396233,27,0.546884525,15323.7037,422.1653893,0.546884525,15621.81481,133.4358042
5,128,D,CAV.1.9,CA,V,1,9,2n,.,m,155.6819353,2947.993126,Low,18.936,0.05014,14.87338,0.05084,14.89467,0.02129,2.129,0.418764752,0.020996865,7492.2775,356.828394,3.39,44.66,22366.8,66,22363.24527,10504.10769,65,2085.70435,0,.,32,0.334692893,0.030728602,-0.056179777,0.129533678,0.185713455,0.047847529,0.983315262,15,0.303824736,15636.93333,133.6455345,0.303824736,15746.66667,23.15359343
5,130,D,CAV.1.4,CA,V,1,4,2n,.,l,117.3967519,2213.75055,Low,18.857,0.04983,14.97583,0.05108,14.99639,0.02056,2.056,0.402505873,0.020056868,5010.4925,249.8143073,3.78,44.39,9403.3,64,9390.75445,4567.487573,62,733.86066,0,DEAD,17,0.177805599,0.038593607,-0.085470088,0.028806584,0.114276672,0.034279968,-0.656091311,9,0.182294842,15750,33.54930037,0.182294842,15649.77778,129.738864
5,131,A,CO'V*W.2.2,CO,V,2,2,4n,.,h,49.16476707,2313.792268,Low,47.062,0.05088,15.01725,0.05249,15.0389,0.02165,2.165,0.412459516,0.02098594,2213.67125,105.4835395,4.09,44.77,22773.8,64,22733.65239,10500.53228,63,1105.37207,0,.,31,0.32423374,0.052780344,-0.020408163,0.165289253,0.185697416,0.046200308,1.636190671,17,0.344334701,15515.76471,354.4765037,0.344334701,15755.52941,178.5230641
5,132,D,CA'V.4.4,CA,V,4,4,4n,.,l,142.7482613,3320.610054,Low,23.262,0.04955,14.96365,0.05023,14.98342,0.01977,1.977,0.393589488,0.019502359,1705.38625,87.44512585,2.13,42.57,28315.7,66,28298.18079,14313.69792,65,5643.85791,0,DEAD,39,0.407906963,0.007483046,-0.021978023,0.031007752,0.052985774,0.012926459,0.291838792,19,0.384844666,15716.68421,133.7330619,0.384844666,15450.84211,349.7461129
5,135,A,WA'W.1.6,WA,W,1,6,4n,aphids,h,778.1068517,34834.28754,High,44.768,0.05254,14.82257,0.05198,14.84192,0.01935,1.935,0.372258561,0.019558465,2320.5875,118.6487551,3.84,44.25,30943.2,67,30928.73495,15983.84235,65,5767.41504,0,.,59,0.617090021,0.139701459,-0.004219409,0.2360515,0.240270909,0.061586796,8.242386097,31,0.627904454,15290.03226,345.0513271,0.627904454,15175.77419,409.8166159
5,138,D,CO'W.1.8,CO,W,1,8,4n,.,m,242.4731714,11518.68801,High,47.505,0.05043,14.9159,0.04981,14.93855,0.02265,2.265,0.454727966,0.022931931,3033.67375,132.290373,3.92,44.14,39623.5,70,39605.47359,17485.8603,68,5535.26904,0,.,33,0.345152046,0.106140421,-0.011857707,0.192118227,0.203975935,0.05294393,3.502633885,21,0.42535463,15130.14286,266.189028,0.42535463,15304.95238,397.9708623
6,141,D,ORT.1.8,OR,T,1,8,2n,aphids,n,97.39295654,2554.325071,Low,26.227,0.05068,14.95325,0.05049,14.97133,0.01808,1.808,0.358090711,0.018148037,2379.60875,131.1220998,4.22,43.42,32909.6,76,32875.60972,18183.41246,75,2633.80029,0,.,101,1.056374443,0.161949164,-0.004524887,0.313807517,0.318332404,0.095793296,16.3568656,52,1.053259085,14728.86538,442.3780157,1.053259085,15367.34615,311.6390222
6,147,D,NVT*W.1.6,NV,T,1,6,2n,fly,m,50.5777014,1511.919228,Low,29.893,0.05099,14.84949,0.0505,14.87019,0.0207,2.07,0.40990099,0.020900851,2324.61625,111.2211266,2.85,42.13,31872.3,72,31867.36637,15394.86298,71,1377.98535,829.57611,DEAD,87,0.909946302,0.022497285,-0.003831418,0.055319149,0.059150567,0.014897504,1.957263797,45,0.911474208,15444.44444,357.9910958,0.911474208,15654.44444,188.2481289
6,150,D,NVV.2.9,NV,V,2,9,2n,aphids,l,37.54392724,1400.125678,Low,37.293,0.0514,14.88291,0.0492,14.90502,0.02211,2.211,0.449390244,0.023098659,2265.48125,98.078477,2.33,41.55,24827.8,58,24800.24712,11216.75582,57,4235.06787,0,.,19,0.198723905,0.073971033,-0.007518797,0.141630903,0.1491497,0.041825072,1.405449626,11,0.222804806,14965.09091,426.001164,0.222804806,15616.54545,133.729961
6,157,D,UT'W.2.6,UT,W,2,6,4n,aphids,h,926.4896548,39014.47936,High,42.11,0.04895,14.89804,0.05114,14.92089,0.02285,2.285,0.446812671,0.02187148,2868.31625,131.14413,3.9,44.57,38374.6,80,38369.20772,16791.77581,79,4771.49072,1258.23157,.,46,0.481121033,0.132268967,0.025210084,0.210526317,0.185316233,0.042197936,6.084372496,22,0.445609613,15147.09091,284.4603997,0.445609613,14891.18182,163.6503024
6,158,A,WA'T.2.1,WA,T,2,1,4n,aphids,l,727.7399379,39685.84204,High,54.533,0.04959,14.91891,0.0528,14.93797,0.01906,1.906,0.360984848,0.017901239,2226.63125,124.3842002,3.25,44.69,63069.4,78,63056.81655,33083.32453,76,3433.37549,6566.40527,.,45,0.470661881,0.101801824,-0.017142856,0.183098584,0.200241441,0.042203243,4.581082058,22,0.445609613,15222.13636,313.5477773,0.445609613,14750.04545,222.7680158
6,159,A,AZ'T.1.3,AZ,T,1,3,4n,.,h,88.98197433,4315.714737,Low,48.501,0.05115,14.95883,0.04985,14.98447,0.02564,2.564,0.514343029,0.026308646,6162.49875,234.2385376,3.59,45.55,27677,72,27660.47844,10788.01811,71,4236.33398,0,.,19,0.198723905,0.079176201,-0.020408163,0.145161286,0.165569449,0.045234478,1.504347826,10,0.202549824,15485.7,201.1735818,0.202549824,14361,159.6502427
6,164,A,NM'T.2.8,NM,T,2,8,4n,.,h,378.3749622,15932.99128,High,42.109,0.05089,14.93464,0.05095,14.95878,0.02414,2.414,0.473797841,0.024111572,3234.02625,134.1275564,2.81,44.87,22118.2,66,22118.2,9162.468931,66,403.83801,0,.,61,0.638008327,0.051188069,-0.109243698,0.178423241,0.287666939,0.073844836,3.122472235,33,0.668414419,15625.9697,102.6968132,0.668414419,14892.45455,430.8367539
6,165,A,MT'W.2.3,MT,W,2,3,4n,aphids,l,24.36669254,817.2832344,Low,33.541,0.05201,14.7456,0.05211,14.76694,0.02134,2.134,0.409518327,0.021299048,2075.64,97.45224217,3.89,45.46,48115.6,72,48106.62279,22542.93477,71,11632.3,762.55292,DEAD,38,0.39744781,0.01341925,-0.053763442,0.056994818,0.11075826,0.024171438,-0.509931513,19,0.384844666,15603.10526,140.4334998,0.384844666,14975.42105,510.4059598
6,166,A,MT'W.3.4,MT,W,3,4,4n,.,l,160.4735254,3074.030852,Low,19.156,0.05143,14.92764,0.05183,14.94945,0.02181,2.181,0.420798765,0.02164168,1973.58625,91.19376153,4.2,43.77,24680.1,70,24671.97841,11312.23219,69,4843.70654,0,.,28,0.292856281,0.082456476,-0.017857144,0.174089074,0.191946218,0.054885076,2.308781334,14,0.283569754,15685.35714,41.21131457,0.283569754,15567.21429,112.1880937
7,169,A,WA'T.2.9,WA,T,2,9,4n,.,l,108.1964482,2558.845999,Low,23.65,0.05121,14.87298,0.04928,14.89247,0.01949,1.949,0.39549513,0.020253306,3324.695,164.1556724,3.77,44.31,30618.7,69,30618.7,15709.95382,69,1997.1908,785.22571,.,50,0.522957645,0.113809571,-0.014354067,0.254385978,0.268740045,0.087157045,5.69047854,28,0.567139507,14811,102.3439579,0.567139507,15557.25,70.30475751
7,172,A,MTT.1.6,MT,T,1,6,2n,ant,l,64.28484742,2943.0246,Low,45.781,0.05146,14.84965,0.04977,14.86946,0.01981,1.981,0.398030942,0.020482672,2167.95625,105.843428,2.89,44.14,37680.7,85,37647.56256,19004.32234,82,230.45036,770.15387,.,79,0.826273079,0.044840186,-0.06849315,0.149122804,0.217615955,0.049516413,3.542374718,40,0.810199296,15291.275,380.1156395,0.810199296,15509.8,161.5696754
7,177,D,CAV*W.3.5,CA,V,3,5,2n,fly,n,622.3826809,21258.72523,High,34.157,0.05217,14.76021,0.04922,14.78175,0.02154,2.154,0.437626981,0.022831,3648.31125,159.7963871,2.66,46.64,23331,64,23331,10831.47632,64,6524.0376,890.33997,.,88,0.920405455,0.029447707,-0.072289154,0.017142856,0.08943201,0.018728909,-2.591398214,45,0.911474208,15382.86667,330.8084105,0.911474208,15501.2,142.0517277
7,181,A,ORT.2.9,OR,T,2,9,2n,.,l,756.1040383,55690.84294,High,73.655,0.05205,15.0058,0.05017,15.02495,0.01915,1.915,0.381702212,0.0198676,2787.68375,140.3130588,3.82,45.42,31341.8,70,31341.8,16366.4752,70,1708.31445,3889.09668,.,139,1.453822253,0.003152983,-0.045643155,0.094827585,0.140470739,0.027912932,0.438264572,71,1.43810375,15419.40845,307.8085914,1.43810375,15228.71831,288.2355347
7,183,D,OR'V.1.3,OR,V,1,3,4n,.,l,358.8876143,20039.56661,High,55.838,0.05144,14.83998,0.04817,14.8614,0.02142,2.142,0.444675109,0.022874088,2547.525,111.3716553,3.59,44.85,31371.7,70,31367.20252,14643.8854,69,422.40009,1605.48035,.,84,0.878568844,0.0141028,-0.056451611,0.089108914,0.145560525,0.028866681,1.184635185,43,0.870964243,15112.53488,280.5130971,0.870964243,15270.48837,254.6275321
7,185,D,IDV.5.1,ID,V,5,1,2n,.,l,464.6832853,21055.26434,High,45.311,0.05162,14.92448,0.05033,14.94736,0.02288,2.288,0.454599642,0.023466434,4135.96125,176.2500997,3.16,46.89,23367.6,70,23325.68301,10194.79153,68,161.34726,0,DEAD,40,0.418366116,0.009352538,-0.038251366,0.085714288,0.123965655,0.024360506,0.3741015,19,0.384844666,15233.05263,304.5641361,0.384844666,15516.31579,120.5426558
7,186,D,OR'V.1.8,OR,V,1,8,4n,aphids,l,401.1220387,21933.7542,High,54.681,0.04885,14.86409,0.04992,14.88894,0.02485,2.485,0.497796474,0.024317358,2652.7,109.0866872,4.15,44.96,38425,82,38354.16675,15434.27233,80,1663.17493,883.89124,DEAD,46,0.481121033,0.008001459,-0.057591625,0.078947365,0.13653899,0.026453996,-0.368067119,24,0.486119578,15050.33333,366.3806839,0.486119578,15416.5,84.71520918
7,189,A,UT'W*V.2.1,UT,W,2,1,4n,.,l,275.8199154,14637.76291,High,53.07,0.04902,14.91772,0.04958,14.93505,0.01733,1.733,0.349536103,0.01713426,2103.88125,122.787986,3.34,45.46,20137.5,60,20137.5,11620.02308,60,4971.79687,0,.,67,0.700763244,0.084073006,-0.020408163,0.248979598,0.269387761,0.072699993,5.632891409,35,0.708924384,15210.02857,406.1219722,0.708924384,15537.4,218.8383879
7,190,A,NM'T.1.6,NM,T,1,6,4n,.,l,277.9791028,15674.12969,High,56.386,0.04916,15.01603,0.05087,15.03576,0.01973,1.973,0.387851386,0.019066774,3889.8925,204.014191,3.59,45.22,24802,72,24802,12570.70451,72,1963.12891,885.38843,.,58,0.606630868,0.07850596,-0.020648967,0.138755977,0.159404945,0.04956384,4.553345656,29,0.58739449,14997.75862,396.8062721,0.58739449,15626.34483,122.2767567
7,192,A,WAT.1.6,WA,T,1,6,2n,.,l,1800.109163,130115.4905,High,72.282,0.0517,14.95765,0.05151,14.97718,0.01953,1.953,0.37914968,0.019602038,2085.70625,106.4025181,3.8,43.94,26533.6,74,26533.58958,13586.06737,74,2055.2373,1560.81946,.,143,1.495658865,0.151350294,-0.022222223,0.268292695,0.290514918,0.069574691,21.64309206,75,1.51912368,15427.53333,368.4686267,1.51912368,15315.04,443.8790358
7,193,D,IDV.5.9,ID,V,5,9,2n,aphids,n,414.7371507,14987.77115,High,36.138,0.0515,14.94902,0.04805,14.96999,0.02097,2.097,0.436420395,0.02247565,2549.17125,113.419243,3.2,46.62,25543.1,52,25474.67665,12148.15291,51,249.59079,0,DEAD,29,0.303315434,0.051587086,-0.013333334,0.180722892,0.194056226,0.049050842,1.496025488,15,0.303824736,15079.93333,344.565904,0.303824736,15644.33333,127.4172498
7,194,A,UTT.1.9,UT,T,1,9,2n,.,h,78.86035061,3358.425751,Low,42.587,0.04935,14.96203,0.05151,14.98683,0.0248,2.48,0.481459911,0.023760047,3130.03375,131.7351689,4.3,45.73,68510.9,148,68498.34014,27620.29844,146,2935.90918,1521.95837,.,19,0.198723905,0.056491102,-0.009174312,0.184210524,0.193384836,0.051422867,1.073330929,10,0.202549824,14692.4,227.780684,0.202549824,15320.2,114.6139608
7,195,A,WAT.1.9,WA,T,1,9,2n,aphids,l,1260.672653,80719.60932,High,64.029,0.05075,14.8365,0.05047,14.85416,0.01766,1.766,0.349910838,0.017757975,2006.08875,112.9683281,2.8,45.25,27763.2,76,27763.2043,15720.95374,76,1910.91406,2605.78442,.,157,1.642087005,0.104511857,-0.032558139,0.200000003,0.232558142,0.051597977,16.40836158,79,1.60014361,15381.96203,399.3265991,1.60014361,14823.26582,369.3577974
8,199,A,IDT.3.5,ID,T,3,5,2n,beetle,m,64.29704812,2386.449238,Low,37.116,0.05072,14.80517,0.04903,14.82509,0.01992,1.992,0.406281868,0.020606616,2702.48625,131.146531,3.33,41.6,37597.1,75,37597.11447,18874.05345,75,1940.35486,983.06458,.,44,0.460202728,0.156089969,-0.010380623,0.271111101,0.281491724,0.074884607,6.867958616,21,0.42535463,15206.2381,249.6793953,0.42535463,14845.95238,310.6020998
8,201,A,NM'T.2.4,NM,T,2,4,4n,aphids,n,302.0677791,16805.84296,High,55.636,0.05047,14.96913,0.05071,14.99148,0.02235,2.235,0.440741471,0.022244222,2790.505,125.4485319,3.16,44.9,25121.6,71,25121.6,11240.08949,71,4257.12842,1162.78943,.,59,0.617090021,0.062683735,-0.040816326,0.145631075,0.186447401,0.049977196,3.698340359,30,0.607649472,15401.53333,280.4045569,0.607649472,15206.56667,219.3767966
8,202,D,OR'W.1.3,OR,W,1,3,4n,aphids,l,32.20278971,960.1583779,Low,29.816,0.05057,14.89734,0.05101,14.92295,0.02561,2.561,0.50205842,0.025389094,3626.52625,142.8379527,3.8,43.06,34294.1,77,34268.95993,13381.08549,76,1390.78247,1347.59143,DEAD,30,0.313774587,0.005818803,-0.047272727,0.070539422,0.117812149,0.030145595,-0.174564084,16,0.324079718,15379.125,345.5571362,0.324079718,15582.75,181.8634447
8,205,A,NVV.2.5,NV,V,2,5,2n,.,m,65.11362515,2874.0503,Low,44.139,0.05041,14.97868,0.05131,14.99988,0.0212,2.12,0.41317482,0.020828143,2724.295,130.7987488,3.98,45.38,41946,80,41936.16298,19781.20895,79,10427.3,983.23712,.,33,0.345152046,0.085963413,-0.004329004,0.218487397,0.222816401,0.07030283,2.836792645,17,0.344334701,15538.94118,198.2053215,0.344334701,15561.11765,150.7326743
8,208,A,ORT.1.1,OR,T,1,1,2n,aphids,n,766.6141781,42802.3694,High,55.833,0.05159,14.90283,0.05039,14.92197,0.01914,1.914,0.379837269,0.019595805,4095.18375,208.9826781,3.37,45.89,20214.5,69,20214.5,10561.38976,69,123.4908,1800.08923,.,114,1.192343431,0.11812689,-0.045161292,0.236641228,0.28180252,0.07190933,13.4664655,59,1.195043962,15575.37288,147.5336099,1.195043962,15161.55932,504.4946211
8,209,D,IDV.3.8,ID,V,3,8,2n,.,l,241.0998657,12019.06941,High,49.851,0.04998,14.9622,0.04982,14.98634,0.02414,2.414,0.48454436,0.024217527,5201.42125,214.7792064,3.59,45.49,31504.7,74,31499.53956,13048.69079,73,5555.50244,1122.8092,DEAD,89,0.930864608,0.007678015,-0.045454547,0.054187194,0.09964174,0.021724208,0.683343359,45,0.911474208,15189,414.3922994,0.911474208,15386.02222,240.7346616
8,211,A,AZ'T.1.7,AZ,T,1,7,4n,.,m,524.6384482,14565.53724,High,27.763,0.05177,15.10404,0.04956,15.12548,0.02144,2.144,0.432606941,0.022396061,2874.095,128.3303772,3.01,45.02,25683,74,25682.97058,11978.99747,74,1618.09924,922.86798,.,88,0.920405455,0.077641091,-0.053571429,0.166666672,0.220238101,0.05808724,6.832416048,45,0.911474208,14945.24444,513.7221106,0.911474208,15425.2,300.946182
8,212,D,OR'V.1.1,OR,V,1,1,4n,aphids,h,26.78991559,864.6713154,Low,32.276,0.05188,14.99383,0.05196,15.01802,0.02419,2.419,0.465550423,0.024152756,3757.64625,155.5783636,2.84,43.6,24131.2,65,24112.99078,9968.164853,64,2335.12646,0,DEAD,17,0.177805599,0.014269765,-0.032786883,0.089430891,0.122217774,0.031821197,0.242585998,9,0.182294842,14580.22222,309.7908892,0.182294842,15681.55556,68.97521473
8,213,D,NVT.2.9,NV,T,2,9,2n,fly,h,771.5341049,43576.24625,High,56.48,0.05245,14.89794,0.05023,14.9161,0.01816,1.816,0.36153693,0.018962612,2837.2125,149.6213972,3.83,44.72,15164.2,63,15164.2,8350.330396,63,2310.66504,0,.,81,0.847191385,0.071306087,-0.036363635,0.163636357,0.199999992,0.045884529,5.775793043,41,0.830454278,14591.39024,418.8731037,0.830454278,15371.68293,372.4327694
8,216,A,UT'W*V.2.8,UT,W,2,8,4n,aphids,m,215.1242056,11568.08903,High,53.774,0.05038,14.95921,0.04892,14.97768,0.01847,1.847,0.377555192,0.019021231,1624.36875,85.39766884,3.16,47.08,30156.2,63,30151.57976,16324.62358,62,1336.04773,909.59851,.,74,0.773977315,0.095083684,-0.07027027,0.224137932,0.294408202,0.066560632,7.036192618,40,0.810199296,15090.525,494.8406303,0.810199296,15148.625,390.5597706
8,217,D,CAV.1.6,CA,V,1,6,2n,.,l,63.42546172,988.6760973,Low,15.588,0.04958,15.04161,0.05071,15.069,0.02739,2.739,0.540130152,0.026779653,11092.32,414.2070112,3.54,45.78,13425.5,71,13425.49452,4901.604425,71,1088.62927,0,DEAD,13,0.135968988,0.051110542,-0.095406361,0.004608295,0.100014656,0.030955217,-0.664437041,9,0.182294842,15546.33333,80.46393257,0.182294842,15663.33333,40.1386486
8,218,A,IDT.1.10,ID,T,1,10,2n,aphids,l,696.3876408,49843.249,High,71.574,0.04968,14.97188,0.05221,14.99304,0.02116,2.116,0.405286344,0.020134626,2371.54375,117.7843484,3.77,45.01,25010.3,60,25010.3,11819.61248,60,335.71033,1300.47278,.,70,0.732140703,0.114059972,-0.047272727,0.210762337,0.258035064,0.063406863,7.984198017,35,0.708924384,15341.8,219.3376783,0.708924384,15338.97143,366.1604243
8,219,D,ORT.3.10,OR,T,3,10,2n,.,m,34.72749282,1087.803985,Low,31.324,0.05028,14.97303,0.04999,14.99561,0.02258,2.258,0.451690338,0.02271099,3134.4575,138.0150083,4.27,43.51,36366.1,79,36366.10418,16105.44915,79,2074.09741,592.19196,.,62,0.64846748,0.006577341,-0.05882353,0.065326631,0.124150161,0.026807699,-0.407795116,33,0.668414419,15225.36364,274.0497431,0.668414419,15577.63636,70.53553507
8,220,D,NV'V.3.4,NV,V,3,4,4n,.,n,33.94552403,813.0631917,Low,23.952,0.05179,14.84919,0.05165,14.87209,0.0229,2.29,0.443368829,0.022962072,2804.605,122.1407652,3.01,47.25,41800.5,44,41800.37241,18253.43773,44,12619.3,0,.,34,0.355611199,0.003982512,-0.03846154,0.06735751,0.10581905,0.023982626,-0.135405411,17,0.344334701,15355.94118,73.62821597,0.344334701,15344.47059,162.0835361
8,224,D,CO'V*W.2.6,CO,V,2,6,4n,aphids,l,62.65604569,1919.78124,Low,30.64,0.05233,14.97355,0.05056,14.99619,0.02264,2.264,0.44778481,0.023432579,3574.7775,152.5558703,3.07,45.58,47689.2,71,47675.87644,21058.24931,70,958.42365,719.24652,DEAD,35,0.366070352,0.012971663,-0.042105265,0.03167421,0.073779475,0.016966626,-0.454008217,19,0.384844666,14899.78947,174.6333238,0.384844666,15247.94737,322.4100811
9,225,A,CAT.1.5,CA,T,1,5,2n,.,l,699.2545707,38103.78007,High,54.492,0.0509,14.84228,0.04968,14.85996,0.01768,1.768,0.355877617,0.018114171,2827.64875,156.1014743,3.92,44.67,22076.8,68,22076.8,12486.87783,68,1836.84705,822.87506,.,95,0.993619526,0.100454292,-0.094170406,0.275720179,0.369890586,0.08709706,9.543157781,49,0.992494138,15035.10204,231.8118735,0.992494138,14537.44898,364.703909
9,229,A,AZ'T*W.1.8,AZ,T,1,8,4n,.,n,44.40698489,2301.12555,Low,51.819,0.05235,14.99751,0.0504,15.01872,0.02121,2.121,0.420833333,0.022030625,2678.37125,121.5749099,3.1,45.505,24332.1,74,24332.1,11471.99434,74,822.33667,894.45062,.,68,0.711222397,0.081472798,-0.094527364,0.194174752,0.288702115,0.066809032,5.54015029,32,0.648159437,15093.5,402.9271026,0.648159437,15529.96875,175.4997301
9,230,D,IDT.3.3,ID,T,3,3,2n,.,h,633.7914211,41891.71156,High,66.097,0.04912,14.83975,0.0508,14.85649,0.01674,1.674,0.329527559,0.016186394,2130.46375,131.6206556,3.78,44.33,21633.1,64,21633.1,12922.99881,64,764.24304,659.27673,DEAD,63,0.658926633,0.034754218,-0.076142132,0.018181818,0.09432395,0.022038336,-2.189515748,35,0.708924384,15584.71429,209.1219154,0.708924384,15543.37143,179.35473
9,233,A,ID'W.3.10,ID,W,3,10,4n,aphids,l,290.2520234,13265.09797,High,45.702,0.05013,14.96933,0.04917,14.98773,0.0184,1.84,0.374211918,0.018759243,2127.79625,113.4265492,2.56,45.95,32445,65,32428.19361,17624.01827,64,371.37204,867.01624,.,134,1.401526489,0.043254934,-0.092682928,0.211822659,0.304505587,0.082586745,5.796161218,72,1.458358733,15350.15278,290.368954,1.458358733,14836.40278,299.6532097
9,234,D,NVT*W.1.3,NV,T,1,3,2n,.,n,599.0373402,42477.73779,High,70.91,0.04976,14.84871,0.05046,14.86647,0.01776,1.776,0.35196195,0.017513627,2735.47875,156.1914506,3.07,45.43,31198.6,68,31198.6,17566.77928,68,2969.64795,1225.24963,.,44,0.460202728,0.060933737,-0.042105265,0.209790215,0.25189548,0.065010723,2.681084419,21,0.42535463,15194.80952,351.0823562,0.42535463,15066.42857,321.0182566
9,235,D,ID'W.3.2,ID,W,3,2,4n,.,l,273.365012,11704.66972,High,42.817,0.05195,14.7696,0.04989,14.78984,0.02024,2.024,0.405692524,0.021075727,3851.88125,182.763865,3,44.52,25655.9,82,25652.86294,12674.3394,80,212.8662,1096.81946,DEAD,71,0.742599856,0.043162441,-0.056603774,0.145161286,0.20176506,0.042393729,3.064533326,39,0.789944314,14690.10256,272.6268037,0.789944314,15066.97436,242.0795045
9,236,D,WA'W.1.7,WA,W,1,7,4n,aphids,l,875.0805576,40564.35925,High,46.355,0.05203,14.95196,0.04858,14.96983,0.01787,1.787,0.367846851,0.019139072,2680.805,140.0697511,4.06,56.13,31440.9,71,31418.32264,17581.60193,70,5461.55127,632.5647,.,34,0.355611199,0.030033229,-0.031446543,0.137096778,0.16854332,0.036617299,1.021129788,17,0.344334701,14955.29412,370.4051462,0.344334701,15292.41176,251.7949817
9,244,D,ORT.3.5,OR,T,3,5,2n,aphids,l,796.0113045,40735.87851,High,51.175,0.05208,14.98311,0.05155,15.00189,0.01878,1.878,0.364306499,0.018973082,2320.56625,122.3083417,4.55,45.6,24138.8,76,24138.8,12853.46113,76,1218.41272,737.99194,.,62,0.64846748,0.099777727,-0.012552301,0.200000003,0.212552304,0.05541101,6.186219054,32,0.648159437,14942.875,328.6004175,0.648159437,15446.21875,250.1115669
9,245,D,OR'V.1.4,OR,V,1,4,4n,aphids,l,373.8090905,17399.69174,High,46.547,0.05065,14.96324,0.05158,14.99006,0.02682,2.682,0.51996898,0.026336429,3062.70125,116.2914406,4.16,45.73,38445.6,80,38414.84151,14323.20713,78,802.24701,0,.,30,0.313774587,0.061085938,0.004444445,0.145299152,0.140854707,0.031163515,1.832578131,13,0.263314771,15285.69231,212.2960142,0.263314771,15475.15385,360.2767838
9,248,A,ORT.2.5,OR,T,2,5,2n,aphids,n,1222.364244,82173.43633,High,67.225,0.04966,14.9006,0.0516,14.92003,0.01943,1.943,0.376550388,0.018699492,3167.49625,169.3894256,2.7,45.46,38951.3,79,38946.05267,20044.28856,78,726.42041,1471.46423,.,153,1.600250394,0.151474728,-0.02617801,0.263565898,0.289743908,0.072393696,23.17563339,79,1.60014361,15252.07595,506.8198884,1.60014361,14910.03797,448.7494704
9,251,D,UTT.2.3,UT,T,2,3,2n,fly/aphids,l,12.83604191,727.7650681,Low,56.697,0.05111,15.0285,0.0491,15.04988,0.02138,2.138,0.435437882,0.02225523,2618.60875,117.6626228,3.1,45.18,21313.1,64,21313.1,9968.709074,64,256.53009,680.25891,DEAD,17,0.177805599,0.029619873,0.005347594,0.057591625,0.052244031,0.015747595,0.503537845,8,0.162039859,15569.5,52.12005372,0.162039859,15401.25,112.691781
9,252,A,CO'W.1.2,CO,W,1,2,4n,.,l,5.97134057,228.9411974,Low,38.34,0.0508,14.90097,0.05084,14.92552,0.02455,2.455,0.48288749,0.024530685,2584.6375,105.363448,3.84,44.55,36052.3,63,36052.3,14685.25458,63,11971.2,0,.,40,0.418366116,0.0888112,-0.004219409,0.216931224,0.221150633,0.058642148,3.552448017,21,0.42535463,15501.09524,85.73486525,0.42535463,15343,122.102221
10,253,D,UT'W.1.7,UT,W,1,7,4n,aphids,l,94.41270974,2923.206319,Low,30.962,0.05197,14.87685,0.05021,14.89838,0.02153,2.153,0.428799044,0.022284686,2495.95625,112.0032032,3.32,44.44,32188.7,63,32188.77202,14950.66048,63,6531.58691,0,.,52,0.543875951,0.092871253,-0.008264462,0.238532111,0.246796574,0.075196792,4.829305134,28,0.567139507,14867.78571,376.2028667,0.567139507,15329.5,361.8300213
10,261,D,CO'V*W.2.4,CO,V,2,4,4n,.,m,30.3295461,909.3101217,Low,29.981,0.05082,14.95113,0.04985,14.97864,0.02751,2.751,0.551855567,0.0280453,3120.995,111.2840658,3.43,43.07,46935,67,46919.48753,17055.42985,66,1435.17163,0,.,29,0.303315434,0.003546844,-0.026490066,0.032863848,0.059353914,0.014301325,-0.102858472,16,0.324079718,14431.125,131.6210826,0.324079718,15545.6875,135.6008475
10,262,A,ID'W.1.5,ID,W,1,5,4n,.,n,394.1485079,15002.47466,High,38.063,0.05073,14.86441,0.05005,14.88892,0.02451,2.451,0.48971029,0.024843003,5361.99625,215.8352696,3.25,43.1,36770.4,76,36765.87882,15000.35856,75,1626.97485,1419.10999,.,68,0.711222397,0.173378562,-0.024390243,0.248945147,0.27333539,0.06944852,11.78974223,36,0.729179366,15110.30556,353.2116787,0.729179366,15133.11111,325.1859962
10,265,D,CAV.2.7,CA,V,2,7,2n,.,l,531.7469614,27391.34947,High,51.512,0.05093,14.99998,0.04925,15.0178,0.01782,1.782,0.361827411,0.01842787,2597.8225,140.9724777,2.695,45.935,21161.5,63,21149.14008,11868.20431,61,5738.51465,596.78137,.,76,0.79489562,0.004168676,-0.07692308,0.05172414,0.128647219,0.025430604,0.316819353,38,0.769689331,15248.52632,356.5399318,0.769689331,15533.31579,239.7639305
10,266,D,IDV.5.10,ID,V,5,10,2n,.,m,156.6792726,3412.944594,Low,21.783,0.05192,14.91834,0.0513,14.9422,0.02386,2.386,0.465107212,0.024148366,4358.0275,180.4688323,2.68,47.41,34636.8,65,34636.8,14516.68064,65,5154.52344,0,.,38,0.39744781,0.015629141,-0.064638786,0.069387756,0.134026542,0.033169262,-0.59390736,21,0.42535463,14438.80952,269.5409889,0.42535463,15565.80952,141.726638
10,267,D,CAV.2.4,CA,V,2,4,2n,.,n,501.9476198,18782.37799,High,37.419,0.04996,14.84383,0.04977,14.86433,0.0205,2.05,0.411894716,0.02057826,1576.5375,76.6117981,2.7,45.94,21954.2,68,21937.73532,10701.3343,66,5187.3833,667.19305,.,.,.,.,.,.,.,.,.,.,.,.,.,.,.,.
10,268,A,WA'T.2.4,WA,T,2,4,4n,.,m,133.3666006,4328.546388,Low,32.456,0.05237,14.76338,0.05291,14.7862,0.02282,2.282,0.431298431,0.022587099,3387.55875,149.9775944,2.82,46.08,42652.3,75,42629.66132,18680.83318,74,5863.13672,893.61432,.,27,0.282397128,0.133787542,-0.0546875,0.254901975,0.309589475,0.089204777,3.612263647,13,0.263314771,15226.07692,191.2225693,0.263314771,15508.38462,145.4650571
10,269,A,IDT.1.2,ID,T,1,2,2n,.,h,1273.553252,68641.97317,High,53.898,0.04978,14.95244,0.05206,14.97024,0.0178,1.78,0.341913177,0.017020438,2279.32875,133.9171622,2.65,46.5,33689.9,76,33684.33426,18923.78329,75,1863.84412,5275.90967,.,29,0.303315434,0.126393288,-0.029629629,0.226765797,0.256395426,0.058751811,3.66540534,15,0.303824736,14835.93333,272.7781679,0.303824736,15271.93333,267.0534195
10,271,A,UT'W*V.2.7,UT,W,2,7,4n,.,l,193.5862732,9854.702821,High,50.906,0.05194,14.87467,0.05121,14.89718,0.02251,2.251,0.439562585,0.022830881,3408.35125,149.2868933,3.47,45.61,28791.4,69,28783.06842,12786.79183,67,1855.39478,0,.,64,0.669385786,0.029089781,-0.086757988,0.156862751,0.243620738,0.05856313,1.861745952,31,0.627904454,15041.41935,400.9144205,0.627904454,15337.35484,231.4868558
10,272,A,UT'W.1.10,UT,W,1,10,4n,.,n,91.15615552,2673.610041,Low,29.33,0.04965,14.98422,0.05057,15.00922,0.025,2.5,0.494364248,0.024545185,2892.23125,117.832938,3.17,44.32,37554.8,68,37554.8,15021.92,68,6642.01074,625.44733,.,21,0.219642211,0.037645413,-0.043478262,0.098712444,0.142190706,0.037214133,0.790553677,10,0.202549824,15061.6,328.3778921,0.202549824,15574.7,129.8545725
10,273,A,IDT.2.4,ID,T,2,4,2n,.,l,708.0246366,46765.02725,High,66.05,0.05181,14.89149,0.0499,14.91159,0.0201,2.01,0.402805611,0.020869359,2551.98,122.283585,3.99,44.63,29181.6,76,29176.70576,14515.77401,75,112.91675,894.32825,.,67,0.700763244,0.125413079,0.034883723,0.200000003,0.16511628,0.042471409,8.402676288,34,0.688669402,15158.47059,438.3794512,0.688669402,15067.41176,396.6880622
11,281,D,UT'V.3.4,UT,V,3,4,4n,aphids,m,131.9714858,2854.543238,Low,21.63,0.04951,14.943,0.05017,14.96428,0.02128,2.128,0.424157863,0.021000056,2271.72375,108.1770339,3.59,43.54,24769.4,52,24760.418,11635.53477,50,1136.11646,0,.,47,0.491580186,0.116591645,-0.00862069,0.20869565,0.21731634,0.058077869,5.479807305,22,0.445609613,15118.63636,254.0897382,0.445609613,15301.45455,260.832884
11,282,D,WA'T.2.7,WA,T,2,7,4n,.,l,123.7086961,3115.108676,Low,25.181,0.04926,14.9599,0.05178,14.97932,0.01942,1.942,0.375048281,0.018474878,2325.90875,125.8957547,2.34,45.03,34547.7,70,34547.7,17789.75283,70,4637.88574,755.73462,.,45,0.470661881,0.0001823,-0.040816326,0.034482758,0.075299084,0.019843832,0.008203522,21,0.42535463,14987.09524,323.3233535,0.42535463,15425.19048,247.3183064
11,287,D,WA'W.1.1,WA,W,1,1,4n,aphids,m,569.599756,18274.46897,High,32.083,0.04971,14.91805,0.052,14.93942,0.02137,2.137,0.410961538,0.020428898,2398.31875,117.3983414,2.56,42.08,36072.6,72,36066.62176,16877.22123,71,2278.18359,1031.44446,.,39,0.407906963,0.016703604,-0.062146891,0.080168776,0.142315667,0.03305537,0.651440573,19,0.384844666,15253.31579,269.7386752,0.384844666,15391.68421,135.0680346
11,288,D,MT'W.3.1,MT,W,3,1,4n,.,n,26.488066,810.9586288,Low,30.616,0.0505,14.882,0.0506,14.90725,0.02525,2.525,0.499011858,0.025200099,2263.425,89.81810019,3.12,44.12,34099.1,80,34074.25744,13494.75542,79,6026.72998,1048.75916,.,.,.,.,.,.,.,.,.,.,.,.,.,.,.,.
11,290,D,NV'V.3.5,NV,V,3,5,4n,aphids,h,740.3483488,19126.15924,High,25.834,0.04922,14.85875,0.05128,14.88207,0.02332,2.332,0.45475819,0.022383198,2516.48125,112.4272428,2.69,45.64,36638.4,70,36619.01293,15702.83573,68,8002.2168,0,.,41,0.428825269,0.068105103,-0.006535948,0.150000006,0.156535954,0.042053885,2.79230921,21,0.42535463,15300.38095,222.9316522,0.42535463,15444.28571,171.2770362
11,291,D,OR'V.1.5,OR,V,1,5,4n,aphids,l,304.7177693,15002.47466,High,49.234,0.04883,14.92007,0.0482,14.94021,0.02014,2.014,0.417842324,0.020403241,1828.205,89.60365807,2.12,44.57,20398.3,80,20356.30806,10107.40221,78,3681.18555,0,.,43,0.449743575,0.089856166,-0.047619049,0.188405797,0.236024845,0.058978767,3.863815147,21,0.42535463,15297.52381,212.4713133,0.42535463,15106.66667,248.4794393
11,293,D,CA'V.4.1,CA,V,4,1,4n,aphids,h,285.8357932,15841.3055,High,55.421,0.05066,14.95803,0.05151,14.97986,0.02183,2.183,0.423801204,0.021469769,1869.11625,87.05805135,3.95,44.27,25971.3,71,25966.19878,11894.73146,70,4849.32471,0,.,72,0.753059009,0.073548684,-0.042105265,0.164983168,0.207088433,0.052177626,5.295505282,37,0.749434349,15096.94595,281.5182723,0.749434349,15416.21622,288.8297109
11,294,A,UTT.1.6,UT,T,1,6,2n,.,l,774.2444204,42213.35429,High,54.522,0.04909,14.86755,0.04962,14.88822,0.02067,2.067,0.416565901,0.02044922,2450.06,119.8119044,3.14,45.51,24489,63,24481.71777,11844.08213,62,2049.41431,1826.67908,.,118,1.234180042,0.084772608,-0.038251366,0.204918027,0.243169393,0.05991475,10.00316777,61,1.235553926,15108.96721,351.5570036,1.235553926,15060.96721,427.2602373
11,296,A,UT'W.1.1,UT,W,1,1,4n,.,m,319.7817557,9525.019376,High,29.786,0.0542,14.89557,0.05172,14.92097,0.0254,2.54,0.491105955,0.026617943,3961.85,148.8413299,3.49,44.43,24346.9,64,24315.28641,9572.947406,63,3627.92969,0,.,32,0.334692893,0.039610335,-0.009345794,0.137440756,0.14678655,0.028364178,1.267530708,14,0.283569754,14739.71429,393.5641949,0.283569754,15292.28571,155.2667882
11,300,A,AZ'T*W.1.7,AZ,T,1,7,4n,aphids,l,180.8010046,8539.773851,High,47.233,0.05011,14.90297,0.0507,14.92571,0.02274,2.274,0.44852071,0.022475373,3998.25,177.8947134,3.78,45.43,20079.8,65,20079.8,8830.167106,65,701.65558,1063.44678,.,71,0.742599856,0.097485288,-0.004608295,0.180180177,0.184788472,0.048488088,6.921455466,37,0.749434349,15409.16216,267.8950494,0.749434349,15227.91892,357.7619908
11,302,D,NVT.1.6,NV,T,1,6,2n,aphids,l,776.2273615,51031.51543,High,65.743,0.04971,14.96381,0.05194,14.98339,0.01958,1.958,0.376973431,0.018739349,2764.8975,147.5450115,3.5,44.88,21593.7,71,21593.7,11028.4474,71,2116.09399,1769.73389,.,40,0.418366116,0.126462335,0,0.253012061,0.253012061,0.061748935,5.058493404,20,0.405099648,14840.2,348.7534373,0.405099648,15127.1,321.4002022
11,304,A,WAT.1.4,WA,T,1,4,2n,.,n,841.8148216,50039.99844,High,59.443,0.04928,15.12172,0.04962,15.13897,0.01725,1.725,0.34764208,0.017131802,2599.7475,151.7498011,3.28,47.02,35718.2,74,35718.2,20706.2029,74,2423.7478,1097.69971,.,126,1.317853265,0.166873203,0.022222223,0.295081973,0.27285975,0.065450269,21.02602355,63,1.276063891,15051.77778,315.8845703,1.276063891,14922.61905,418.5442052
11,305,D,MT'W.3.7.R,MT,W,3,7,4n,.,l,764.8329569,16710.83528,High,21.849,0.05149,14.96798,0.04889,14.9915,0.02352,2.352,0.481079975,0.024770808,4481.8425,180.9324311,4.01,44.34,45627.1,81,45602.95228,19389.01032,78,5738.47998,979.06738,.,15,0.156887294,0.07359231,0.055319149,0.108108111,0.052788962,0.014364805,1.103884652,7,0.141784877,15222.57143,174.4434883,0.141784877,15562.28571,46.8453818
12,311,A,CAT.2.9,CA,T,2,9,2n,.,m,1797.585967,100740.3128,High,56.042,0.05064,15.075,0.05139,15.09266,0.01766,1.766,0.343646624,0.017402265,2474.8475,142.2141023,3.875,44.755,10046.4,63,10046.4,5688.788222,63,1413.47449,0,.,64,0.669385786,0.125714398,0.018050542,0.252100855,0.234050313,0.053950904,8.045721496,32,0.648159437,15280.59375,252.5153287,0.648159437,15179.21875,317.5535127
12,314,D,OR'V.1.6,OR,V,1,6,4n,.,.,501.7280001,33284.63552,High,66.34,0.04945,15.01939,0.05138,15.04057,0.02118,2.118,0.412222655,0.02038441,1817.45875,89.15925089,3.34,46.11,27389.5,81,27384.37585,12929.35593,80,6968.83936,925.40381,.,23,0.240560517,0.083768965,0.016759777,0.195121944,0.178362167,0.054660858,1.926686194,13,0.263314771,15251.69231,163.3097032,0.263314771,15436.76923,189.6365568
12,320,D,IDV.3.5,ID,V,3,5,2n,.,l,866.9318182,40478.78046,High,46.692,0.05116,14.8843,0.04814,14.9075,0.0232,2.32,0.481927711,0.024655422,4875.14875,197.7313068,2.77,47.04,30726.5,58,30721.486,13242.01983,57,9581.66602,0,.,52,0.543875951,0.114119238,-0.053941909,0.265917599,0.319859508,0.083219487,5.934200361,26,0.526629542,14956.96154,243.8007511,0.526629542,15213.15385,326.0819496
12,321,D,NVT.2.8,NV,T,2,8,2n,.,m,44.56113187,1291.114235,Low,28.974,0.05111,14.89093,0.05171,14.91009,0.01916,1.916,0.370527944,0.018937683,2999.39125,158.3821639,3.18,44.06,36956.4,81,36953.36569,19286.72531,80,4751.85742,1043.45569,.,76,0.79489562,0.185348278,0,0.294117659,0.294117659,0.060700745,14.08646914,38,0.769689331,14593.47368,407.4645439,0.769689331,14874.5,493.8685501
12,322,A,IDT.1.6,ID,T,1,6,2n,aphids,n,1409.922178,72775.95305,High,51.617,0.05138,14.92909,0.05108,14.94768,0.01859,1.859,0.363938919,0.018699182,3356.70375,179.5107298,3.63,46.35,30288,71,30288,16292.63045,71,527.23059,1115.30066,.,39,0.407906963,0.004907078,-0.074074075,0.080459774,0.154533848,0.035877787,-0.191376027,21,0.42535463,15138.09524,326.6244246,0.42535463,15205.95238,307.1770819
12,328,A,IDT.1.3,ID,T,1,3,2n,aphids,m,792.5477803,44511.06844,High,56.162,0.04939,14.84444,0.05082,14.86403,0.01959,1.959,0.385478158,0.019038766,4179.92375,219.5480368,3.86,45.54,30857.6,71,30857.6,15751.71006,71,1387.27222,887.59601,.,30,0.313774587,0.105512935,0.022624435,0.198412701,0.175788267,0.042708185,3.165388048,16,0.324079718,15021.0625,348.7605677,0.324079718,15222.9375,388.4537406
12,329,D,MT'W.3.9,MT,W,3,9,4n,.,l,29.90908705,918.418336,Low,30.707,0.0494,14.85707,0.05063,14.8824,0.02533,2.533,0.500296267,0.024714636,2228.4275,90.16631023,3.78,44.11,29874.8,66,29874.8,11794.23608,66,4426.26709,537.66486,.,26,0.271937975,0.057336271,-0.034782607,0.140740737,0.175523344,0.047403679,1.490743038,16,0.324079718,14925.375,200.5591792,0.324079718,15416.875,206.2085943
12,330,D,MT'W.3.6,MT,W,3,6,4n,aphids,l,60.3435688,1942.278449,Low,32.187,0.0511,14.97321,0.05174,14.99545,0.02224,2.224,0.429841515,0.021964901,2058.8025,93.73147002,3.02,45.1,23333,67,23333,10491.45683,67,2701.20581,0,.,35,0.366070352,0.009707322,-0.06666667,0.035897437,0.102564108,0.026745824,-0.339756267,19,0.384844666,15395.78947,238.9357057,0.384844666,15481.57895,172.7844157
12,333,A,UTT.1.1,UT,T,1,1,2n,.,l,55.27310705,1427.538536,Low,25.827,0.05074,14.94588,0.0494,14.96938,0.0235,2.35,0.475708502,0.024137449,4994.2425,206.9084607,3.32,44.79,39380,68,39371.71733,16753.92227,67,1708.74902,630.98322,.,26,0.271937975,0.087090291,-0.017241379,0.200000003,0.217241382,0.058077023,2.264347566,14,0.283569754,15031.42857,180.2948832,0.283569754,15078.92857,356.4989409
13,338,A,UTT.3.10,UT,T,3,10,2n,aphids,l,902.4204358,65449.84695,High,72.527,0.05066,14.93407,0.05088,14.95322,0.01915,1.915,0.376375786,0.019067197,3715.5025,194.8635888,3.02,45.81,16387.4,71,16384.283,8555.761358,70,564.96979,0,.,93,0.97270122,0.089919281,-0.019920319,0.180952385,0.200872704,0.048197324,8.36249313,47,0.951984173,15765.61702,53.5980125,0.951984173,15004.21277,535.1609396
13,339,D,IDV.5.2,ID,V,5,2,2n,aphids,l,309.3618934,15674.12969,High,50.666,0.05136,14.94118,0.04803,14.96438,0.0232,2.32,0.483031439,0.024808495,2616.59375,105.4716855,2.6,47.48,25799.7,71,25703.85781,11079.24906,69,162.22943,0,DEAD,17,0.177805599,0.034695639,-0.086956523,0.021834061,0.108790584,0.026692973,-0.589825855,10,0.202549824,15161.1,323.9732859,0.202549824,15526.9,242.8454035
13,343,A,UT'W.2.3,UT,W,2,3,4n,aphids,l,63.73920856,2595.205616,Low,40.716,0.05097,14.92817,0.05092,14.95295,0.02478,2.478,0.486645719,0.024804332,2641.22875,106.4825579,3.12,45.14,23940,75,23940,9661.016949,75,748.03528,1145.66101,.,88,0.920405455,0.082470039,-0.03626943,0.228813559,0.265082989,0.06961858,7.257363427,42,0.850709261,14491,399.392038,0.850709261,15070.28571,373.4887189
13,347,A,ID'W.1.4,ID,W,1,4,4n,.,n,267.4362078,16774.13383,High,62.722,0.04985,14.91673,0.04977,14.94016,0.02343,2.343,0.470765521,0.023467661,3681.42875,156.8724174,3.37,45.08,24482.7,44,24482.7,10449.29577,44,5886.00049,0,.,63,0.658926633,0.079735606,-0.023529412,0.169230774,0.192760186,0.054070765,5.023343157,28,0.567139507,14537.78571,242.0527329,0.567139507,15194,339.3242234
13,349,A,WAT.1.3,WA,T,1,3,2n,aphids,n,607.2466729,46827.82718,High,77.115,0.05104,14.94748,0.04959,14.96682,0.01934,1.934,0.389997983,0.019905497,3484.02875,175.0284726,3.85,46.365,41300.3,72,41300.3,21354.86039,72,1799.65942,987.79333,.,94,0.983160373,0.104186451,-0.01010101,0.190476194,0.200577204,0.04281765,9.793526416,48,0.972239155,15123.08333,375.6342876,0.972239155,14845.25,403.8623683
13,356,A,WA'W.1.3,WA,W,1,3,4n,.,h,305.1914128,17076.98551,High,55.955,0.05073,14.8741,0.05036,14.89485,0.02075,2.075,0.41203336,0.020902452,3044.72,145.6632911,2.98,45.58,36478.7,72,36457.7067,17569.97913,70,6732.37549,0,.,49,0.512498492,0.103376155,-0.013100437,0.24166666,0.254767097,0.067749236,5.065431587,25,0.50637456,14578.8,255.3828499,0.50637456,15128.72,227.8458286
13,357,A,ID'W.2.2,ID,W,2,2,4n,aphids,l,253.0684976,8992.029856,High,35.532,0.0496,14.9015,0.0497,14.92017,0.01867,1.867,0.375653924,0.018632435,2593.92125,139.2153685,2.25,45.535,32953,70,32953,17650.24103,70,1748.94604,864.43585,.,50,0.522957645,0.13233335,0,0.235294119,0.235294119,0.076812941,6.616667499,25,0.50637456,15064.16,195.8186263,0.50637456,15357,241.9489202
13,358,D,CAV*W.3.8,CA,V,3,8,2n,fly,h,418.1702709,16490.54463,High,39.435,0.05247,15.0056,0.05007,15.02663,0.02103,2.103,0.420011983,0.022038029,4490.34,203.7541583,2.01,45.6,21383,73,21363.99267,10158.81725,71,3895.10034,0,DEAD,37,0.386988657,0.042017683,0.004016064,0.094650209,0.090634145,0.018966457,1.554654261,22,0.445609613,15031.27273,218.4074969,0.445609613,15104.81818,400.4810331
14,366,A,MT'W.1.2,MT,W,1,2,4n,.,l,342.9071877,12364.89028,High,36.059,0.04976,15.05302,0.05201,15.08019,0.02717,2.717,0.522399539,0.025994601,4206.29125,161.8140338,3.38,44.68,40711,73,40705.74562,14981.87178,72,12590.5,608.54626,.,91,0.951782914,0.157676741,-0.008,0.29880479,0.30680479,0.089001621,14.34858342,45,0.911474208,15560.24444,142.9957506,0.911474208,15064.82222,347.8580994
14,372,A,ID'W.3.4,ID,W,3,4,4n,.,m,218.9226462,12403.71929,High,56.658,0.05098,15.01455,0.049,15.03573,0.02118,2.118,0.432244898,0.022035845,3355.16625,152.2594784,2.79,45.23,20127.1,77,20108.28478,9493.996591,75,122.56104,494.29083,.,73,0.763518162,0.124876593,-0.009803922,0.253112048,0.26291597,0.073312109,9.115991292,37,0.749434349,14354.51351,254.0983659,0.749434349,14993.21622,380.1654786
14,374,D,MTV.1.10,MT,V,1,10,2n,.,l,376.3699091,11225.23254,High,29.825,0.0502,14.86191,0.05146,14.88941,0.0275,2.75,0.534395647,0.026826661,5010.6375,186.7782729,2.8,45.48,60703,51,60702.9816,22073.81149,51,0,0,.,60,0.627549174,0.120101989,-0.00862069,0.200000003,0.208620693,0.049546111,7.20611933,28,0.567139507,15115.5,276.9698926,0.567139507,14587.96429,400.6415821
14,377,D,IDV.2.8,ID,V,2,8,2n,pupa/aphids,h,222.2561407,11249.49456,High,50.615,0.05082,14.95623,0.05168,14.97886,0.02263,2.263,0.437886997,0.022253417,3464.425,155.6805848,2.04,47.42,31339.4,65,31328.59233,13843.83223,64,4600.34912,0,.,55,0.57525341,0.000309879,-0.049689442,0.04587156,0.095561001,0.020409198,0.017043371,29,0.58739449,14494.17241,219.8432151,0.58739449,15385.65517,182.8491513
14,378,D,WA'W.1.5,WA,W,1,5,4n,.,m,228.2070519,11371.32919,High,49.829,0.05111,15.08006,0.05088,15.09918,0.01912,1.912,0.375786164,0.019206431,2054.78125,106.9840237,3.76,44.36,27883.1,66,27877.50022,14580.28254,65,3809.33398,0,.,24,0.25101967,0.078194233,-0.003367003,0.149532706,0.152899709,0.036247101,1.876661594,13,0.263314771,14628.76923,287.8995962,0.263314771,14998.76923,350.5115281
14,379,A,CO'V*W.2.7,CO,V,2,7,4n,aphids,m,285.6410964,12159.17019,High,42.568,0.0503,14.94491,0.05008,14.97031,0.0254,2.54,0.507188498,0.025511581,3496.9125,137.071569,3.05,45.8,54364.7,65,54360.16534,21401.6399,64,0,1384.43274,.,75,0.784436468,0.075492981,-0.008474576,0.157024801,0.165499377,0.038965235,5.661973561,38,0.769689331,14576.18421,296.5907916,0.769689331,14542.89474,258.5993436
14,380,A,ORT.2.4,OR,T,2,4,2n,aphids,l,1441.079704,101949.1837,High,70.745,0.05071,14.89881,0.04927,14.9158,0.01699,1.699,0.344834585,0.017486562,2105.2,120.3895897,2.88,45.95,17197.6,69,17197.6,10122.18952,70,1133.94934,1146.23901,.,66,0.690304091,0.113781535,-0.017857144,0.2421875,0.260044644,0.06487264,7.509581327,36,0.729179366,14689.19444,389.4162169,0.729179366,14765.44444,443.0810964
14,381,A,ORT.1.9,OR,T,1,9,2n,galls/aphids,l,989.2290015,48802.62356,High,49.334,0.05105,14.89045,0.04997,14.90879,0.01834,1.834,0.367020212,0.018736382,2359.3275,125.9222576,3.82,45.54,32100.2,68,32100.2,17502.83533,68,2710.42578,1183.32788,.,42,0.439284422,0.100259975,0.034146342,0.168627456,0.134481113,0.030785518,4.210918933,19,0.384844666,15660.84211,113.844429,0.384844666,14898.31579,428.8616576
14,384,D,WY'W.1.2,WY,W,1,2,4n,aphids,m,41.57055791,918.418336,Low,22.093,0.05056,14.95353,0.05091,14.97848,0.02495,2.495,0.490080534,0.024778472,3626.615,146.3615282,3.77,43.98,36505.4,79,36498.64726,14628.71634,78,2210.77197,1282.66748,.,52,0.543875951,0.012649684,-0.061032865,0.039215688,0.100248553,0.027180887,-0.657783584,29,0.58739449,15488.48276,272.7695277,0.58739449,15543.24138,154.3678221
14,387,A,ID'W.1.2,ID,W,1,2,4n,caterpillar,l,47.66161423,1196.068209,Low,25.095,0.04948,14.92884,0.05069,14.94969,0.02085,2.085,0.411323732,0.020352298,2555.51625,125.5640132,3.8,43.34,37843.9,81,37843.89149,18150.54748,81,1649.15039,1420.24463,.,34,0.355611199,0.03884937,-0.034825869,0.193798453,0.228624322,0.061288409,1.320878583,17,0.344334701,15021.52941,170.2030337,0.344334701,15672,88.52251292
15,388,A,CAT.1.1,CA,T,1,1,2n,.,n,69.29942216,2412.451484,Low,34.812,0.05141,14.96707,0.05094,14.98602,0.01895,1.895,0.372006282,0.019124843,3323.69875,173.789597,4.02,44.26,37850.8,76,37840.98561,19968.85784,75,853.56329,640.52362,.,68,0.711222397,0.10474695,-0.00877193,0.272030652,0.280802581,0.074378111,7.122792577,34,0.688669402,15045.5,180.5275358,0.688669402,14850.61765,405.2197671
15,391,D,ORT.3.1,OR,T,3,1,2n,.,l,100.4606908,3299.129086,Low,32.84,0.05109,15.10228,0.05091,15.12407,0.02179,2.179,0.428010214,0.021867042,4820.26125,220.4349946,4.36,44.62,31912.5,72,31912.50315,14645.48102,72,2173.96143,0,DEAD,15,0.156887294,0.033245625,-0.065326631,0.004975124,0.070301755,0.022322641,-0.498684379,7,0.141784877,14389.71429,186.6767369,0.141784877,15596.28571,78.36856929
15,392,A,ID'W.1.6,ID,W,1,6,4n,aphids,m,83.20280297,2659.6608,Low,31.966,0.05045,14.88997,0.05117,14.9144,0.02443,2.443,0.477428181,0.024086252,3470.215,144.0745136,3.43,44.32,48369.6,75,48369.6,19799.2632,75,3900.80957,1269.06921,.,50,0.522957645,0.083070802,0.008849557,0.176470593,0.167621035,0.047709528,4.153540106,27,0.546884525,15265.07407,395.4410501,0.546884525,15241.44444,405.7567537
15,394,A,ORT.1.6,OR,T,1,6,2n,aphids,l,842.9912257,51935.00343,High,61.608,0.04966,14.93888,0.05102,14.95802,0.01914,1.914,0.375147001,0.0186298,2707.04875,145.3074504,2.89,44.46,26218,71,26218,13698.01463,71,1836.9093,1091.39417,.,90,0.941323761,0.10387257,-0.0390625,0.204379559,0.243442059,0.062951438,9.348531275,45,0.911474208,15308.95556,360.6431265,0.911474208,14793.57778,485.7589932
15,401,D,CAV.1.7,CA,V,1,7,2n,.,h,78.2452379,1319.997163,Low,16.87,0.05158,14.89482,0.04946,14.91748,0.02266,2.266,0.458147998,0.023631274,12523.8375,529.9687875,3.04,46.07,11897.8,61,10533.24629,4648.387595,46,1153.5354,0,.,35,0.366070352,0.069492388,-0.034782607,0.176470593,0.2112532,0.074092602,2.432233568,18,0.364589683,15589.27778,70.29525474,0.364589683,15260.88889,210.8361367
15,403,A,OR'V.1.10,OR,V,1,10,4n,aphids,m,294.0759033,14594.39893,High,49.628,0.05006,14.79361,0.05175,14.81259,0.01898,1.898,0.366763285,0.01836017,2596.33875,141.4114762,2.33,45.73,26082.9,64,26082.91946,13742.31795,64,2803.5769,0,.,114,1.192343431,0.070099502,-0.004694836,0.163346618,0.168041454,0.038627904,7.991343225,62,1.255808909,15376.09677,199.3270703,1.255808909,15097.58065,285.3816657
15,405,A,UT'W.1.4,UT,W,1,4,4n,.,l,47.12504032,2144.660585,Low,45.51,0.0514,14.88493,0.05137,14.91153,0.0266,2.66,0.517811953,0.026615534,2894.77125,108.7624697,3.78,44.68,24985.9,72,24985.9,9393.195489,72,5125.18457,0,.,49,0.512498492,0.04861588,-0.013574661,0.181818187,0.195392848,0.049839051,2.382178099,29,0.58739449,14922.82759,273.4255328,0.58739449,15367.06897,226.4086831
15,409,D,UTT.3.3,UT,T,3,3,2n,aphids,l,761.729267,43936.54412,High,57.68,0.04962,14.81365,0.05143,14.83649,0.02284,2.284,0.444098775,0.022036181,4082.91,185.2821031,3.35,45.24,22431.3,62,22431.3,9821.059545,62,1884.74182,890.5202,.,66,0.690304091,0.064593864,-0.01904762,0.218884125,0.237931745,0.065015645,4.263195022,33,0.668414419,15087.78788,362.0628405,0.668414419,15198.27273,283.598764
15,413,D,ORT*V.2.4,OR,T,2,4,2n,aphids,l,105.136592,3003.016478,Low,28.563,0.05058,14.91983,0.05216,14.94402,0.02419,2.419,0.463765337,0.023457251,3156.31125,134.5558898,3.11,43.485,48984.9,72,48984.89485,20250.05988,72,3754.88672,497.15488,DEAD,35,0.366070352,0.027291231,0,0.061946902,0.061946902,0.016782834,0.955193102,18,0.364589683,14657.33333,311.3204851,0.364589683,15427.44444,76.171752
16,417,D,MT'W.3.7,MT,W,3,7,4n,.,h,409.8212857,7957.499904,High,19.417,0.05069,14.88006,0.05038,14.90201,0.02195,2.195,0.435688765,0.022085064,2603.83875,117.900442,3.73,43.46,18324.9,78,18299.90776,8337.087818,76,2892.17896,749.22052,.,.,.,.,.,.,.,.,.,.,.,.,.,.,.,.
16,418,A,WA'W.1.2,WA,W,1,2,4n,.,h,857.8315889,32935.58602,High,38.394,0.04952,14.87972,0.05004,14.89665,0.01693,1.693,0.338329337,0.016754069,2334.1425,139.3179493,4.02,44.79,33270.6,71,33265.34928,19648.75917,70,3032.70776,832.78503,.,.,.,.,.,.,.,.,.,.,.,.,.,.,.,.
16,421,D,UTV.1.7,UT,V,1,7,2n,.,n,331.9164461,14797.499,High,44.582,0.04912,14.81566,0.05114,14.83972,0.02406,2.406,0.470473211,0.023109644,2162.15,93.56050614,2.63,46.25,30512.8,64,30507.97047,12679.95448,63,3859.01587,0,.,79,0.826273079,0.057816778,-0.011111111,0.11210762,0.123218731,0.027243492,4.567525471,40,0.810199296,14954.6,331.3164499,0.810199296,15197.625,166.3728775
16,423,A,AZ'T.1.10,AZ,T,1,10,4n,galls/aphids,l,58.6268373,2438.641924,Low,41.596,0.04902,14.96483,0.05077,14.98562,0.02079,2.079,0.409493796,0.020073386,5264.90375,262.2827951,2.97,45.54,21235.9,73,21225.1778,10209.32073,71,2047.07324,869.01819,.,89,0.930864608,0.132816703,0,0.259911895,0.259911895,0.082256069,11.82068658,46,0.93172919,15231.13043,237.747364,0.93172919,14896.1087,328.1175709
16,425,D,MT'W.3.8,MT,W,3,8,4n,.,m,23.28933529,773.6950077,Low,33.221,0.04999,14.91919,0.04956,14.93913,0.01994,1.994,0.402340597,0.020113006,1928.645,95.89043807,3,45.37,37134.3,66,37126.72549,18619.22041,65,10296.3,536.23395,.,51,0.533416798,0.075450488,0,0.142857149,0.142857149,0.040453956,3.847974889,26,0.526629542,15093.57692,320.354752,0.526629542,15161.38462,249.0662681
16,429,A,IDT.1.4,ID,T,1,4,2n,.,l,1263.647993,86923.81813,High,68.788,0.05009,14.90797,0.05083,14.92341,0.01544,1.544,0.303757623,0.015215219,2686.41625,176.5611252,4.01,45.1,15400.9,59,15400.9,9974.676166,59,779.17334,0,.,184,1.924484134,0.125662996,-0.03508772,0.261410803,0.296498522,0.069637204,23.12199125,96,1.94447831,15204.70833,422.9013606,1.94447831,14458.07292,301.8038907
16,436,D,WA'W.1.4,WA,W,1,4,4n,aphids,h,881.1823821,32985.30011,High,37.433,0.05214,14.92266,0.05185,14.94405,0.02139,2.139,0.412536162,0.021509635,3612.435,167.944966,3.81,44.54,37656.6,75,37620.7889,17588.0266,73,6904.60107,971.44281,.,.,.,.,.,.,.,.,.,.,.,.,.,.,.,.
16,441,A,IDT.3.9,ID,T,3,9,2n,.,m,123.1833751,4354.285942,Low,35.348,0.05135,14.89103,0.04904,14.91077,0.01974,1.974,0.402528548,0.020669841,2650.765,128.2431252,4.13,45.62,36819.8,75,36809.74618,18647.28783,73,2206.38062,899.93317,.,71,0.742599856,0.1406647,-0.004081632,0.237113401,0.241195034,0.058065317,9.987193669,39,0.789944314,14921.30769,154.3084081,0.789944314,14886.38462,443.6539779
17,442,D,CO'W.1.7,CO,W,1,7,4n,aphids,n,51.78221631,1725.072754,Low,33.314,0.04981,14.92331,0.04968,14.9452,0.02189,2.189,0.440619968,0.021947281,2785.98,126.9396447,3.3,43.4,39195.1,67,39184.31659,17900.55577,65,9412.14844,756.33203,.,32,0.334692893,0.001365815,-0.049019609,0.059999999,0.109019607,0.020817017,-0.043706088,17,0.344334701,14976.05882,165.6599886,0.344334701,14659.52941,198.4365709
17,450,A,NVT*W.1.10,NV,T,1,10,2n,.,l,44.25846518,902.518622,Low,20.392,0.05001,15.03595,0.05159,15.05395,0.018,1.8,0.348904827,0.01744873,2730.0425,156.4608107,3.04,43.34,34557.7,75,34557.67719,19198.70955,75,1375.41931,1217.19092,.,72,0.753059009,0.153632278,0.024875622,0.277027041,0.252151418,0.066609138,11.06152401,35,0.708924384,15222.2,481.1519392,0.708924384,14833.4,255.5940084
17,456,D,IDV.5.7,ID,V,5,7,2n,.,n,450.6346391,21914.81313,High,48.631,0.04964,14.86197,0.05121,14.88039,0.01842,1.842,0.359695372,0.017855278,2381.05875,133.3532144,1.72,45.43,17649.7,68,17588.85172,9548.779435,66,85.23443,382.06027,.,70,0.732140703,0.017479219,-0.015037594,0.05319149,0.068229085,0.01594815,1.22354536,36,0.729179366,14226.27778,189.892164,0.729179366,15110.02778,136.3002173
17,458,D,CAV.2.6,CA,V,2,6,2n,aphids,n,70.46112804,1098.066219,Low,15.584,0.05146,14.87973,0.04978,14.90173,0.022,2.2,0.441944556,0.022742467,3506.0825,154.1645646,3.09,42.92,20357.9,64,20357.90286,9253.592209,64,6158.31104,477.71027,.,33,0.345152046,0.085384837,0.022421524,0.253521115,0.231099591,0.06270063,2.817699635,17,0.344334701,15203.88235,134.0188232,0.344334701,15107.05882,166.9823769
17,459,D,IDV.3.4,ID,V,3,4,2n,.,n,67.98786071,2482.71271,Low,36.517,0.05018,14.8394,0.05163,14.86333,0.02393,2.393,0.463490219,0.023257939,3475.4225,149.4295119,2.64,44.59,43612,66,43600.46955,18220.00399,64,10458.6,601.21234,.,66,0.690304091,0.043811683,0,0.111111112,0.111111112,0.025217951,2.891571085,32,0.648159437,14853.96875,256.6028649,0.648159437,15349.4375,83.8070468
17,466,A,CAT.2.4,CA,T,2,4,2n,ant,h,99.47293192,3648.368724,Low,36.677,0.05033,15.00281,0.05057,15.02152,0.01871,1.871,0.369982203,0.018621204,1659.04375,89.0943317,3.34,42.6,20772.5,78,20767.61612,11099.74138,77,3054.69482,657.75507,.,125,1.307394113,0.311740905,0.016806724,0.311740905,0.294934182,0.083581633,19.13074203,66,1.336828838,15489.48485,138.2442111,1.336828838,14663.72727,353.4380725