ID,subspp,Season,Stts_QC,X_IDTM,Y_IDTM,AREA,UAS_Thermal,Variance_Plant_Temp,Tleaf,Photo,Trans,Cond,water_use_eff,PhiPS2
6,V4n,June,Living,2338006.902,1348751.167,1.00013888,-15.75223479,5.711545692,35.66811117,8.955084452,0.001556037,0.035041597,5755.057581,0.681
11,V4n,June,Living,2338004.287,1348747.415,0.42091931,-15.79185647,2.3609449,35.29985173,10.47759359,0.015782539,0.455426478,663.8725118,0.699
29,T4n,June,Living,2337993.218,1348736.495,0.39454784,-13.12381569,3.938182074,36.90301005,0.111513111,0.00019173,0.003833449,581.6163591,0.578
44,W4n,June,Living,2338001.919,1348747.174,0.83542406,-12.52003476,7.700481294,32.54843903,0.8636013,0.000550275,0.015969515,1569.399483,0.763
53,T4n,June,Living,2338007.076,1348753.387,0.18444164,-13.02129612,5.182197448,31.41197205,10.28754947,0.007528373,0.286815441,1366.503658,0.705
54,T4n,June,Living,2338007.494,1348754.276,1.18687068,-19.19668939,4.315197005,33.10248057,1.253481667,0.003993183,0.114221085,313.9054162,0.697
56,W4n,June,Living,2338008.511,1348755.431,0.79353113,-16.6641006,5.00682511,32.9662145,3.522565227,0.004181727,0.120957362,842.3708544,0.758
60,W4n,June,Living,2338005.858,1348754.721,0.41608664,-13.71950635,4.520605973,34.90407817,5.073903216,0.005898529,0.151988264,860.1980622,0.771
62,V4n,June,Living,2338004.576,1348753.118,0.24648231,-7.495251537,1.388341789,33.94548797,17.76976941,0.013977857,0.457162572,1271.279985,0.73
69,W4n,June,Living,2338000.616,1348748.161,0.79566842,-13.80430142,7.400060195,36.37606176,6.700415402,0.007168252,0.16443911,934.7349554,0.698
70,W4n,June,Living,2338000.108,1348747.468,0.7552581,-15.86946274,5.818481297,34.81892649,6.93148405,0.008508243,0.230849661,814.6786652,0.701
71,W4n,June,Living,2337999.551,1348746.758,1.20530686,-16.14581918,4.870545895,33.95332209,7.26171698,0.007959433,0.233589087,912.3409896,0.695
72,NA,June,NA,NA,NA,NA,NA,NA,32.78157171,14.42526813,0.007247666,0.225299118,1990.332815,0.725
75,T2n,June,Living,2337997.194,1348743.817,1.06915355,-16.03186203,4.815265909,34.15530269,15.45001332,0.00639532,0.179521493,2415.831284,0.716
78,W4n,June,Living,2337995.426,1348741.742,0.33836965,-10.96286506,5.937515579,33.32037608,15.62515906,0.011401323,0.36192262,1370.468981,0.66
86,T4n,June,Living,2337991.84,1348739.546,0.57395635,-17.67320776,2.741958869,35.8907458,0.111415727,0.006260473,0.148964892,17.7966957,0.671
87,T4n,June,Living,2337992.175,1348740.06,0.68099233,-14.06925629,5.980645122,33.27174377,10.35796184,0.007559525,0.225088372,1370.186862,0.723
89,T4n,June,Living,2337993.236,1348741.31,0.96364834,-15.56559835,4.416013809,31.87848791,15.89616746,0.010372841,0.358343872,1532.479623,0.667
91,T2n,June,Living,2337994.616,1348743.095,1.26549616,-13.93644812,11.06472397,31.7276446,15.70788673,0.009653747,0.334612275,1627.128541,0.718
92,T4n,June,Living,2337995.039,1348743.768,0.41149301,-17.12224066,5.100089286,33.42177327,13.90567093,0.007211038,0.21081767,1928.38686,0.677
93,W4n,June,Living,2337995.42,1348744.352,0.85407417,-15.68487057,5.486697331,32.90411631,9.05803918,0.007732839,0.240983415,1171.373047,0.666
99,T4n,June,Living,2337999.132,1348748.486,0.5555888,-10.85632121,5.537065624,33.93675868,11.10333587,0.008870861,0.254216478,1251.663785,0.681
107,T2n,June,Living,2338003.372,1348754.127,0.8274945,-16.73547671,5.363431823,31.36090469,11.33553648,0.007292,0.250454612,1554.516868,0.704
113,T4n,June,Living,2338005.184,1348758.572,1.10738877,-14.50346458,6.120881058,30.93838374,12.51130253,0.00784358,0.28540385,1595.101097,0.645
129,V4n,June,Living,2337996.06,1348747.281,0.49695109,-8.625670449,1.878174075,31.10652669,8.040441551,0.008735369,0.319403231,920.4466627,0.734
131,V4n,June,Living,2337994.863,1348745.832,0.05000578,-10.86618372,3.428105112,31.13101578,2.934010995,0.006053856,0.210146578,484.6515731,0.725
133,T4n,June,Living,2337993.813,1348744.402,0.91748177,-12.24735944,8.29581734,31.63173167,4.688823422,0.008775988,0.307228027,534.2787159,0.717
136,W4n,June,Living,2337992.13,1348742.306,0.47763839,-14.30627798,6.430777425,31.839077,10.35094567,0.00505501,0.162057915,2047.660905,0.695
142,T2n,June,Living,2337989.151,1348741.19,0.40796494,-12.93188682,4.496835884,34.40096156,8.242797088,0.004073512,0.103955535,2023.511183,0.708
158,T4n,June,Living,2337998.5,1348752.543,2.33077198,-18.03273272,6.271500197,33.60728327,18.7923305,0.011170543,0.347744071,1682.311281,0.745
159,T4n,June,Living,2337998.984,1348753.203,0.54934629,-17.20687452,6.712128438,31.21264331,17.49719652,0.007092252,0.252337431,2467.086128,0.713
163,V4n,June,Living,2338001.265,1348756.184,0.28135367,-16.42888225,6.09118848,31.93743388,20.89800163,0.010005739,0.350779714,2088.601445,0.692
164,T4n,June,Living,2338001.804,1348756.871,0.86168264,-15.76661582,6.246458576,33.34246699,8.329938199,0.009625177,0.300613761,865.4322396,0.714
166,W4n,June,Living,2338002.906,1348758.24,0.24057973,-11.25084468,7.695381993,33.16336314,22.58882759,0.010792801,0.351932775,2092.953283,0.718
169,T4n,June,Living,2338002.837,1348760.669,1.19506415,-16.57353205,3.623494665,35.22375361,6.354962714,0.013648839,0.382146995,465.604636,0.715
171,W4n,June,Living,2338001.67,1348759.115,0.21666166,-5.288383222,1.696277883,31.74306933,5.909775087,0.005992999,0.199311546,986.1131441,0.736
178,T2n,June,Living,2337997.753,1348754.273,0.54107219,-12.39177703,5.39863548,35.72383118,5.646332953,0.00340094,0.078164072,1660.227321,0.664
181,T2n,June,Living,2337996.141,1348752.182,0.44639821,-9.577085541,1.884536258,35.36444982,13.75253048,0.01047744,0.275820448,1312.585032,0.605
189,W4n,June,Living,2337991.389,1348746.342,0.46118901,-13.27733201,8.870812129,32.23738225,6.193568976,0.004042283,0.124300616,1532.195659,0.606
190,T4n,June,Living,2337990.939,1348745.704,0.75561584,-16.03903449,7.982903361,34.9849205,7.922326833,0.006316396,0.161813263,1254.247966,0.668
197,T2n,June,Living,2337985.746,1348741.692,2.37058237,-15.23135721,5.540494108,35.74735642,11.73617072,0.00679315,0.163199115,1727.647725,0.682
198,T2n,June,Living,2337986.442,1348742.527,0.647658,-15.43128755,5.079332202,35.60971832,7.542013941,0.007416618,0.181996296,1016.907383,0.666
201,T4n,June,Living,2337988.485,1348745.085,1.19239537,-15.18776601,6.08490319,31.86388016,9.918643569,0.005646438,0.188542027,1756.619584,0.713
203,T4n,June,Living,2337989.856,1348746.793,0.49892185,-14.86388808,6.571576183,31.12105687,6.754989211,0.006830368,0.253601795,988.9641204,0.739
204,T4n,June,Living,2337990.378,1348747.401,0.46976408,-15.70059859,6.964360474,33.00706482,11.36472041,0.007595335,0.241992203,1496.276386,0.695
205,V2n,June,Living,2337991.048,1348748.273,0.27784945,-12.39465768,5.058372779,30.74748612,1.351187405,0.005780097,0.219782662,233.7655242,0.747
211,T4n,June,Living,2337994.365,1348752.423,1.35949411,-16.65278923,5.907311942,32.27289963,12.2699092,0.007857138,0.265268078,1561.625772,0.671
225,T2n,June,Living,2338000.464,1348762.591,0.67631555,-13.4353833,5.373823897,35.24658712,11.64887188,0.008334963,0.21538757,1397.591313,0.73
228,T4n,June,Living,2337998.818,1348760.356,0.50782427,-18.82258527,2.903559988,35.74797058,9.112968013,0.008033158,0.196968281,1134.419165,0.699
229,T4n,June,Living,2337998.315,1348759.686,1.09430137,-15.94646672,5.446124762,35.7310346,12.94654141,0.006290667,0.15062469,2058.055435,0.75
231,W4n,June,Living,2337997.244,1348758.452,0.37655738,-12.76120986,4.606238608,35.72412364,6.365086102,0.007303214,0.177170487,871.5458841,0.717
233,W4n,June,Living,2337996.116,1348757.022,0.10805014,-12.47997711,5.132962983,35.15619532,9.009484677,0.005570127,0.13882866,1617.464955,0.733
238,T2n,June,Living,2337992.921,1348753.158,0.14149488,-13.31817314,5.270773067,35.54581579,27.94263239,0.017386953,0.501759933,1607.103464,0.675
248,NA,June,NA,NA,NA,NA,NA,NA,34.37245687,15.96971137,0.009259093,0.263706475,1724.759798,0.688
252,W4n,June,Living,2337985.219,1348743.58,0.43453318,-13.71436216,3.398373388,32.51548894,8.649398406,0.003783509,0.118559389,2286.078253,0.713
255,W4n,June,Living,2337985.864,1348746.569,1.06247645,-16.13142759,5.944376407,32.66597112,6.933628195,0.004160366,0.129522322,1666.590785,0.687
257,T2n,June,Living,2337987.029,1348748.036,0.54852157,-14.19810828,7.929577724,32.79316584,14.37291903,0.006807817,0.219851977,2111.237675,0.707
258,T4n,June,Living,2337987.464,1348748.601,0.38647417,-17.38268794,7.475926836,31.72169749,8.654488336,0.003902882,0.133537193,2217.460927,0.688
260,T4n,June,Living,2337988.698,1348750.265,0.7535896,-16.83235005,3.677367323,35.13764953,14.97948731,0.00630991,0.160133497,2373.962244,0.707
262,W4n,June,Living,2337989.908,1348751.592,1.24987201,-17.49355074,7.029247198,35.20839691,18.97005599,0.011605605,0.317295013,1634.559899,0.675
264,T2n,June,Living,2337991.002,1348753.025,0.91568755,-10.435763,11.98569954,32.38022868,16.38709225,0.006534278,0.219583682,2507.86566,0.638
268,T4n,June,Living,2337993.226,1348755.871,0.72494545,-16.24262541,7.104579781,31.56979688,14.29280633,0.007199643,0.269749547,1985.210332,0.711
269,T2n,June,Living,2337993.88,1348756.662,2.38574086,-18.93877036,7.679417928,33.90873973,16.06462171,0.014137932,0.464396758,1136.27807,0.71
272,W4n,June,Living,2337995.518,1348758.694,0.42249384,-14.29136039,5.7472853,32.24489339,16.96211004,0.009114422,0.327693849,1861.018661,0.683
275,T4n,June,Living,2337997.172,1348760.869,0.44733006,-17.36924237,6.064276753,35.50021235,12.66887123,0.006095539,0.149163733,2078.384195,0.707
276,T2n,June,Living,2337997.746,1348761.607,0.94499884,-17.18463924,5.958833279,33.94044495,10.30132231,0.011178894,0.346327522,921.4974496,0.67
283,T4n,June,Living,2337996.534,1348762.569,0.67639662,-14.43179961,3.238545906,30.77693558,11.47146659,0.007671433,0.315651735,1495.348599,0.693
294,T2n,June,Living,2337990.419,1348754.789,1.84360423,-17.44349061,4.836583632,33.72066117,3.995348703,0.001780677,0.047957446,2243.724551,0.718
296,W4n,June,Recent,2337989.347,1348753.358,0.10311958,-14.28159839,5.320780934,34.75059764,12.67653634,0.009807746,0.272074149,1292.502556,0.616
299,W4n,June,Living,2337987.419,1348751.032,0.70316563,-15.74161145,3.742022956,32.72552617,13.56466853,0.00963044,0.330379279,1408.520074,0.644
300,T4n,June,Living,2337986.942,1348750.44,0.67645569,-14.00903417,6.496249775,32.77480825,12.99222918,0.009863646,0.338494165,1317.183238,0.669
304,T2n,June,Living,2337984.878,1348747.509,2.25937553,-18.21444923,5.953420311,32.60041682,17.20962846,0.011719446,0.42978481,1468.467705,0.619
309,V2n,June,Living,2337983.482,1348748.721,0.09933472,-12.220511,6.049421382,32.13671875,9.08923655,0.010855954,0.413237571,837.2582298,0.747
319,T4n,June,Living,2337989.167,1348755.565,0.27132949,-13.79828466,8.229267458,35.03616715,6.125167183,0.004842825,0.120744457,1264.792092,0.725
328,T2n,June,Living,2337994.349,1348762.205,1.755196,-16.76694535,6.708359664,37.36394755,10.71944395,0.018456421,0.446636489,580.797542,0.697
331,W4n,June,Living,2337996.167,1348764.204,0.71010806,-15.53824938,4.039834691,32.52296956,11.8448249,0.012475909,0.470544625,949.4158071,0.662
334,T4n,June,Living,2337995.909,1348766.8,0.82838552,-17.2255716,4.957491264,36.95362472,4.735586354,0.008389565,0.184543433,564.4614893,0.719
345,T2n,June,Living,2337989.824,1348758.939,0.48519285,-9.367319873,5.402825289,37.46677526,9.622259646,0.015530294,0.357997806,619.5800058,0.682
347,W4n,June,Living,2337988.657,1348757.495,1.01186783,-17.75551643,6.024527068,33.19934972,11.91259868,0.010765326,0.363003835,1106.571105,0.671
348,T4n,June,Living,2337988.164,1348756.836,0.50660949,-16.17140791,8.364292392,36.50806936,8.839233532,0.00897305,0.207173458,985.0868469,0.696
350,T4n,June,Living,2337986.924,1348755.36,0.92948633,-16.16873918,5.616056591,37.04502869,8.984143,0.005778807,0.1220368,1554.670886,0.71
352,T2n,June,Living,2337985.868,1348754.015,0.48633059,-13.66401196,7.365337141,33.01271693,13.81793051,0.01293454,0.465328819,1068.297018,0.723
355,W4n,June,Living,2337984.163,1348751.669,0.26487994,-18.63085171,2.805750528,36.95900091,8.107927309,0.009086688,0.201696871,892.2863103,0.629
356,W4n,June,Living,2337983.512,1348751.155,0.32617651,-15.54377999,6.793449086,34.50738652,11.43425666,0.010195018,0.291252263,1121.553356,0.683
357,W4n,June,Living,2337983.016,1348750.468,0.52846045,-14.81398974,5.527642453,36.86448034,2.241417888,0.002167206,0.04450965,1034.243276,0.636
359,T2n,June,Living,2337981.728,1348748.961,1.33908419,-16.14561154,5.511830608,34.08083725,7.159236949,0.004291856,0.118608504,1668.098255,0.718
365,NA,June,NA,NA,NA,NA,NA,NA,32.7318484,10.81862967,0.007540287,0.255993101,1434.776972,0.722
370,T4n,June,Living,2337985.209,1348755.491,0.69546664,-15.33529383,7.440727287,34.67475255,6.137278518,0.008978643,0.247090924,683.5419056,0.73
379,V4n,June,Living,2337990.45,1348761.961,0.43923824,-14.51871792,8.300125957,33.48479971,18.28016353,0.014049383,0.499436634,1301.136393,0.697
380,NA,June,NA,NA,NA,NA,NA,NA,36.92596944,14.40204888,0.0133627,0.314868032,1077.779883,0.647
387,W4n,June,Living,2337994.921,1348767.613,0.44276991,-12.86598741,4.786085627,34.9147199,8.975345343,0.006408273,0.165045306,1400.587159,0.651
403,V4n,June,Recent,2337985.324,1348758.028,0.13755961,-12.80001975,5.178854723,33.6374232,20.80573073,0.013513062,0.472608715,1539.675517,0.759
407,T2n,June,Living,2337982.973,1348755.223,0.89858572,-10.15883606,4.172460156,36.651975,13.64740888,0.013216892,0.318504629,1032.573257,0.658
414,V4n,June,Living,2337979.099,1348750.223,0.39667571,-15.40270964,6.737895499,32.65291468,12.94701761,0.014331808,0.581245751,903.3764342,0.728
415,T2n,June,Living,2337977.84,1348751.197,0.95938749,-15.10991374,8.228847263,36.57207997,11.48130778,0.014009248,0.368521903,819.5520205,0.69
418,W4n,June,Living,2337979.498,1348753.384,1.30442522,-16.70449676,6.324572607,36.07052104,8.85771443,0.006572456,0.152465481,1347.702287,0.656
423,T4n,June,Living,2337982.336,1348756.927,1.98086637,-19.15051328,6.063833843,36.96862284,2.407442757,0.003858341,0.085232776,623.95806,0.686
435,W4n,June,Living,2337989.391,1348765.468,0.54071797,-14.93647999,4.635147388,36.20746485,8.697973367,0.006506343,0.158984708,1336.845193,0.662
438,W4n,June,Living,2337991.114,1348767.756,0.36648031,-11.9629576,4.193971722,34.98882548,11.03427959,0.013177843,0.374565204,837.335812,0.7
446,T2n,June,Living,2337989.157,1348767.855,1.73839534,-17.43946105,4.795336992,35.87908681,15.48445029,0.009859726,0.243148657,1570.474706,0.669
457,T2n,June,Living,2337982.955,1348760.034,0.35494881,-18.49503348,5.496663749,34.03464763,17.74210572,0.012444289,0.423904235,1425.722733,0.699
462,W4n,June,Living,2337980.159,1348756.571,0.16692805,-17.04851352,5.300923488,36.42452621,6.079088716,0.007677242,0.175054806,791.8324028,0.744
466,T2n,June,Living,2337977.937,1348753.642,1.27154222,-15.35299001,6.126745875,35.07226436,9.451411543,0.006334452,0.174086619,1492.064514,0.721
468,T4n,June,Living,2337976.635,1348752.174,0.90560605,-17.62400677,4.859320454,33.68848673,8.597645602,0.006660726,0.213430624,1290.797134,0.736
6,V4n,July,Living,2338006.902,1348751.167,1.00013888,-6.185788859,3.066867237,45.89681613,5.077777418,0.002660844,0.033933689,1908.333378,0.204129493
8,T2n,July,Living,2338005.907,1348749.519,0.83036558,-5.781836926,6.74014772,37.51570323,12.17783472,0.005032428,0.15093686,2419.872618,0.211573481
23,T4n,July,Living,2337997.381,1348739.03,0.79414819,-11.20675808,9.601859098,37.81642258,4.026428036,0.001431069,0.040123381,2813.580642,0.205028706
25,T2n,July,Living,2337996.145,1348737.628,0.58273318,-5.695339547,8.437849434,999.9,-0.416289043,0.000130401,0.002916958,-3192.376155,0.138807471
33,T2n,July,Living,2337995.468,1348739.359,0.41316835,-0.881893939,4.602844983,999.9,4.040580768,0.002177785,0.05475696,1855.362567,0.201184151
37,T2n,July,Living,2337997.792,1348742.177,1.45929085,-7.37434968,4.016899668,797.1394194,4.464542474,0.001489357,0.037499945,2997.630839,0.187596194
42,T2n,July,Living,2338000.592,1348745.666,2.21440279,-8.556490858,4.158399489,40.17064194,7.156337699,0.00345305,0.084596382,2072.4686,0.213124451
46,T4n,July,Living,2338003.049,1348748.445,0.83687338,-4.195938519,5.441508859,39.85877097,2.555809479,0.001232439,0.031600777,2073.781728,0.223234359
52,T2n,July,Living,2338006.42,1348752.84,0.61958899,-2.808100313,2.295364319,39.55553871,8.792366837,0.003109425,0.087341808,2827.650397,0.21725207
53,T4n,July,Living,2338007.076,1348753.387,0.18444164,5.436042105,5.014342342,39.23601613,8.767590332,0.004055423,0.137390768,2161.942252,0.202131551
54,T4n,July,Living,2338007.494,1348754.276,1.18687068,-10.1852473,6.399578493,39.68012903,3.654272317,0.002029009,0.06520114,1801.01336,0.163916343
56,W4n,July,Living,2338008.511,1348755.431,0.79353113,-11.43530562,2.683614956,41.53203871,0.705287883,0.000957976,0.023449917,736.2270902,0.089668135
57,W4n,July,Living,2338007.567,1348756.785,0.58841959,-15.84979484,4.935891152,521.5944758,2.665331266,0.00139858,0.036889038,1905.741013,0.051333105
59,T2n,July,Dead,2338006.277,1348755.504,1.07339615,-5.997459165,7.780971138,34.53362581,9.294689295,0.003514724,0.145949133,2644.500477,0.148409771
60,W4n,July,Living,2338005.858,1348754.721,0.41608664,-12.33386766,4.753545281,35.98224355,8.777969977,0.002237991,0.081249954,3922.254369,0.180130878
61,T2n,July,Living,2338005.33,1348753.912,1.26698081,-8.508915515,4.294732116,35.83117097,4.215866192,0.000957241,0.020365997,4404.184727,0.138355111
64,T4n,July,Living,2338003.418,1348751.65,0.5082323,-12.10456355,4.453847283,35.93561452,1.903068843,0.001706126,0.046098596,1115.432766,0.155470916
65,T2n,July,Living,2338002.894,1348750.851,0.74739244,-10.56274571,4.163620433,28.1509129,24.69208591,0.003760291,0.269412849,6566.535917,0.245957238
69,W4n,July,Living,2338000.616,1348748.161,0.79566842,-6.97209622,4.701558189,28.23289032,43.66865767,0.006823926,0.498757638,6399.345138,0.203579367
70,W4n,July,Living,2338000.108,1348747.468,0.7552581,-9.280392157,5.937620641,28.07180968,5.60328659,0.000711745,0.042274462,7872.604079,0.198720311
71,W4n,July,Living,2337999.551,1348746.758,1.20530686,-12.19623788,5.055003014,28.30695806,4.471936747,0.000287686,0.016204074,15544.50598,0.286181766
73,T2n,July,Living,2337998.243,1348745.442,1.38954723,-7.845408735,8.306136508,28.39505806,12.59852283,0.001884863,0.113805854,6684.052279,0.284424727
75,T2n,July,Living,2337997.194,1348743.817,1.06915355,-6.96116406,9.216574562,27.52871935,8.625991367,0.000680645,0.047482912,12673.26046,0.243571112
77,T2n,July,Living,2337995.966,1348742.407,0.91408999,-12.45312951,6.444524171,28.89815806,2.181783823,0.000540734,0.031526472,4034.855998,0.150159231
78,W4n,July,Living,2337995.426,1348741.742,0.33836965,-2.546482759,2.828267589,29.72213226,2.583651286,0.000160902,0.008269826,16057.29752,0.17342294
80,W4n,July,Living,2337994.334,1348740.332,1.12355148,-7.114011065,5.929578242,29.26183226,7.729281921,0.000642152,0.036533928,12036.53017,0.242139579
82,T2n,July,Living,2337993.181,1348738.9,0.79568205,-3.8588927,3.214808429,29.32462581,1.868055263,-6.70E-05,-0.003777715,-27881.42184,0.174804839
85,T2n,July,Living,2337991.135,1348738.913,1.72035271,-15.60320145,4.966550645,29.0132871,13.01411019,0.002099263,0.139976726,6199.371013,0.238573655
86,T4n,July,Living,2337991.84,1348739.546,0.57395635,-13.30270564,4.212795794,28.66997419,9.646584535,0.00079956,0.052733102,12064.86635,0.245504112
87,T4n,July,Living,2337992.175,1348740.06,0.68099233,-8.577447052,7.816292627,30.29652258,-0.093642965,0.000528772,0.026450865,-177.0951658,-0.311905925
88,T2n,July,Living,2337992.622,1348740.733,1.05089165,-11.99558346,7.2230667,25.09876251,4.130754821,0.001144766,NA,3608.383566,NA
89,T4n,July,Living,2337993.236,1348741.31,0.96364834,-7.458723748,6.142859138,25.22661591,-0.204497775,-0.000145509,NA,1405.396058,NA
90,T2n,July,Living,2337993.763,1348742.074,0.28070273,-9.107722222,3.536702784,25.48465538,1.364643289,0.000633387,NA,2154.517363,NA
92,T4n,July,Living,2337995.039,1348743.768,0.41149301,-15.49992424,6.998923545,25.73396206,3.195573807,0.000828131,NA,3858.778149,NA
93,W4n,July,Living,2337995.42,1348744.352,0.85407417,-7.343060109,9.420886757,25.61676788,2.733659324,0.000854834,NA,3197.883243,NA
95,T4n,July,Living,2337996.657,1348745.644,0.57023017,-5.011346548,6.378306822,25.75426674,4.259509525,0.001901624,NA,2239.932566,NA
99,T4n,July,Living,2337999.132,1348748.486,0.5555888,-3.085654008,2.282564409,25.45584679,2.245795163,0.000482194,NA,4657.451488,NA
106,T2n,July,Living,2338002.887,1348753.404,0.93242948,-12.25258239,5.14802364,24.19816589,3.731750346,0.000987347,NA,3779.573287,NA
107,T2n,July,Living,2338003.372,1348754.127,0.8274945,-6.560206282,6.878640322,24.41758728,4.262286124,0.001113878,NA,3826.52869,NA
110,T2n,July,Living,2338005.13,1348756.262,0.53753863,-9.885119306,10.94127182,24.60422516,0.753456275,0.000715178,NA,1053.522724,NA
114,T2n,July,Living,2338004.646,1348757.878,0.77852526,-11.00606786,11.33118068,29.31432152,4.591744219,0.001332174,NA,3446.805161,NA
116,T2n,July,Living,2338003.415,1348756.609,1.71525307,-13.30236627,8.558117694,516.0715,6.488519129,0.001175593,0.034869599,5519.358425,0.287019357
122,NA,July,NA,NA,NA,NA,NA,NA,34.58765,4.929715893,0.000617942,0.017454752,7977.635268,0.284659122
124,T2n,July,Living,2337998.785,1348750.826,1.64312086,-9.294841757,8.819315323,35.11325,6.23868482,0.000744797,0.025566521,8376.356,0.222547902
127,W4n,July,Living,2337997.196,1348748.684,0.79505149,-8.656035329,8.582763931,35.2748,1.764665971,-0.000433726,-0.011631677,-4068.619292,0.255251043
133,T4n,July,Living,2337993.813,1348744.402,0.91748177,-7.529945032,8.445817617,35.33655,5.297106726,0.001194215,0.033135444,4435.639082,0.247972095
135,NA,July,NA,NA,NA,NA,NA,NA,46.08223333,2.955834899,0.001134327,0.030216956,2605.804939,0.126443822
136,W4n,July,Living,2337992.13,1348742.306,0.47763839,-13.80947111,6.737449798,36.8986,2.251428437,8.59E-05,0.00312239,26209.87703,0.200849825
142,T2n,July,Living,2337989.151,1348741.19,0.40796494,-13.93244275,7.472653249,37.6298,0.420536092,-0.001678506,-0.035319954,-250.5419057,0.132592644
151,T2n,July,Living,2337994.302,1348747.512,0.94491595,-18.58081515,6.595323211,36.05505,9.966462259,0.002105588,0.056822218,4733.339219,0.24907345
152,T4n,July,Living,2337994.962,1348748.122,1.17351155,-12.17238538,11.1053273,35.7726,3.55946405,0.000791123,0.02067717,4499.25492,0.28998088
153,T2n,July,Living,2337995.531,1348748.998,0.38034308,-3.712131148,9.585871222,35.6244,2.231213614,0.000666446,0.016484528,3347.928585,0.237566906
158,T4n,July,Living,2337998.5,1348752.543,2.33077198,-15.65139519,11.81245383,38.002,1.090569027,-0.000342933,-0.008396354,-3180.122727,0.091073118
159,T4n,July,Living,2337998.984,1348753.203,0.54934629,-9.622995032,11.31475209,38.81603333,3.134290414,0.001677638,0.038069762,1868.275763,0.188406567
161,T2n,July,Living,2337999.946,1348754.494,0.8775527,-11.77315626,10.69622882,38.05675,5.228191249,0.001586798,0.039010882,3294.805797,0.331328496
162,T2n,July,Living,2338000.684,1348755.47,1.12337343,-11.54137764,7.177481133,37.5227,0.561329255,0.000170844,0.003330148,3285.624634,0.204833264
164,T4n,July,Living,2338001.804,1348756.871,0.86168264,-11.94608303,8.595647197,37.87785,3.021092716,-0.000506501,-0.011876809,-5964.63327,0.196654413
169,T4n,July,Living,2338002.837,1348760.669,1.19506415,-7.999085864,6.158333944,999.9,2.42865561,0.00124166,0.02726739,1955.974752,0.130964067
170,T2n,July,Living,2338002.18,1348759.916,1.35178975,-13.20796552,7.273895325,35.207,8.535015803,0.002897493,0.067272042,2945.655366,0.30294364
173,T2n,July,Living,2338000.574,1348757.772,1.49079925,-14.66434965,13.96704761,167.161,4.468345864,0.001527306,0.032085076,2925.638912,0.309058988
178,T2n,July,Living,2337997.753,1348754.273,0.54107219,-0.005103943,4.842522087,114.829,4.486682124,0.001130107,0.024011437,3970.13922,0.245468666
184,T2n,July,Living,2337994.444,1348750.012,0.46560656,-13.36917155,9.177119901,999.9,5.222447311,0.001421825,0.03317224,3673.059139,0.234343205
187,T2n,July,Living,2337992.507,1348747.822,0.57823414,-8.344989913,12.94562745,33.8271,7.965489171,0.00191226,0.047982978,4165.484385,0.28232677
189,W4n,July,Living,2337991.389,1348746.342,0.46118901,-8.615441548,9.356893731,34.4294,7.948705845,0.001925352,0.046443465,4128.442926,0.294053489
190,T4n,July,Living,2337990.939,1348745.704,0.75561584,-11.80163055,9.363227815,999.9,5.935432639,0.001428283,0.031793912,4155.641871,0.238762048
194,T2n,July,Living,2337988.673,1348742.961,0.19600261,1.213333333,0.052266667,36.7638,1.725767199,0.000525767,0.011496661,3282.380216,0.2537373
195,T2n,July,Living,2337988.139,1348742.302,1.37906637,-9.810680923,8.186447171,999.9,2.716244712,0.000500437,0.011414308,5427.745574,0.259410555
197,T2n,July,Living,2337985.746,1348741.692,2.37058237,-14.56863621,6.737285701,999.9,4.491823361,0.000863237,0.020446836,5203.46482,0.202835638
198,T2n,July,Living,2337986.442,1348742.527,0.647658,-14.10419104,7.898111832,999.9,11.46860765,0.002205266,0.054858865,5200.555239,0.350174277
199,T2n,July,Living,2337987.274,1348743.553,0.35043458,-4.628628319,7.365053259,999.9,8.808713378,0.001541098,0.036977854,5715.868412,0.253435107
200,T2n,July,Living,2337987.721,1348744.152,0.91848572,-11.08484184,5.214844134,999.9,8.52217768,0.00162196,0.03895421,5254.246517,0.251105042
201,T4n,July,Living,2337988.485,1348745.085,1.19239537,-5.513840131,8.216470874,999.9,1.594968931,-0.000925153,-0.020548802,-1724.005576,0.190577726
203,T4n,July,Living,2337989.856,1348746.793,0.49892185,-7.916542056,8.118610529,37.0465,4.138839677,0.000120663,0.002622337,34300.81862,0.224403275
204,T4n,July,Living,2337990.378,1348747.401,0.46976408,-6.441285008,7.403119818,99.4379,4.074032699,0.000575444,0.011866802,7079.807417,0.291136412
205,V2n,July,Living,2337991.048,1348748.273,0.27784945,-6.895933148,4.874616762,67.4994,3.936040518,0.000357599,0.00707954,11006.85549,0.222801431
208,T2n,July,Living,2337992.509,1348750.279,1.49991758,-10.61595839,7.055417536,89.1994,8.871654226,0.001827923,0.037814955,4853.406968,0.275523627
211,T4n,July,Living,2337994.365,1348752.423,1.35949411,-8.376977676,6.654294977,999.9,1.365947862,-1.38E-05,-0.000259979,-98981.72913,0.147799561
215,T2n,July,Living,2337996.505,1348755.122,1.02417525,-16.22552222,8.780312991,39.4792,5.309161768,0.001468313,0.030582298,3615.824261,0.235750801
216,W4n,July,Living,2337997.144,1348755.812,0.56611618,-11.81935661,6.765722951,35.6866,2.45885583,-0.001024611,-0.019778711,-2399.794488,0.296235246
218,T2n,July,Living,2337998.238,1348757.287,2.07056044,-8.91106183,9.625814208,35.5479,7.389588898,-0.000260924,-0.005355138,-28320.84783,0.296728042
225,T2n,July,Living,2338000.464,1348762.591,0.67631555,-16.37841893,4.900558977,33.3896,6.671065523,0.001844308,0.050004324,3617.110332,0.18950407
226,T2n,July,Living,2337999.974,1348761.789,1.71323674,-8.698393829,9.299681481,614.03,6.685861317,0.001827527,0.049153502,3658.419994,0.169549007
228,T4n,July,Living,2337998.818,1348760.356,0.50782427,-8.368275862,6.589991668,37.3061,7.475538485,0.001924945,0.050548227,3883.507573,0.127394352
229,T4n,July,Living,2337998.315,1348759.686,1.09430137,-12.30295665,5.456683742,32.9232,3.158702914,0.001008394,0.025278414,3132.409469,0.120855491
231,W4n,July,Living,2337997.244,1348758.452,0.37655738,-1.882396694,4.450689818,32.1186,2.048642749,0.000411701,0.009991154,4976.045113,0.101282602
232,W4n,July,Living,2337996.56,1348757.764,0.45504008,-10.53624573,9.005813554,32.0824,8.552249731,0.002265808,0.057704697,3774.481214,0.177241238
241,T2n,July,Living,2337990.928,1348750.75,0.69136945,-9.841960563,5.70809539,30.8299,8.581073715,0.003552794,0.096302224,2415.302918,0.182689835
242,T2n,July,Living,2337990.626,1348750.278,0.37087387,-15.94141372,3.030140286,30.499,6.317155723,0.001375465,0.034552628,4592.741889,0.175640906
246,T2n,July,Living,2337988.563,1348747.858,0.93096809,-6.735077309,7.239550923,35.4085,8.242459013,0.002330798,0.060088797,3536.324904,0.201303609
248,NA,July,NA,NA,NA,NA,NA,NA,42.6512,3.970836366,0.00104796,0.02551619,3789.110621,0.112650916
252,W4n,July,Living,2337985.219,1348743.58,0.43453318,-3.702692998,3.553831677,31.7409,3.038804319,0.001445363,0.03564253,2102.450609,0.126667034
255,W4n,July,Living,2337985.864,1348746.569,1.06247645,-9.423619048,5.852194466,31.2281,8.514743813,0.002105506,0.053312268,4044.036832,0.130620042
257,T2n,July,Living,2337987.029,1348748.036,0.54852157,-12.28309879,9.849712546,31.267,8.659311925,0.00257122,0.065059884,3367.783358,0.160810111
258,T4n,July,Living,2337987.464,1348748.601,0.38647417,-6.922419355,9.335166624,31.445,4.955991904,0.001165772,0.027939452,4251.253164,0.159084961
260,T4n,July,Living,2337988.698,1348750.265,0.7535896,-8.660590368,4.952591095,33.1195,3.325717727,0.00087726,0.020780027,3791.028574,0.19013611
262,W4n,July,Living,2337989.908,1348751.592,1.24987201,-17.28978525,4.995171784,31.4524,9.121074662,0.003231711,0.081703521,2822.367056,0.177730534
263,T2n,July,Living,2337990.514,1348752.315,1.08476629,-8.464301075,6.399564174,36.7955,9.867565004,0.003260665,0.077601335,3026.243114,0.189763405
264,T2n,July,Living,2337991.002,1348753.025,0.91568755,-1.546100255,2.701867695,33.5914,4.198533349,0.001358093,0.029658676,3091.491782,0.15673923
268,T4n,July,Living,2337993.226,1348755.871,0.72494545,-13.62776824,5.071158618,33.9916,13.75731828,0.003848673,0.088005402,3574.561487,0.194065231
269,T2n,July,Living,2337993.88,1348756.662,2.38574086,-12.6737292,8.137667637,34.0103,9.135101443,0.00234317,0.051968534,3898.608058,0.244134765
271,W4n,July,Living,2337995.05,1348757.988,0.6140544,-5.250553083,7.292867865,63.2682,5.978791905,0.001684866,0.034841885,3548.526651,0.209368651
272,W4n,July,Living,2337995.518,1348758.694,0.42249384,-12.76084637,8.221050108,424.915,5.961037649,0.002216139,0.045030748,2689.830218,0.224218099
273,T2n,July,Living,2337996.036,1348759.521,1.94951846,-12.95692737,7.402146903,34.8723,6.985445478,0.002390131,0.047625434,2922.620341,0.259988318
274,T2n,July,Living,2337996.803,1348760.278,0.24721382,-5.506624606,8.320618845,44.2993,7.138231722,0.003570413,0.0738025,1999.273396,0.19751106
275,T4n,July,Living,2337997.172,1348760.869,0.44733006,-14.69022609,7.607629027,43.2932,9.44326729,0.003243503,0.064474231,2911.440899,0.182798118
276,T2n,July,Living,2337997.746,1348761.607,0.94499884,-12.01602633,11.41001115,999.9,11.35725194,0.0042395,0.085386113,2678.913065,0.214215798
304,T2n,August,Living,2337984.878,1348747.509,2.25937553,-15.87171103,9.873779775,41.17975616,-0.418296763,0.000361594,0.005046082,-1156.814408,0.642
309,V2n,August,Living,2337983.482,1348748.721,0.09933472,-1.114631579,0.37769697,41.12687301,7.221487895,0.008037362,0.118263439,898.4898521,0.698
319,T4n,August,Living,2337989.167,1348755.565,0.27132949,-5.257696268,10.37469664,41.20502854,0.282608635,-1.20E-06,-1.77E-05,-235531.4035,0.431
328,T2n,August,Living,2337994.349,1348762.205,1.755196,-11.90665212,8.433537382,39.38797633,0.220016347,-0.000407127,-0.006540917,-540.4120745,0.741
331,W4n,August,Living,2337996.167,1348764.204,0.71010806,-10.3596809,3.174627961,38.76506805,-1.072869696,-0.001485367,-0.024824359,722.2928321,0.53
334,T4n,August,Living,2337995.909,1348766.8,0.82838552,-13.31443697,5.150977753,38.29734167,1.650377626,0.000223581,0.003942101,7381.564738,0.471
345,T2n,August,Living,2337989.824,1348758.939,0.48519285,-7.078487455,3.914481831,37.87554423,0.830952676,-0.000595655,-0.010808535,-1395.023422,0.521
347,W4n,August,Living,2337988.657,1348757.495,1.01186783,-11.09816143,10.23855722,37.98407237,0.12517101,-0.000159361,-0.002883969,-785.4573692,0.625
348,T4n,August,Living,2337988.164,1348756.836,0.50660949,-11.02661623,9.782388846,37.71237182,1.586099203,-0.000269066,-0.004978242,-5894.840553,0.535
350,T4n,August,Living,2337986.924,1348755.36,0.92948633,-14.67614579,6.092085802,37.18180593,-0.757267374,0.000462539,0.009035592,-1637.195628,0.719
352,T2n,August,Living,2337985.868,1348754.015,0.48633059,-9.060099857,6.92916957,37.17347844,-1.675695131,0.000145229,0.002834821,-11538.26911,0.686
355,W4n,August,Living,2337984.163,1348751.669,0.26487994,-11.41352632,6.687669568,37.02048238,-0.518691211,0.000333266,0.006606689,-1556.386467,0.538
356,W4n,August,Living,2337983.512,1348751.155,0.32617651,-12.99672377,9.404802563,37.58305359,2.06347337,-0.000738625,-0.013977293,-2793.668466,0.52
357,W4n,August,Living,2337983.016,1348750.468,0.52846045,-11.10025607,9.785814751,37.40148926,2.393223569,0.000167503,0.003254369,14287.67444,0.625
359,T2n,August,Living,2337981.728,1348748.961,1.33908419,-14.97383576,8.969900616,37.14481227,3.322701629,0.000424486,0.008481557,7827.594404,0.681
362,NA,August,NA,NA,NA,NA,NA,NA,37.29724375,0.428618042,0.000885929,0.017646765,483.8061298,0.612
365,NA,August,NA,NA,NA,NA,NA,NA,36.86222585,3.431473988,0.001952238,0.040949638,1757.712937,0.674
370,T4n,August,Living,2337985.209,1348755.491,0.69546664,-9.907274549,8.010075675,36.85850143,0.44843042,-0.000428256,-0.008731165,-1047.108318,0.57
379,V4n,August,Living,2337990.45,1348761.961,0.43923824,-12.13370955,6.655685665,37.47488531,2.895875574,0.000615573,0.012139002,4704.355139,0.437
380,NA,August,NA,NA,NA,NA,NA,NA,38.37093607,4.237704424,0.000947648,0.017865737,4471.814339,0.608
387,W4n,August,Living,2337994.921,1348767.613,0.44276991,-8.553937008,12.12350158,39.12331518,1.390163212,-0.000682699,-0.012101942,-2036.275447,0.455
403,V4n,August,Recent,2337985.324,1348758.028,0.13755961,-5.255316456,3.874115502,40.54108683,2.697811167,0.000915372,0.01514582,2947.228214,0.514
407,T2n,August,Living,2337982.973,1348755.223,0.89858572,-7.602599768,4.401905062,40.31464513,5.111795356,0.002188411,0.037242899,2335.847954,0.704
414,V4n,August,Living,2337979.099,1348750.223,0.39667571,-6.317190227,4.519873129,41.25595093,0.664653743,0.000987412,0.015491008,673.1268393,0.599
415,T2n,August,Living,2337977.84,1348751.197,0.95938749,-13.06093301,5.140693351,41.58309428,0.412789618,-0.000328442,-0.004970314,-1256.812578,0.592
418,W4n,August,Living,2337979.498,1348753.384,1.30442522,-11.49010163,7.401741716,41.3177592,1.487575696,0.000398455,0.006199876,3733.356216,0.596
423,T4n,August,Living,2337982.336,1348756.927,1.98086637,-12.78243641,7.05342011,42.28320821,2.329526999,0.001224352,0.017756439,1902.661162,0.639
435,W4n,August,Living,2337989.391,1348765.468,0.54071797,-5.216897881,4.583637662,41.94258626,1.61484174,-0.001545917,-0.022590582,-1044.584795,0.691
438,W4n,August,Living,2337991.114,1348767.756,0.36648031,-7.206571429,2.16526673,42.08477402,0.716046131,-0.000505472,-0.007439315,-1416.590045,0.714
445,W4n,August,Living,2337989.837,1348768.529,0.8953003,-12.99215781,5.056096386,42.77539953,1.874325783,0.000724009,0.010345969,2588.815586,0.723
446,T2n,August,Living,2337989.157,1348767.855,1.73839534,-13.1735323,3.727452813,42.7656072,-0.435649761,-6.71E-05,-0.000955434,6489.646616,0.563
457,T2n,August,Living,2337982.955,1348760.034,0.35494881,-11.65066667,5.306186939,42.71648916,-0.892266533,-0.000586521,-0.008319635,1521.287456,0.696
462,W4n,August,Living,2337980.159,1348756.571,0.16692805,-12.85304802,3.813767259,42.02761332,-1.452866459,-0.001384999,-0.020564606,1049.001811,0.544
466,T2n,August,Living,2337977.937,1348753.642,1.27154222,-12.33468271,9.84635328,42.13090133,2.72752251,0.000707259,0.010572379,3856.467326,0.702
468,T4n,August,Living,2337976.635,1348752.174,0.90560605,-14.21618098,5.937401823,42.18262863,0.517271524,-1.10E-05,-0.00016291,-47034.80364,0.641