"","Paired","Garden Plant ID","2020 STATUS","Project","Location","Subspecies","Year","Plant","Ploidy","Subsp_ploidy","Patch","Date","Veg_Type","Collection","DNA Concentration (ng/uL)","Description","Plant Group","Site","Latitude","Longitude","Elevation (m)","effective_species","cluster_assignments"
"AZT.1.10_2012",FALSE,423,"A","OCG","AZ","T","2012","AZT.1.10","4n","T_4n",NA,NA,NA,NA,156.2,"AZT.1.10_2012","AZT-1","Desert View",35.91738,-111.77287,1898,74,2
"AZT.1.3_2021",TRUE,159,"","OCG","AZ","T","2021","AZT.1.3","4n","T_4n",NA,NA,NA,NA,158.8,"AZT.1.3_2021","AZT-1","Desert View",35.91738,-111.77287,1898,71,3
"AZT.1.7_2012",TRUE,211,"A","OCG","AZ","T","2012","AZT.1.7","4n","T_4n",NA,NA,NA,NA,26.1,"AZT.1.7_2012","AZT-1","Desert View",35.91738,-111.77287,1898,64,3
"AZT.1.7_2021",TRUE,211,"","OCG","AZ","T","2021","AZT.1.7","4n","T_4n",NA,NA,NA,NA,15.3,"AZT.1.7_2021","AZT-1","Desert View",35.91738,-111.77287,1898,68,3
"AZTW.1.5_2012",TRUE,54,"A","OCG","AZ","T","2012","AZTW.1.5","4n","T_4n",NA,NA,NA,NA,37.6,"AZTW.1.5_2012","AZW-1","Williams",35.82478,-112.13125,1914,62,3
"AZTW.1.5_2021",TRUE,54,"","OCG","AZ","T","2021","AZTW.1.5","4n","T_4n",NA,NA,NA,NA,38.4,"AZTW.1.5_2021","AZW-1","Williams",35.82478,-112.13125,1914,67,3
"AZTW.1.7_2021",TRUE,300,"A","OCG","AZ","T","2021","AZTW.1.7","4n","T_4n",NA,NA,NA,NA,72.3,"AZTW.1.7_2021","AZW-1","Williams",35.82478,-112.13125,1914,67,3
"AZTW.1.8_2012",TRUE,229,"A","OCG","AZ","T","2012","AZTW.1.8","4n","T_4n",NA,NA,NA,NA,27.7,"AZTW.1.8_2012","AZW-1","Williams",35.82478,-112.13125,1914,57,3
"AZTW.1.8_2021",TRUE,229,"","OCG","AZ","T","2021","AZTW.1.8","4n","T_4n",NA,NA,NA,NA,41.6,"AZTW.1.8_2021","AZW-1","Williams",35.82478,-112.13125,1914,57,3
"CAT.1.1_2021",TRUE,388,"","OCG","CA","T","2021","CAT.1.1","2n","T_2n",NA,NA,NA,NA,73.4,"CAT.1.1_2021","CAT-1","Smoke Creek",40.5414,-119.9194,1213,46,2
"CAT.1.5_2012",TRUE,225,"A","OCG","CA","T","2012","CAT.1.5","2n","T_2n",NA,NA,NA,NA,38.5,"CAT.1.5_2012","CAT-1","Smoke Creek",40.5414,-119.9194,1213,44,2
"CAT.1.5_2021",TRUE,225,"","OCG","CA","T","2021","CAT.1.5","2n","T_2n",NA,NA,NA,NA,77.5,"CAT.1.5_2021","CAT-1","Smoke Creek",40.5414,-119.9194,1213,43,2
"CAT.2.4_2012",TRUE,466,"A","OCG","CA","T","2012","CAT.2.4","2n","T_2n",NA,NA,NA,NA,57.2,"CAT.2.4_2012","CAT-2","Benton B",37.7973,-118.5704,1974,30,2
"CAT.2.4_2021",TRUE,466,"","OCG","CA","T","2021","CAT.2.4","2n","T_2n",NA,NA,NA,NA,90.2,"CAT.2.4_2021","CAT-2","Benton B",37.7973,-118.5704,1974,34,2
"CAT.2.9_2021",TRUE,311,"","OCG","CA","T","2021","CAT.2.9","2n","T_2n",NA,NA,NA,NA,56.6,"CAT.2.9_2021","CAT-2","Benton B",37.7973,-118.5704,1974,24,2
"COVW.2.2_2021",TRUE,131,"","OCG","CO","V","2021","COVW.2.2","4n","V_4n",NA,NA,NA,NA,49.1,"COVW.2.2_2021","COW-2","Meeker",40.1813,-108.4555,1788,61,3
"COVW.2.3_2021",TRUE,72,"","OCG","CO","V","2021","COVW.2.3","4n","V_4n",NA,NA,NA,NA,101.3,"COVW.2.3_2021","COW-2","Meeker",40.1813,-108.4555,1788,63,5
"COVW.2.7_2021",TRUE,379,"","OCG","CO","V","2021","COVW.2.7","4n","V_4n",NA,NA,NA,NA,60.7,"COVW.2.7_2021","COW-2","Meeker",40.1813,-108.4555,1788,71,5
"COW.1.2_2021",TRUE,252,"","OCG","CO","W","2021","COW.1.2","4n","W_4n",NA,NA,NA,NA,51.6,"COW.1.2_2021","COW-1","Rifle A",39.6127,-107.81,1790,66,5
"IDT.1.10_2012",TRUE,218,"A","OCG","ID","T","2012","IDT.1.10","2n","T_2n",NA,NA,NA,NA,20.2,"IDT.1.10_2012","IDT-1","Old Oregon Trail Rd",43.09619,-115.65692,949,45,2
"IDT.1.10_2021",TRUE,218,"","OCG","ID","T","2021","IDT.1.10","2n","T_2n",NA,NA,NA,NA,62.2,"IDT.1.10_2021","IDT-1","Old Oregon Trail Rd",43.09619,-115.65692,949,50,1
"IDT.1.2_2021",TRUE,269,"","OCG","ID","T","2021","IDT.1.2","2n","T_2n",NA,NA,NA,NA,59.4,"IDT.1.2_2021","IDT-1","Old Oregon Trail Rd",43.09619,-115.65692,949,44,1
"IDT.1.3_2012",TRUE,328,"A","OCG","ID","T","2012","IDT.1.3","2n","T_2n",NA,NA,NA,NA,57.8,"IDT.1.3_2012","IDT-1","Old Oregon Trail Rd",43.09619,-115.65692,949,47,1
"IDT.1.3_2021",TRUE,328,"","OCG","ID","T","2021","IDT.1.3","2n","T_2n",NA,NA,NA,NA,75.4,"IDT.1.3_2021","IDT-1","Old Oregon Trail Rd",43.09619,-115.65692,949,46,1
"IDT.1.4_2012",FALSE,429,"A","OCG","ID","T","2012","IDT.1.4","2n","T_2n",NA,NA,NA,NA,30.2,"IDT.1.4_2012","IDT-1","Old Oregon Trail Rd",43.09619,-115.65692,949,45,1
"IDT.1.6_2012",TRUE,322,"A","OCG","ID","T","2012","IDT.1.6","2n","T_2n",NA,NA,NA,NA,61.9,"IDT.1.6_2012","IDT-1","Old Oregon Trail Rd",43.09619,-115.65692,949,44,1
"IDT.1.6_2021",TRUE,322,"","OCG","ID","T","2021","IDT.1.6","2n","T_2n",NA,NA,NA,NA,60,"IDT.1.6_2021","IDT-1","Old Oregon Trail Rd",43.09619,-115.65692,949,46,2
"IDT.2.4_2012",TRUE,273,"A","OCG","ID","T","2012","IDT.2.4","2n","T_2n",NA,NA,NA,NA,47.8,"IDT.2.4_2012","IDT-2","Orchard",43.33708,-116.00814,939,43,1
"IDT.2.4_2021",TRUE,273,"","OCG","ID","T","2021","IDT.2.4","2n","T_2n",NA,NA,NA,NA,NA,"IDT.2.4_2021","IDT-2","Orchard",43.33708,-116.00814,939,41,2
"IDT.3.3_2012",FALSE,230,"D","OCG","ID","T","2012","IDT.3.3","2n","T_2n",NA,NA,NA,NA,14.6,"IDT.3.3_2012","IDT-3","Hwy 95 hilltop",43.3366,-116.9641,1358,46,1
"IDT.3.5_2012",TRUE,199,"A","OCG","ID","T","2012","IDT.3.5","2n","T_2n",NA,NA,NA,NA,46.4,"IDT.3.5_2012","IDT-3","Hwy 95 hilltop",43.3366,-116.9641,1358,42,1
"IDT.3.5_2021",TRUE,199,"","OCG","ID","T","2021","IDT.3.5","2n","T_2n",NA,NA,NA,NA,67.1,"IDT.3.5_2021","IDT-3","Hwy 95 hilltop",43.3366,-116.9641,1358,42,2
"IDT.3.9_2012",TRUE,441,"A","OCG","ID","T","2012","IDT.3.9","2n","T_2n",NA,NA,NA,NA,114.4,"IDT.3.9_2012","IDT-3","Hwy 95 hilltop",43.3366,-116.9641,1358,39,1
"IDW.1.2_2021",TRUE,387,"","OCG","ID","W","2021","IDW.1.2","4n","W_4n",NA,NA,NA,NA,42,"IDW.1.2_2021","IDW-1","Old Oregon Trail Rd",43.0931,-115.6528,963,58,2
"IDW.1.4_2021",TRUE,347,"","OCG","ID","W","2021","IDW.1.4","4n","W_4n",NA,NA,NA,NA,76.8,"IDW.1.4_2021","IDW-1","Old Oregon Trail Rd",43.0931,-115.6528,963,61,4
"IDW.1.5_2021",TRUE,262,"","OCG","ID","W","2021","IDW.1.5","4n","W_4n",NA,NA,NA,NA,67.2,"IDW.1.5_2021","IDW-1","Old Oregon Trail Rd",43.0931,-115.6528,963,50,2
"IDW.1.6_2021",TRUE,392,"","OCG","ID","W","2021","IDW.1.6","4n","W_4n",NA,NA,NA,NA,73.8,"IDW.1.6_2021","IDW-1","Old Oregon Trail Rd",43.0931,-115.6528,963,52,2
"IDW.1.7_2021",TRUE,63,"","OCG","ID","W","2021","IDW.1.7","4n","W_4n",NA,NA,NA,NA,86.2,"IDW.1.7_2021","IDW-1","Old Oregon Trail Rd",43.0931,-115.6528,963,67,2
"IDW.2.3_2021",TRUE,60,"","OCG","ID","W","2021","IDW.2.3","4n","W_4n",NA,NA,NA,NA,155.5,"IDW.2.3_2021","IDW-2","Orchard Enclosure ",43.3274,-116.0037,977,58,2
"IDW.3.10_2021",TRUE,233,"","OCG","ID","W","2021","IDW.3.10","4n","W_4n",NA,NA,NA,NA,69.2,"IDW.3.10_2021","IDW-3","Sommer Camp Rd",43.4657,-116.8531,870,64,2
"IDW.3.4_2021",TRUE,372,"","OCG","ID","W","2021","IDW.3.4","4n","W_4n",NA,NA,NA,NA,49.5,"IDW.3.4_2021","IDW-3","Sommer Camp Rd",43.4657,-116.8531,870,62,2
"IDW.3.6_2021",TRUE,70,"","OCG","ID","W","2021","IDW.3.6","4n","W_4n",NA,NA,NA,NA,51.3,"IDW.3.6_2021","IDW-3","Sommer Camp Rd",43.4657,-116.8531,870,46,2
"IDW.3.8_2021",TRUE,93,"","OCG","ID","W","2021","IDW.3.8","4n","W_4n",NA,NA,NA,NA,33.5,"IDW.3.8_2021","IDW-3","Sommer Camp Rd",43.4657,-116.8531,870,65,2
"MTT.1.6_2021",TRUE,172,"","OCG","MT","T","2021","MTT.1.6","2n","T_2n",NA,NA,NA,NA,41,"MTT.1.6_2021","MTT-1","Bridger Crk",45.2056,-108.8256,1240,55,2
"MTW.1.2_2021",TRUE,366,"","OCG","MT","W","2021","MTW.1.2","4n","W_4n",NA,NA,NA,NA,103.4,"MTW.1.2_2021","MTW-1","Powderville",45.6545,-105.1545,972,61,3
"MTW.3.4_2021",TRUE,166,"","OCG","MT","W","2021","MTW.3.4","4n","W_4n",NA,NA,NA,NA,56.5,"MTW.3.4_2021","MTW-3","Pryor Mtn",45.2066,-108.7832,1458,66,3
"NMT.1.6_2021",TRUE,190,"","OCG","NM","T","2021","NMT.1.6","4n","T_4n",NA,NA,NA,NA,32.4,"NMT.1.6_2021","NMT-1","Penistaja",35.9802,-107.2257,2122,64,3
"NMT.1.9_2012",TRUE,113,"A","OCG","NM","T","2012","NMT.1.9","4n","T_4n",NA,NA,NA,NA,43,"NMT.1.9_2012","NMT-1","Penistaja",35.9802,-107.2257,2122,57,3
"NMT.1.9_2021",TRUE,113,"","OCG","NM","T","2021","NMT.1.9","4n","T_4n",NA,NA,NA,NA,56.1,"NMT.1.9_2021","NMT-1","Penistaja",35.9802,-107.2257,2122,63,3
"NMT.2.3_2021",TRUE,53,"","OCG","NM","T","2021","NMT.2.3","4n","T_4n",NA,NA,NA,NA,27.4,"NMT.2.3_2021","NMT-2","San Luis Mesa",35.7572,-107.1478,1979,39,3
"NMT.2.4_2012",TRUE,201,"A","OCG","NM","T","2012","NMT.2.4","4n","T_4n",NA,NA,NA,NA,59.5,"NMT.2.4_2012","NMT-2","San Luis Mesa",35.7572,-107.1478,1979,66,3
"NMT.2.4_2021",TRUE,201,"","OCG","NM","T","2021","NMT.2.4","4n","T_4n",NA,NA,NA,NA,109.7,"NMT.2.4_2021","NMT-2","San Luis Mesa",35.7572,-107.1478,1979,64,3
"NMT.2.5_2021",TRUE,23,"","OCG","NM","T","2021","NMT.2.5","4n","T_4n",NA,NA,NA,NA,31.6,"NMT.2.5_2021","NMT-2","San Luis Mesa",35.7572,-107.1478,1979,44,3
"NMT.2.6_2021",TRUE,99,"","OCG","NM","T","2021","NMT.2.6","4n","T_4n",NA,NA,NA,NA,30.3,"NMT.2.6_2021","NMT-2","San Luis Mesa",35.7572,-107.1478,1979,64,3
"NMT.2.8_2012",TRUE,164,"A","OCG","NM","T","2012","NMT.2.8","4n","T_4n",NA,NA,NA,NA,47.7,"NMT.2.8_2012","NMT-2","San Luis Mesa",35.7572,-107.1478,1979,58,3
"NMT.2.8_2021",TRUE,164,"","OCG","NM","T","2021","NMT.2.8","4n","T_4n",NA,NA,NA,NA,86,"NMT.2.8_2021","NMT-2","San Luis Mesa",35.7572,-107.1478,1979,46,3
"NVT.1.6_2012",FALSE,302,"D","OCG","NV","T","2012","NVT.1.6","2n","T_2n",NA,NA,NA,NA,23.9,"NVT.1.6_2012","NVT-2","Currant B",38.7971,-115.3921,1797,31,2
"NVTW.1.10_2021",TRUE,450,"","OCG","NV","T","2021","NVTW.1.10","2n","T_2n",NA,NA,NA,NA,115.8,"NVTW.1.10_2021","NVV-1","Austin",39.4728,-117.0497,2412,39,2
"NVTW.1.3_2012",FALSE,234,"D","OCG","NV","T","2012","NVTW.1.3","2n","T_2n",NA,NA,NA,NA,50.3,"NVTW.1.3_2012","NVV-1","Austin",39.4728,-117.0497,2412,55,2
"NVV.2.5_2021",TRUE,205,"","OCG","NV","V","2021","NVV.2.5","2n","V_2n",NA,NA,NA,NA,97.7,"NVV.2.5_2021","NVV-2","Currant V",38.8183,-115.2835,2132,50,5
"ORT.1.1_2012",TRUE,208,"A","OCG","OR","T","2012","ORT.1.1","2n","T_2n",NA,NA,NA,NA,51.4,"ORT.1.1_2012","ORT-1","Jordan Valley",42.9745,-117.1854,1349,48,1
"ORT.1.1_2021",TRUE,208,"","OCG","OR","T","2021","ORT.1.1","2n","T_2n",NA,NA,NA,NA,NA,"ORT.1.1_2021","ORT-1","Jordan Valley",42.9745,-117.1854,1349,50,4
"ORT.1.6_2012",TRUE,394,"A","OCG","OR","T","2012","ORT.1.6","2n","T_2n",NA,NA,NA,NA,33.8,"ORT.1.6_2012","ORT-1","Jordan Valley",42.9745,-117.1854,1349,48,1
"ORT.1.6_2021",TRUE,394,"","OCG","OR","T","2021","ORT.1.6","2n","T_2n",NA,NA,NA,NA,83,"ORT.1.6_2021","ORT-1","Jordan Valley",42.9745,-117.1854,1349,35,2
"ORT.1.9_2012",TRUE,381,"A","OCG","OR","T","2012","ORT.1.9","2n","T_2n",NA,NA,NA,NA,31,"ORT.1.9_2012","ORT-1","Jordan Valley",42.9745,-117.1854,1349,44,1
"ORT.1.9_2021",TRUE,381,"","OCG","OR","T","2021","ORT.1.9","2n","T_2n",NA,NA,NA,NA,49.5,"ORT.1.9_2021","ORT-1","Jordan Valley",42.9745,-117.1854,1349,49,1
"ORT.2.3_2012",TRUE,91,"A","OCG","OR","T","2012","ORT.2.3","2n","T_2n",NA,NA,NA,NA,38.6,"ORT.2.3_2012","ORT-2","Echo",45.7589,-119.2076,223,49,1
"ORT.2.3_2021",TRUE,91,"","OCG","OR","T","2021","ORT.2.3","2n","T_2n",NA,NA,NA,NA,31.4,"ORT.2.3_2021","ORT-2","Echo",45.7589,-119.2076,223,46,4
"ORT.2.4_2012",TRUE,380,"A","OCG","OR","T","2012","ORT.2.4","2n","T_2n",NA,NA,NA,NA,24.6,"ORT.2.4_2012","ORT-2","Echo",45.7589,-119.2076,223,49,1
"ORT.2.4_2021",TRUE,380,"","OCG","OR","T","2021","ORT.2.4","2n","T_2n",NA,NA,NA,NA,65.4,"ORT.2.4_2021","ORT-2","Echo",45.7589,-119.2076,223,45,4
"ORT.2.5_2012",TRUE,248,"A","OCG","OR","T","2012","ORT.2.5","2n","T_2n",NA,NA,NA,NA,28.1,"ORT.2.5_2012","ORT-2","Echo",45.7589,-119.2076,223,45,1
"ORT.2.5_2021",TRUE,248,"","OCG","OR","T","2021","ORT.2.5","2n","T_2n",NA,NA,NA,NA,65.2,"ORT.2.5_2021","ORT-2","Echo",45.7589,-119.2076,223,45,1
"ORT.2.6_2012",FALSE,42,"A","OCG","OR","T","2012","ORT.2.6","2n","T_2n",NA,NA,NA,NA,17.7,"ORT.2.6_2012","ORT-2","Echo",45.7589,-119.2076,223,40,2
"ORT.2.9_2012",TRUE,181,"A","OCG","OR","T","2012","ORT.2.9","2n","T_2n",NA,NA,NA,NA,35.3,"ORT.2.9_2012","ORT-2","Echo",45.7589,-119.2076,223,49,1
"ORT.2.9_2021",TRUE,181,"","OCG","OR","T","2021","ORT.2.9","2n","T_2n",NA,NA,NA,NA,42.9,"ORT.2.9_2021","ORT-2","Echo",45.7589,-119.2076,223,48,4
"ORT.3.1_2012",FALSE,391,"D","OCG","OR","T","2012","ORT.3.1","2n","T_2n",NA,NA,NA,NA,103.5,"ORT.3.1_2012","ORT-3","Beatty Butte T",42.3263,-119.3665,1782,38,2
"ORT.3.10_2012",FALSE,219,"D","OCG","OR","T","2012","ORT.3.10","2n","T_2n",NA,NA,NA,NA,60.4,"ORT.3.10_2012","ORT-3","Beatty Butte T",42.3263,-119.3665,1782,31,2
"ORT.3.5_2012",FALSE,244,"D","OCG","OR","T","2012","ORT.3.5","2n","T_2n",NA,NA,NA,NA,47.9,"ORT.3.5_2012","ORT-3","Beatty Butte T",42.3263,-119.3665,1782,40,2
"ORW.1.1_2021",TRUE,57,"","OCG","OR","W","2021","ORW.1.1","4n","W_4n",NA,NA,NA,NA,47.1,"ORW.1.1_2021","ORW-1","West of Juntura",43.7853,-118.2594,1196,66,4
"UTT.1.1_2021",TRUE,333,"","OCG","UT","T","2021","UTT.1.1","2n","T_2n",NA,NA,NA,NA,65.9,"UTT.1.1_2021","UTT-1","Canyon B",37.9933,-112.5087,2106,32,2
"UTT.1.5_2021",TRUE,25,"","OCG","UT","T","2021","UTT.1.5","2n","T_2n",NA,NA,NA,NA,17.1,"UTT.1.5_2021","UTT-1","Canyon B",37.9933,-112.5087,2106,31,2
"UTT.1.9_2012",TRUE,194,"A","OCG","UT","T","2012","UTT.1.9","2n","T_2n",NA,NA,NA,NA,46.4,"UTT.1.9_2012","UTT-1","Canyon B",37.9933,-112.5087,2106,32,2
"UTT.1.9_2021",TRUE,194,"","OCG","UT","T","2021","UTT.1.9","2n","T_2n",NA,NA,NA,NA,48.7,"UTT.1.9_2021","UTT-1","Canyon B",37.9933,-112.5087,2106,36,2
"UTT.2.3_2012",FALSE,251,"D","OCG","UT","T","2012","UTT.2.3","2n","T_2n",NA,NA,NA,NA,17.9,"UTT.2.3_2012","UTT-2","La Sal B",38.306,-109.3876,1820,33,2
"UTT.3.10_2012",FALSE,338,"A","OCG","UT","T","2012","UTT.3.10","2n","T_2n",NA,NA,NA,NA,40.9,"UTT.3.10_2012","UTT-3","Kanab",37.0402,-112.2642,1618,35,2
"UTT.3.3_2012",FALSE,409,"D","OCG","UT","T","2012","UTT.3.3","2n","T_2n",NA,NA,NA,NA,24.5,"UTT.3.3_2012","UTT-3","Kanab",37.0402,-112.2642,1618,34,2
"UTV.3.5_2021",TRUE,6,"","OCG","UT","V","2021","UTV.3.5","4n","V_4n",NA,NA,NA,NA,58.5,"UTV.3.5_2021","UTV-3","La Sal V",38.3413,-109.2173,2326,44,5
"UTW.1.1_2021",TRUE,296,"","OCG","UT","W","2021","UTW.1.1","4n","W_4n",NA,NA,NA,NA,NA,"UTW.1.1_2021","UTW-1","La Sal W",38.3279,-109.4352,1797,69,5
"UTW.1.10_2021",TRUE,272,"","OCG","UT","W","2021","UTW.1.10","4n","W_4n",NA,NA,NA,NA,77,"UTW.1.10_2021","UTW-1","La Sal W",38.3279,-109.4352,1797,64,5
"UTW.1.4_2021",TRUE,405,"","OCG","UT","W","2021","UTW.1.4","4n","W_4n",NA,NA,NA,NA,73.5,"UTW.1.4_2021","UTW-1","La Sal W",38.3279,-109.4352,1797,62,5
"UTW.2.3_2021",TRUE,343,"","OCG","UT","W","2021","UTW.2.3","4n","W_4n",NA,NA,NA,NA,88.4,"UTW.2.3_2021","UTW-2","Scooby",41.8566,-113.049,1438,55,2
"UTWV.2.1_2021",TRUE,189,"","OCG","UT","W","2021","UTWV.2.1","4n","W_4n",NA,NA,NA,NA,65.7,"UTWV.2.1_2021","UTV-2","Canyon V",37.9933,-112.5087,2118,54,3
"UTWV.2.10_2021",TRUE,56,"","OCG","UT","W","2021","UTWV.2.10","4n","W_4n",NA,NA,NA,NA,36.2,"UTWV.2.10_2021","UTV-2","Canyon V",37.9933,-112.5087,2118,77,3
"UTWV.2.6_2021",TRUE,80,"","OCG","UT","W","2021","UTWV.2.6","4n","W_4n",NA,NA,NA,NA,25.1,"UTWV.2.6_2021","UTV-2","Canyon V",37.9933,-112.5087,2118,67,3
"UTWV.2.7_2021",TRUE,271,"","OCG","UT","W","2021","UTWV.2.7","4n","W_4n",NA,NA,NA,NA,100.7,"UTWV.2.7_2021","UTV-2","Canyon V",37.9933,-112.5087,2118,59,3
"UTWV.2.8_2021",TRUE,216,"","OCG","UT","W","2021","UTWV.2.8","4n","W_4n",NA,NA,NA,NA,87.4,"UTWV.2.8_2021","UTV-2","Canyon V",37.9933,-112.5087,2118,76,3
"WAT.1.3_2012",TRUE,349,"A","OCG","WA","T","2012","WAT.1.3","2n","T_2n",NA,NA,NA,NA,30.7,"WAT.1.3_2012","WAT-1","Lind",46.7419,-118.2278,329,46,1
"WAT.1.3_2021",TRUE,349,"","OCG","WA","T","2021","WAT.1.3","2n","T_2n",NA,NA,NA,NA,103.3,"WAT.1.3_2021","WAT-1","Lind",46.7419,-118.2278,329,41,2
"WAT.1.6_2012",TRUE,192,"A","OCG","WA","T","2012","WAT.1.6","2n","T_2n",NA,NA,NA,NA,20.2,"WAT.1.6_2012","WAT-1","Lind",46.7419,-118.2278,329,48,1
"WAT.1.6_2021",TRUE,192,"","OCG","WA","T","2021","WAT.1.6","2n","T_2n",NA,NA,NA,NA,27,"WAT.1.6_2021","WAT-1","Lind",46.7419,-118.2278,329,47,4
"WAT.2.1_2012",TRUE,158,"A","OCG","WA","T","2012","WAT.2.1","4n","T_4n",NA,NA,NA,NA,66.2,"WAT.2.1_2012","WAT-2","Crab Creek",46.9488,-119.2371,312,34,2
"WAT.2.1_2021",TRUE,158,"","OCG","WA","T","2021","WAT.2.1","4n","T_4n",NA,NA,NA,NA,146.7,"WAT.2.1_2021","WAT-2","Crab Creek",46.9488,-119.2371,312,39,4
"WAT.2.10_2012",FALSE,100,"D","OCG","WA","T","2012","WAT.2.10","4n","T_4n",NA,NA,NA,NA,34.9,"WAT.2.10_2012","WAT-2","Crab Creek",46.9488,-119.2371,312,34,2
"WAT.2.4_2021",TRUE,268,"","OCG","WA","T","2021","WAT.2.4","4n","T_4n",NA,NA,NA,NA,43.5,"WAT.2.4_2021","WAT-2","Crab Creek",46.9488,-119.2371,312,31,2
"WAT.2.7_2012",FALSE,282,"D","OCG","WA","T","2012","WAT.2.7","4n","T_4n",NA,NA,NA,NA,71.1,"WAT.2.7_2012","WAT-2","Crab Creek",46.9488,-119.2371,312,32,2
"WAT.2.8_2021",TRUE,64,"","OCG","WA","T","2021","WAT.2.8","4n","T_4n",NA,NA,NA,NA,114.6,"WAT.2.8_2021","WAT-2","Crab Creek",46.9488,-119.2371,312,51,4
"WAT.2.9_2012",TRUE,169,"A","OCG","WA","T","2012","WAT.2.9","4n","T_4n",NA,NA,NA,NA,20.9,"WAT.2.9_2012","WAT-2","Crab Creek",46.9488,-119.2371,312,40,2
"WAT.2.9_2021",TRUE,169,"","OCG","WA","T","2021","WAT.2.9","4n","T_4n",NA,NA,NA,NA,63.2,"WAT.2.9_2021","WAT-2","Crab Creek",46.9488,-119.2371,312,49,4
"WAW.1.2_2021",TRUE,418,"","OCG","WA","W","2021","WAW.1.2","4n","W_4n",NA,NA,NA,NA,130.6,"WAW.1.2_2021","WAW-1","Saddle Mtn",46.7672,-119.4727,297,33,2
"WAW.1.3_2021",TRUE,356,"","OCG","WA","W","2021","WAW.1.3","4n","W_4n",NA,NA,NA,NA,117.6,"WAW.1.3_2021","WAW-1","Saddle Mtn",46.7672,-119.4727,297,32,2
"WAW.1.6_2021",TRUE,135,"","OCG","WA","W","2021","WAW.1.6","4n","W_4n",NA,NA,NA,NA,65.4,"WAW.1.6_2021","WAW-1","Saddle Mtn",46.7672,-119.4727,297,37,2
