"","Paired","Garden Plant ID","2020 STATUS","Project","Location","Subspecies","Year","Plant","Ploidy","Subsp_ploidy","Patch","Date","Veg_Type","Collection","DNA Concentration (ng/uL)","Description","Plant Group","Site","Latitude","Longitude","Elevation (m)","cluster_assignments"
"AZT.1.10_2012",FALSE,423,"A","OCG","AZ","T","2012","AZT.1.10","4n","T_4n",NA,NA,NA,NA,156.2,"AZT.1.10_2012","AZT-1","Desert View",35.91738,-111.77287,1898,5
"AZT.1.3_2012",TRUE,159,"A","OCG","AZ","T","2012","AZT.1.3","4n","T_4n",NA,NA,NA,NA,NA,"AZT.1.3_2012","AZT-1","Desert View",35.91738,-111.77287,1898,5
"AZT.1.7_2012",TRUE,211,"A","OCG","AZ","T","2012","AZT.1.7","4n","T_4n",NA,NA,NA,NA,26.1,"AZT.1.7_2012","AZT-1","Desert View",35.91738,-111.77287,1898,5
"AZTW.1.5_2012",TRUE,54,"A","OCG","AZ","T","2012","AZTW.1.5","4n","T_4n",NA,NA,NA,NA,37.6,"AZTW.1.5_2012","AZW-1","Williams",35.82478,-112.13125,1914,5
"AZTW.1.7_2012",TRUE,300,"A","OCG","AZ","T","2012","AZTW.1.7","4n","T_4n",NA,NA,NA,NA,11.3,"AZTW.1.7_2012","AZW-1","Williams",35.82478,-112.13125,1914,5
"AZTW.1.8_2012",TRUE,229,"A","OCG","AZ","T","2012","AZTW.1.8","4n","T_4n",NA,NA,NA,NA,27.7,"AZTW.1.8_2012","AZW-1","Williams",35.82478,-112.13125,1914,5
"CAT.1.1_2012",TRUE,388,"A","OCG","CA","T","2012","CAT.1.1","2n","T_2n",NA,NA,NA,NA,78.6,"CAT.1.1_2012","CAT-1","Smoke Creek",40.5414,-119.9194,1213,3
"CAT.1.5_2012",TRUE,225,"A","OCG","CA","T","2012","CAT.1.5","2n","T_2n",NA,NA,NA,NA,38.5,"CAT.1.5_2012","CAT-1","Smoke Creek",40.5414,-119.9194,1213,5
"CAT.2.4_2012",TRUE,466,"A","OCG","CA","T","2012","CAT.2.4","2n","T_2n",NA,NA,NA,NA,57.2,"CAT.2.4_2012","CAT-2","Benton B",37.7973,-118.5704,1974,5
"CAT.2.7_2012",FALSE,47,"D","OCG","CA","T","2012","CAT.2.7","2n","T_2n",NA,NA,NA,NA,22.9,"CAT.2.7_2012","CAT-2","Benton B",37.7973,-118.5704,1974,4
"CAV.1.10_2012",FALSE,48,"D","OCG","CA","V","2012","CAV.1.10","2n","V_2n",NA,NA,NA,NA,22.2,"CAV.1.10_2012","CAV-1","Jack's Valley",40.5049,-120.5617,1535,4
"CAV.1.4_2012",FALSE,130,"D","OCG","CA","V","2012","CAV.1.4","2n","V_2n",NA,NA,NA,NA,24.9,"CAV.1.4_2012","CAV-1","Jack's Valley",40.5049,-120.5617,1535,5
"CAV.1.6_2012",FALSE,217,"D","OCG","CA","V","2012","CAV.1.6","2n","V_2n",NA,NA,NA,NA,24.9,"CAV.1.6_2012","CAV-1","Jack's Valley",40.5049,-120.5617,1535,5
"CAV.1.7_2012",FALSE,401,"D","OCG","CA","V","2012","CAV.1.7","2n","V_2n",NA,NA,NA,NA,19.8,"CAV.1.7_2012","CAV-1","Jack's Valley",40.5049,-120.5617,1535,5
"CAV.1.9_2012",FALSE,128,"D","OCG","CA","V","2012","CAV.1.9","2n","V_2n",NA,NA,NA,NA,22.3,"CAV.1.9_2012","CAV-1","Jack's Valley",40.5049,-120.5617,1535,5
"CAV.2.10_2012",FALSE,121,"D","OCG","CA","V","2012","CAV.2.10","2n","V_2n",NA,NA,NA,NA,19.9,"CAV.2.10_2012","CAV-2","Benton V",37.7234,-118.5926,2330,5
"CAV.2.6_2012",FALSE,458,"D","OCG","CA","V","2012","CAV.2.6","2n","V_2n",NA,NA,NA,NA,25.9,"CAV.2.6_2012","CAV-2","Benton V",37.7234,-118.5926,2330,4
"CAV.3.6_2012",FALSE,126,"D","OCG","CA","V","2012","CAV.3.6","4n","V_4n",NA,NA,NA,NA,18.5,"CAV.3.6_2012","CAV-3","Jucamba",32.6458,-116.1864,827,4
"CAV.4.1_2012",FALSE,293,"D","OCG","CA","V","2012","CAV.4.1","4n","V_4n",NA,NA,NA,NA,20.8,"CAV.4.1_2012","CAV-4","Tejon Pass",34.8251,-118.8724,1120,4
"CAV.4.4_2012",FALSE,132,"D","OCG","CA","V","2012","CAV.4.4","4n","V_4n",NA,NA,NA,NA,14.9,"CAV.4.4_2012","CAV-4","Tejon Pass",34.8251,-118.8724,1120,4
"CAVW.3.1_2012",FALSE,43,"D","OCG","CA","V","2012","CAVW.3.1","2n","V_2n",NA,NA,NA,NA,14.1,"CAVW.3.1_2012","CAW-3","Fredonyer Peak",40.6328,-120.6064,1884,4
"CAVW.3.5_2012",FALSE,177,"D","OCG","CA","V","2012","CAVW.3.5","2n","V_2n",NA,NA,NA,NA,28,"CAVW.3.5_2012","CAW-3","Fredonyer Peak",40.6328,-120.6064,1884,4
"CAVW.3.8_2012",FALSE,358,"D","OCG","CA","V","2012","CAVW.3.8","2n","V_2n",NA,NA,NA,NA,16.8,"CAVW.3.8_2012","CAW-3","Fredonyer Peak",40.6328,-120.6064,1884,4
"COVW.2.2_2012",TRUE,131,"A","OCG","CO","V","2012","COVW.2.2","4n","V_4n",NA,NA,NA,NA,11.8,"COVW.2.2_2012","COW-2","Meeker",40.1813,-108.4555,1788,5
"COVW.2.3_2012",TRUE,72,"A","OCG","CO","V","2012","COVW.2.3","4n","V_4n",NA,NA,NA,NA,19.7,"COVW.2.3_2012","COW-2","Meeker",40.1813,-108.4555,1788,5
"COVW.2.6_2012",FALSE,224,"D","OCG","CO","V","2012","COVW.2.6","4n","V_4n",NA,NA,NA,NA,22.8,"COVW.2.6_2012","COW-2","Meeker",40.1813,-108.4555,1788,5
"COVW.2.7_2012",TRUE,379,"A","OCG","CO","V","2012","COVW.2.7","4n","V_4n",NA,NA,NA,NA,17.4,"COVW.2.7_2012","COW-2","Meeker",40.1813,-108.4555,1788,1
"COW.1.2_2012",TRUE,252,"A","OCG","CO","W","2012","COW.1.2","4n","W_4n",NA,NA,NA,NA,NA,"COW.1.2_2012","COW-1","Rifle A",39.6127,-107.81,1790,4
"COW.1.8_2012",FALSE,138,"D","OCG","CO","W","2012","COW.1.8","4n","W_4n",NA,NA,NA,NA,13.7,"COW.1.8_2012","COW-1","Rifle A",39.6127,-107.81,1790,5
"IDT.1.10_2012",TRUE,218,"A","OCG","ID","T","2012","IDT.1.10","2n","T_2n",NA,NA,NA,NA,20.2,"IDT.1.10_2012","IDT-1","Old Oregon Trail Rd",43.09619,-115.65692,949,3
"IDT.1.2_2012",TRUE,269,"A","OCG","ID","T","2012","IDT.1.2","2n","T_2n",NA,NA,NA,NA,34.8,"IDT.1.2_2012","IDT-1","Old Oregon Trail Rd",43.09619,-115.65692,949,3
"IDT.1.3_2012",TRUE,328,"A","OCG","ID","T","2012","IDT.1.3","2n","T_2n",NA,NA,NA,NA,57.8,"IDT.1.3_2012","IDT-1","Old Oregon Trail Rd",43.09619,-115.65692,949,3
"IDT.1.4_2012",FALSE,429,"A","OCG","ID","T","2012","IDT.1.4","2n","T_2n",NA,NA,NA,NA,30.2,"IDT.1.4_2012","IDT-1","Old Oregon Trail Rd",43.09619,-115.65692,949,5
"IDT.1.6_2012",TRUE,322,"A","OCG","ID","T","2012","IDT.1.6","2n","T_2n",NA,NA,NA,NA,61.9,"IDT.1.6_2012","IDT-1","Old Oregon Trail Rd",43.09619,-115.65692,949,3
"IDT.2.4_2012",TRUE,273,"A","OCG","ID","T","2012","IDT.2.4","2n","T_2n",NA,NA,NA,NA,47.8,"IDT.2.4_2012","IDT-2","Orchard",43.33708,-116.00814,939,3
"IDT.3.3_2012",FALSE,230,"D","OCG","ID","T","2012","IDT.3.3","2n","T_2n",NA,NA,NA,NA,14.6,"IDT.3.3_2012","IDT-3","Hwy 95 hilltop",43.3366,-116.9641,1358,5
"IDT.3.5_2012",TRUE,199,"A","OCG","ID","T","2012","IDT.3.5","2n","T_2n",NA,NA,NA,NA,46.4,"IDT.3.5_2012","IDT-3","Hwy 95 hilltop",43.3366,-116.9641,1358,2
"IDT.3.9_2012",TRUE,441,"A","OCG","ID","T","2012","IDT.3.9","2n","T_2n",NA,NA,NA,NA,114.4,"IDT.3.9_2012","IDT-3","Hwy 95 hilltop",43.3366,-116.9641,1358,3
"IDV.2.7_2012",FALSE,120,"D","OCG","ID","V","2012","IDV.2.7","2n","V_2n",NA,NA,NA,NA,26.7,"IDV.2.7_2012","IDV-2","Dunnigan Cr",43.6776,-115.9738,1003,5
"IDV.2.8_2012",FALSE,377,"D","OCG","ID","V","2012","IDV.2.8","2n","V_2n",NA,NA,NA,NA,26.3,"IDV.2.8_2012","IDV-2","Dunnigan Cr",43.6776,-115.9738,1003,4
"IDV.3.4_2012",FALSE,459,"D","OCG","ID","V","2012","IDV.3.4","2n","V_2n",NA,NA,NA,NA,19.2,"IDV.3.4_2012","IDV-3","Stanley",44.259,-114.6402,1766,4
"IDV.3.5_2012",FALSE,320,"D","OCG","ID","V","2012","IDV.3.5","2n","V_2n",NA,NA,NA,NA,18.5,"IDV.3.5_2012","IDV-3","Stanley",44.259,-114.6402,1766,4
"IDV.3.7_2012",FALSE,111,"D","OCG","ID","V","2012","IDV.3.7","2n","V_2n",NA,NA,NA,NA,25.5,"IDV.3.7_2012","IDV-3","Stanley",44.259,-114.6402,1766,4
"IDV.3.8_2012",FALSE,209,"D","OCG","ID","V","2012","IDV.3.8","2n","V_2n",NA,NA,NA,NA,20.4,"IDV.3.8_2012","IDV-3","Stanley",44.259,-114.6402,1766,4
"IDV.5.1_2012",FALSE,185,"D","OCG","ID","V","2012","IDV.5.1","2n","V_2n",NA,NA,NA,NA,24,"IDV.5.1_2012","IDV-5","Pearl Rd",43.8385,-116.2559,1309,5
"IDV.5.10_2012",FALSE,266,"D","OCG","ID","V","2012","IDV.5.10","2n","V_2n",NA,NA,NA,NA,25,"IDV.5.10_2012","IDV-5","Pearl Rd",43.8385,-116.2559,1309,4
"IDV.5.2_2012",FALSE,339,"D","OCG","ID","V","2012","IDV.5.2","2n","V_2n",NA,NA,NA,NA,21.7,"IDV.5.2_2012","IDV-5","Pearl Rd",43.8385,-116.2559,1309,5
"IDV.5.7_2012",FALSE,456,"D","OCG","ID","V","2012","IDV.5.7","2n","V_2n",NA,NA,NA,NA,17.6,"IDV.5.7_2012","IDV-5","Pearl Rd",43.8385,-116.2559,1309,5
"IDV.5.8_2012",FALSE,102,"A","OCG","ID","V","2012","IDV.5.8","2n","V_2n",NA,NA,NA,NA,24.9,"IDV.5.8_2012","IDV-5","Pearl Rd",43.8385,-116.2559,1309,4
"IDV.5.9_2012",FALSE,193,"D","OCG","ID","V","2012","IDV.5.9","2n","V_2n",NA,NA,NA,NA,24.7,"IDV.5.9_2012","IDV-5","Pearl Rd",43.8385,-116.2559,1309,5
"IDW.1.2_2012",TRUE,387,"A","OCG","ID","W","2012","IDW.1.2","4n","W_4n",NA,NA,NA,NA,NA,"IDW.1.2_2012","IDW-1","Old Oregon Trail Rd",43.0931,-115.6528,963,3
"IDW.1.3_2012",FALSE,71,"D","OCG","ID","W","2012","IDW.1.3","4n","W_4n",NA,NA,NA,NA,15.4,"IDW.1.3_2012","IDW-1","Old Oregon Trail Rd",43.0931,-115.6528,963,5
"IDW.1.4_2012",TRUE,347,"A","OCG","ID","W","2012","IDW.1.4","4n","W_4n",NA,NA,NA,NA,28.1,"IDW.1.4_2012","IDW-1","Old Oregon Trail Rd",43.0931,-115.6528,963,4
"IDW.1.5_2012",TRUE,262,"A","OCG","ID","W","2012","IDW.1.5","4n","W_4n",NA,NA,NA,NA,18.1,"IDW.1.5_2012","IDW-1","Old Oregon Trail Rd",43.0931,-115.6528,963,3
"IDW.1.6_2012",TRUE,392,"A","OCG","ID","W","2012","IDW.1.6","4n","W_4n",NA,NA,NA,NA,NA,"IDW.1.6_2012","IDW-1","Old Oregon Trail Rd",43.0931,-115.6528,963,3
"IDW.1.7_2012",TRUE,63,"A","OCG","ID","W","2012","IDW.1.7","4n","W_4n",NA,NA,NA,NA,9.4,"IDW.1.7_2012","IDW-1","Old Oregon Trail Rd",43.0931,-115.6528,963,3
"IDW.1.8_2012",FALSE,101,"D","OCG","ID","W","2012","IDW.1.8","4n","W_4n",NA,NA,NA,NA,19.2,"IDW.1.8_2012","IDW-1","Old Oregon Trail Rd",43.0931,-115.6528,963,3
"IDW.2.2_2012",FALSE,357,"A","OCG","ID","W","2012","IDW.2.2","4n","W_4n",NA,NA,NA,NA,21.5,"IDW.2.2_2012","IDW-2","Orchard Enclosure ",43.3274,-116.0037,977,2
"IDW.2.3_2012",TRUE,60,"A","OCG","ID","W","2012","IDW.2.3","4n","W_4n",NA,NA,NA,NA,NA,"IDW.2.3_2012","IDW-2","Orchard Enclosure ",43.3274,-116.0037,977,3
"IDW.3.10_2012",TRUE,233,"A","OCG","ID","W","2012","IDW.3.10","4n","W_4n",NA,NA,NA,NA,13.1,"IDW.3.10_2012","IDW-3","Sommer Camp Rd",43.4657,-116.8531,870,2
"IDW.3.2_2012",FALSE,235,"D","OCG","ID","W","2012","IDW.3.2","4n","W_4n",NA,NA,NA,NA,24.3,"IDW.3.2_2012","IDW-3","Sommer Camp Rd",43.4657,-116.8531,870,2
"IDW.3.4_2012",TRUE,372,"A","OCG","ID","W","2012","IDW.3.4","4n","W_4n",NA,NA,NA,NA,14.4,"IDW.3.4_2012","IDW-3","Sommer Camp Rd",43.4657,-116.8531,870,5
"IDW.3.6_2012",TRUE,70,"A","OCG","ID","W","2012","IDW.3.6","4n","W_4n",NA,NA,NA,NA,10.1,"IDW.3.6_2012","IDW-3","Sommer Camp Rd",43.4657,-116.8531,870,5
"IDW.3.8_2012",TRUE,93,"A","OCG","ID","W","2012","IDW.3.8","4n","W_4n",NA,NA,NA,NA,26.3,"IDW.3.8_2012","IDW-3","Sommer Camp Rd",43.4657,-116.8531,870,5
"MTT.1.6_2012",TRUE,172,"A","OCG","MT","T","2012","MTT.1.6","2n","T_2n",NA,NA,NA,NA,18.2,"MTT.1.6_2012","MTT-1","Bridger Crk",45.2056,-108.8256,1240,2
"MTV.1.10_2012",FALSE,374,"D","OCG","MT","V","2012","MTV.1.10","2n","V_2n",NA,NA,NA,NA,16.8,"MTV.1.10_2012","MTV-1","Tie Flat Rd",45.1724,-108.4559,2156,4
"MTW.1.2_2012",TRUE,366,"A","OCG","MT","W","2012","MTW.1.2","4n","W_4n",NA,NA,NA,NA,8.7,"MTW.1.2_2012","MTW-1","Powderville",45.6545,-105.1545,972,1
"MTW.1.7_2012",FALSE,17,"D","OCG","MT","W","2012","MTW.1.7","4n","W_4n",NA,NA,NA,NA,NA,"MTW.1.7_2012","MTW-1","Powderville",45.6545,-105.1545,972,4
"MTW.3.4_2012",TRUE,166,"A","OCG","MT","W","2012","MTW.3.4","4n","W_4n",NA,NA,NA,NA,NA,"MTW.3.4_2012","MTW-3","Pryor Mtn",45.2066,-108.7832,1458,5
"MTW.3.7_2012",FALSE,417,"D","OCG","MT","W","2012","MTW.3.7","4n","W_4n",NA,NA,NA,NA,10.7,"MTW.3.7_2012","MTW-3","Pryor Mtn",45.2066,-108.7832,1458,5
"MTW.3.8_2012",FALSE,425,"D","OCG","MT","W","2012","MTW.3.8","2n","T_2n",NA,NA,NA,NA,NA,"MTW.3.8_2012","MTW-3","Pryor Mtn",45.2066,-108.7832,1458,1
"NMT.1.6_2012",TRUE,190,"A","OCG","NM","T","2012","NMT.1.6","4n","T_4n",NA,NA,NA,NA,60.7,"NMT.1.6_2012","NMT-1","Penistaja",35.9802,-107.2257,2122,5
"NMT.1.9_2012",TRUE,113,"A","OCG","NM","T","2012","NMT.1.9","4n","T_4n",NA,NA,NA,NA,43,"NMT.1.9_2012","NMT-1","Penistaja",35.9802,-107.2257,2122,5
"NMT.2.3_2012",TRUE,53,"A","OCG","NM","T","2012","NMT.2.3","4n","T_4n",NA,NA,NA,NA,NA,"NMT.2.3_2012","NMT-2","San Luis Mesa",35.7572,-107.1478,1979,5
"NMT.2.4_2012",TRUE,201,"A","OCG","NM","T","2012","NMT.2.4","4n","T_4n",NA,NA,NA,NA,59.5,"NMT.2.4_2012","NMT-2","San Luis Mesa",35.7572,-107.1478,1979,5
"NMT.2.5_2012",TRUE,23,"A","OCG","NM","T","2012","NMT.2.5","4n","T_4n",NA,NA,NA,NA,13,"NMT.2.5_2012","NMT-2","San Luis Mesa",35.7572,-107.1478,1979,5
"NMT.2.6_2012",TRUE,99,"A","OCG","NM","T","2012","NMT.2.6","4n","T_4n",NA,NA,NA,NA,NA,"NMT.2.6_2012","NMT-2","San Luis Mesa",35.7572,-107.1478,1979,5
"NMT.2.8_2012",TRUE,164,"A","OCG","NM","T","2012","NMT.2.8","4n","T_4n",NA,NA,NA,NA,47.7,"NMT.2.8_2012","NMT-2","San Luis Mesa",35.7572,-107.1478,1979,5
"NVT.1.6_2012",FALSE,302,"D","OCG","NV","T","2012","NVT.1.6","2n","T_2n",NA,NA,NA,NA,23.9,"NVT.1.6_2012","NVT-2","Currant B",38.7971,-115.3921,1797,2
"NVT.2.8_2012",FALSE,321,"D","OCG","NV","T","2012","NVT.2.8","2n","T_2n",NA,NA,NA,NA,31.3,"NVT.2.8_2012","NVT-2","Currant B",38.7971,-115.3921,1797,2
"NVTW.1.10_2012",TRUE,450,"A","OCG","NV","T","2012","NVTW.1.10","2n","T_2n",NA,NA,NA,NA,78.9,"NVTW.1.10_2012","NVV-1","Austin",39.4728,-117.0497,2412,3
"NVTW.1.3_2012",FALSE,234,"D","OCG","NV","T","2012","NVTW.1.3","2n","T_2n",NA,NA,NA,NA,50.3,"NVTW.1.3_2012","NVV-1","Austin",39.4728,-117.0497,2412,3
"NVTW.1.6_2012",FALSE,147,"D","OCG","NV","T","2012","NVTW.1.6","2n","T_2n",NA,NA,NA,NA,NA,"NVTW.1.6_2012","NVV-1","Austin",39.4728,-117.0497,2412,3
"NVV.2.5_2012",TRUE,205,"A","OCG","NV","V","2012","NVV.2.5","2n","V_2n",NA,NA,NA,NA,16.3,"NVV.2.5_2012","NVV-2","Currant V",38.8183,-115.2835,2132,1
"NVV.2.9_2012",FALSE,150,"D","OCG","NV","V","2012","NVV.2.9","2n","V_2n",NA,NA,NA,NA,16.9,"NVV.2.9_2012","NVV-2","Currant V",38.8183,-115.2835,2132,1
"NVV.3.4_2012",FALSE,220,"D","OCG","NV","V","2012","NVV.3.4","4n","V_4n",NA,NA,NA,NA,28.5,"NVV.3.4_2012","NVV-3","Robber's Roost",36.3046,-115.6168,2410,4
"NVV.3.5_2012",FALSE,290,"D","OCG","NV","V","2012","NVV.3.5","4n","V_4n",NA,NA,NA,NA,21.6,"NVV.3.5_2012","NVV-3","Robber's Roost",36.3046,-115.6168,2410,4
"ORT.1.1_2012",TRUE,208,"A","OCG","OR","T","2012","ORT.1.1","2n","T_2n",NA,NA,NA,NA,51.4,"ORT.1.1_2012","ORT-1","Jordan Valley",42.9745,-117.1854,1349,5
"ORT.1.6_2012",TRUE,394,"A","OCG","OR","T","2012","ORT.1.6","2n","T_2n",NA,NA,NA,NA,33.8,"ORT.1.6_2012","ORT-1","Jordan Valley",42.9745,-117.1854,1349,3
"ORT.1.8_2012",FALSE,141,"D","OCG","OR","T","2012","ORT.1.8","2n","T_2n",NA,NA,NA,NA,NA,"ORT.1.8_2012","ORT-1","Jordan Valley",42.9745,-117.1854,1349,3
"ORT.1.9_2012",TRUE,381,"A","OCG","OR","T","2012","ORT.1.9","2n","T_2n",NA,NA,NA,NA,31,"ORT.1.9_2012","ORT-1","Jordan Valley",42.9745,-117.1854,1349,3
"ORT.2.3_2012",TRUE,91,"A","OCG","OR","T","2012","ORT.2.3","2n","T_2n",NA,NA,NA,NA,38.6,"ORT.2.3_2012","ORT-2","Echo",45.7589,-119.2076,223,3
"ORT.2.4_2012",TRUE,380,"A","OCG","OR","T","2012","ORT.2.4","2n","T_2n",NA,NA,NA,NA,24.6,"ORT.2.4_2012","ORT-2","Echo",45.7589,-119.2076,223,5
"ORT.2.5_2012",TRUE,248,"A","OCG","OR","T","2012","ORT.2.5","2n","T_2n",NA,NA,NA,NA,28.1,"ORT.2.5_2012","ORT-2","Echo",45.7589,-119.2076,223,3
"ORT.2.6_2012",FALSE,42,"A","OCG","OR","T","2012","ORT.2.6","2n","T_2n",NA,NA,NA,NA,17.7,"ORT.2.6_2012","ORT-2","Echo",45.7589,-119.2076,223,5
"ORT.2.9_2012",TRUE,181,"A","OCG","OR","T","2012","ORT.2.9","2n","T_2n",NA,NA,NA,NA,35.3,"ORT.2.9_2012","ORT-2","Echo",45.7589,-119.2076,223,3
"ORT.3.1_2012",FALSE,391,"D","OCG","OR","T","2012","ORT.3.1","2n","T_2n",NA,NA,NA,NA,103.5,"ORT.3.1_2012","ORT-3","Beatty Butte T",42.3263,-119.3665,1782,2
"ORT.3.10_2012",FALSE,219,"D","OCG","OR","T","2012","ORT.3.10","2n","T_2n",NA,NA,NA,NA,60.4,"ORT.3.10_2012","ORT-3","Beatty Butte T",42.3263,-119.3665,1782,2
"ORT.3.5_2012",FALSE,244,"D","OCG","OR","T","2012","ORT.3.5","2n","T_2n",NA,NA,NA,NA,47.9,"ORT.3.5_2012","ORT-3","Beatty Butte T",42.3263,-119.3665,1782,2
"ORT.3.7_2012",FALSE,31,"D","OCG","OR","T","2012","ORT.3.7","2n","T_2n",NA,NA,NA,NA,14.8,"ORT.3.7_2012","ORT-3","Beatty Butte T",42.3263,-119.3665,1782,2
"ORTW.2.1_2012",FALSE,15,"D","OCG","OR","T","2012","ORTW.2.1","2n","T_2n",NA,NA,NA,NA,15.2,"ORTW.2.1_2012","ORW-2","Beatty Butte W",42.3166,-119.3928,1707,2
"ORV.1.1_2012",FALSE,212,"D","OCG","OR","V","2012","ORV.1.1","4n","V_4n",NA,NA,NA,NA,13.5,"ORV.1.1_2012","ORV-1","Lookout Mtn",44.4883,-117.3233,986,5
"ORV.1.10_2012",TRUE,403,"A","OCG","OR","V","2012","ORV.1.10","4n","V_4n",NA,NA,NA,NA,20.3,"ORV.1.10_2012","ORV-1","Lookout Mtn",44.4883,-117.3233,986,4
"ORV.1.3_2012",FALSE,183,"D","OCG","OR","V","2012","ORV.1.3","4n","V_4n",NA,NA,NA,NA,26.6,"ORV.1.3_2012","ORV-1","Lookout Mtn",44.4883,-117.3233,986,2
"ORV.1.4_2012",FALSE,245,"D","OCG","OR","V","2012","ORV.1.4","4n","V_4n",NA,NA,NA,NA,6.9,"ORV.1.4_2012","ORV-1","Lookout Mtn",44.4883,-117.3233,986,2
"ORV.1.5_2012",FALSE,291,"D","OCG","OR","V","2012","ORV.1.5","4n","V_4n",NA,NA,NA,NA,19.1,"ORV.1.5_2012","ORV-1","Lookout Mtn",44.4883,-117.3233,986,5
"ORV.1.6_2012",FALSE,314,"D","OCG","OR","V","2012","ORV.1.6","4n","V_4n",NA,NA,NA,NA,15.7,"ORV.1.6_2012","ORV-1","Lookout Mtn",44.4883,-117.3233,986,4
"ORV.1.8_2012",FALSE,186,"D","OCG","OR","V","2012","ORV.1.8","4n","V_4n",NA,NA,NA,NA,17.6,"ORV.1.8_2012","ORV-1","Lookout Mtn",44.4883,-117.3233,986,2
"ORW.1.1_2012",TRUE,57,"A","OCG","OR","W","2012","ORW.1.1","4n","W_4n",NA,NA,NA,NA,NA,"ORW.1.1_2012","ORW-1","West of Juntura",43.7853,-118.2594,1196,2
"UTT.1.1_2012",TRUE,333,"A","OCG","UT","T","2012","UTT.1.1","2n","T_2n",NA,NA,NA,NA,10.2,"UTT.1.1_2012","UTT-1","Canyon B",37.9933,-112.5087,2106,3
"UTT.1.2_2012",FALSE,105,"D","OCG","UT","T","2012","UTT.1.2","2n","T_2n",NA,NA,NA,NA,NA,"UTT.1.2_2012","UTT-1","Canyon B",37.9933,-112.5087,2106,3
"UTT.1.5_2012",TRUE,25,"A","OCG","UT","T","2012","UTT.1.5","2n","T_2n",NA,NA,NA,NA,11.1,"UTT.1.5_2012","UTT-1","Canyon B",37.9933,-112.5087,2106,5
"UTT.1.6_2012",TRUE,294,"A","OCG","UT","T","2012","UTT.1.6","2n","T_2n",NA,NA,NA,NA,75.1,"UTT.1.6_2012","UTT-1","Canyon B",37.9933,-112.5087,2106,3
"UTT.1.8_2012",FALSE,20,"D","OCG","UT","T","2012","UTT.1.8","2n","T_2n",NA,NA,NA,NA,17.9,"UTT.1.8_2012","UTT-1","Canyon B",37.9933,-112.5087,2106,5
"UTT.1.9_2012",TRUE,194,"A","OCG","UT","T","2012","UTT.1.9","2n","T_2n",NA,NA,NA,NA,46.4,"UTT.1.9_2012","UTT-1","Canyon B",37.9933,-112.5087,2106,3
"UTT.2.3_2012",FALSE,251,"D","OCG","UT","T","2012","UTT.2.3","2n","T_2n",NA,NA,NA,NA,17.9,"UTT.2.3_2012","UTT-2","La Sal B",38.306,-109.3876,1820,5
"UTT.3.10_2012",FALSE,338,"A","OCG","UT","T","2012","UTT.3.10","2n","T_2n",NA,NA,NA,NA,40.9,"UTT.3.10_2012","UTT-3","Kanab",37.0402,-112.2642,1618,5
"UTT.3.3_2012",FALSE,409,"D","OCG","UT","T","2012","UTT.3.3","2n","T_2n",NA,NA,NA,NA,24.5,"UTT.3.3_2012","UTT-3","Kanab",37.0402,-112.2642,1618,5
"UTV.1.7_2012",FALSE,421,"D","OCG","UT","V","2012","UTV.1.7","2n","V_2n",NA,NA,NA,NA,24.7,"UTV.1.7_2012","UTV-1","Basin Exclosure",39.3413,-111.5221,2097,4
"UTV.3.4_2012",FALSE,281,"D","OCG","UT","V","2012","UTV.3.4","4n","V_4n",NA,NA,NA,NA,17.8,"UTV.3.4_2012","UTV-3","La Sal V",38.3413,-109.2173,2326,4
"UTV.3.5_2012",TRUE,6,"A","OCG","UT","V","2012","UTV.3.5","4n","V_4n",NA,NA,NA,NA,18,"UTV.3.5_2012","UTV-3","La Sal V",38.3413,-109.2173,2326,4
"UTW.1.1_2012",TRUE,296,"A","OCG","UT","W","2012","UTW.1.1","4n","W_4n",NA,NA,NA,NA,16.3,"UTW.1.1_2012","UTW-1","La Sal W",38.3279,-109.4352,1797,4
"UTW.1.4_2012",TRUE,405,"A","OCG","UT","W","2012","UTW.1.4","4n","W_4n",NA,NA,NA,NA,NA,"UTW.1.4_2012","UTW-1","La Sal W",38.3279,-109.4352,1797,4
"UTW.2.10_2012",FALSE,84,"D","OCG","UT","W","2012","UTW.2.10","4n","W_4n",NA,NA,NA,NA,14.4,"UTW.2.10_2012","UTW-2","Scooby",41.8566,-113.049,1438,5
"UTW.2.3_2012",TRUE,343,"A","OCG","UT","W","2012","UTW.2.3","4n","W_4n",NA,NA,NA,NA,NA,"UTW.2.3_2012","UTW-2","Scooby",41.8566,-113.049,1438,2
"UTW.2.5_2012",FALSE,103,"D","OCG","UT","W","2012","UTW..2.5","4n","W_4n",NA,NA,NA,NA,NA,"UTW.2.5_2012","UTW-2","Scooby",41.8566,-113.049,1438,2
"UTW.2.6_2012",FALSE,157,"D","OCG","UT","W","2012","UTW.2.6","4n","W_4n",NA,NA,NA,NA,13.4,"UTW.2.6_2012","UTW-2","Scooby",41.8566,-113.049,1438,2
"UTWV.2.1_2012",TRUE,189,"A","OCG","UT","W","2012","UTWV.2.1","4n","W_4n",NA,NA,NA,NA,15.5,"UTWV.2.1_2012","UTV-2","Canyon V",37.9933,-112.5087,2118,5
"UTWV.2.6_2012",TRUE,80,"A","OCG","UT","W","2012","UTWV.2.6","4n","W_4n",NA,NA,NA,NA,NA,"UTWV.2.6_2012","UTV-2","Canyon V",37.9933,-112.5087,2118,5
"UTWV.2.7_2012",TRUE,271,"A","OCG","UT","W","2012","UTWV.2.7","4n","W_4n",NA,NA,NA,NA,14.9,"UTWV.2.7_2012","UTV-2","Canyon V",37.9933,-112.5087,2118,5
"UTWV.2.8_2012",TRUE,216,"A","OCG","UT","W","2012","UTWV.2.8","4n","W_4n",NA,NA,NA,NA,18.7,"UTWV.2.8_2012","UTV-2","Canyon V",37.9933,-112.5087,2118,5
"WAT.1.3_2012",TRUE,349,"A","OCG","WA","T","2012","WAT.1.3","2n","T_2n",NA,NA,NA,NA,30.7,"WAT.1.3_2012","WAT-1","Lind",46.7419,-118.2278,329,3
"WAT.1.6_2012",TRUE,192,"A","OCG","WA","T","2012","WAT.1.6","2n","T_2n",NA,NA,NA,NA,20.2,"WAT.1.6_2012","WAT-1","Lind",46.7419,-118.2278,329,3
"WAT.2.1_2012",TRUE,158,"A","OCG","WA","T","2012","WAT.2.1","4n","T_4n",NA,NA,NA,NA,66.2,"WAT.2.1_2012","WAT-2","Crab Creek",46.9488,-119.2371,312,1
"WAT.2.10_2012",FALSE,100,"D","OCG","WA","T","2012","WAT.2.10","4n","T_4n",NA,NA,NA,NA,34.9,"WAT.2.10_2012","WAT-2","Crab Creek",46.9488,-119.2371,312,1
"WAT.2.3_2012",FALSE,10,"D","OCG","WA","T","2012","WAT.2.3","4n","T_4n",NA,NA,NA,NA,19.6,"WAT.2.3_2012","WAT-2","Crab Creek",46.9488,-119.2371,312,2
"WAT.2.4_2012",TRUE,268,"A","OCG","WA","T","2012","WAT.2.4","4n","T_4n",NA,NA,NA,NA,83.2,"WAT.2.4_2012","WAT-2","Crab Creek",46.9488,-119.2371,312,1
"WAT.2.7_2012",FALSE,282,"D","OCG","WA","T","2012","WAT.2.7","4n","T_4n",NA,NA,NA,NA,71.1,"WAT.2.7_2012","WAT-2","Crab Creek",46.9488,-119.2371,312,1
"WAT.2.9_2012",TRUE,169,"A","OCG","WA","T","2012","WAT.2.9","4n","T_4n",NA,NA,NA,NA,20.9,"WAT.2.9_2012","WAT-2","Crab Creek",46.9488,-119.2371,312,2
"WAW.1.1_2012",FALSE,287,"D","OCG","WA","W","2012","WAW.1.1","4n","W_4n",NA,NA,NA,NA,15.8,"WAW.1.1_2012","WAW-1","Saddle Mtn",46.7672,-119.4727,297,2
"WAW.1.2_2012",TRUE,418,"A","OCG","WA","W","2012","WAW.1.2","4n","W_4n",NA,NA,NA,NA,0.1,"WAW.1.2_2012","WAW-1","Saddle Mtn",46.7672,-119.4727,297,2
"WAW.1.3_2012",TRUE,356,"A","OCG","WA","W","2012","WAW.1.3","4n","W_4n",NA,NA,NA,NA,20.7,"WAW.1.3_2012","WAW-1","Saddle Mtn",46.7672,-119.4727,297,1
"WAW.1.4_2012",FALSE,436,"D","OCG","WA","W","2012","WAW.1.4","4n","W_4n",NA,NA,NA,NA,0,"WAW.1.4_2012","WAW-1","Saddle Mtn",46.7672,-119.4727,297,1
"WAW.1.5_2012",FALSE,378,"D","OCG","WA","W","2012","WAW.1.5","4n","W_4n",NA,NA,NA,NA,16.4,"WAW.1.5_2012","WAW-1","Saddle Mtn",46.7672,-119.4727,297,2
"WAW.1.6_2012",TRUE,135,"A","OCG","WA","W","2012","WAW.1.6","4n","W_4n",NA,NA,NA,NA,15.2,"WAW.1.6_2012","WAW-1","Saddle Mtn",46.7672,-119.4727,297,1
"WAW.1.7_2012",FALSE,236,"D","OCG","WA","W","2012","WAW.1.7","4n","W_4n",NA,NA,NA,NA,17.9,"WAW.1.7_2012","WAW-1","Saddle Mtn",46.7672,-119.4727,297,2
"WYW.1.2_2012",FALSE,384,"D","OCG","WY","W","2012","WYW.1.2","4n","W_4n",NA,NA,NA,NA,NA,"WYW.1.2_2012","WYW-1","Burma Road",42.6006,-109.8341,2111,2
