"","Paired","Garden Plant ID","Project","Location","Subspecies","Year","Plant","Ploidy","Subsp_ploidy","Patch","Date","Veg_Type","Collection","DNA Concentration (ng/uL)","Description"
"AZT.1.7_2021",TRUE,211,"OCG","AZ","T","2021","AZT.1.7","4n","T_4n",NA,NA,NA,NA,15.3,"AZT.1.7_2021"
"AZTW.1.5_2021",TRUE,54,"OCG","AZ","T","2021","AZTW.1.5","4n","T_4n",NA,NA,NA,NA,38.4,"AZTW.1.5_2021"
"AZTW.1.7_2012",TRUE,300,"OCG","AZ","T","2012","AZTW.1.7","4n","T_4n",NA,NA,NA,NA,11.3,"AZTW.1.7_2012"
"AZTW.1.7_2021",TRUE,300,"OCG","AZ","T","2021","AZTW.1.7","4n","T_4n",NA,NA,NA,NA,72.3,"AZTW.1.7_2021"
"CAT.1.1_2012",TRUE,388,"OCG","CA","T","2012","CAT.1.1","2n","T_2n",NA,NA,NA,NA,78.6,"CAT.1.1_2012"
"CAT.1.1_2021",TRUE,388,"OCG","CA","T","2021","CAT.1.1","2n","T_2n",NA,NA,NA,NA,73.4,"CAT.1.1_2021"
"CAT.1.5_2021",TRUE,225,"OCG","CA","T","2021","CAT.1.5","2n","T_2n",NA,NA,NA,NA,77.5,"CAT.1.5_2021"
"CAT.2.4_2021",TRUE,466,"OCG","CA","T","2021","CAT.2.4","2n","T_2n",NA,NA,NA,NA,90.2,"CAT.2.4_2021"
"CAT.2.7_2012",FALSE,47,"OCG","CA","T","2012","CAT.2.7","2n","T_2n",NA,NA,NA,NA,22.9,"CAT.2.7_2012"
"CAT.2.9_2012v2",TRUE,311,"OCG","CA","T","2012","CAT.2.9","2n","T_2n",NA,NA,NA,NA,15.8,"CAT.2.9_2012"
"CAT.2.9_2021",TRUE,311,"OCG","CA","T","2021","CAT.2.9","2n","T_2n",NA,NA,NA,NA,56.6,"CAT.2.9_2021"
"CAV.1.10_2012",FALSE,48,"OCG","CA","V","2012","CAV.1.10","2n","V_2n",NA,NA,NA,NA,22.2,"CAV.1.10_2012"
"CAV.1.4_2012",FALSE,130,"OCG","CA","V","2012","CAV.1.4","2n","V_2n",NA,NA,NA,NA,24.9,"CAV.1.4_2012"
"CAV.1.6_2012",FALSE,217,"OCG","CA","V","2012","CAV.1.6","2n","V_2n",NA,NA,NA,NA,24.9,"CAV.1.6_2012"
"CAV.1.7_2012",FALSE,401,"OCG","CA","V","2012","CAV.1.7","2n","V_2n",NA,NA,NA,NA,19.8,"CAV.1.7_2012"
"CAV.2.10_2012",FALSE,121,"OCG","CA","V","2012","CAV.2.10","2n","V_2n",NA,NA,NA,NA,19.9,"CAV.2.10_2012"
"CAV.2.6_2012",FALSE,458,"OCG","CA","V","2012","CAV.2.6","2n","V_2n",NA,NA,NA,NA,25.9,"CAV.2.6_2012"
"CAV.2.7_2012v1",FALSE,265,"OCG","CA","V","2012","CAV.2.7","2n","V_2n",NA,NA,NA,NA,25.9,"CAV.2.7_2012"
"CAV.3.6_2012",FALSE,126,"OCG","CA","V","2012","CAV.3.6","4n","V_4n",NA,NA,NA,NA,18.5,"CAV.3.6_2012"
"CAV.4.1_2012",FALSE,293,"OCG","CA","V","2012","CAV.4.1","4n","V_4n",NA,NA,NA,NA,20.8,"CAV.4.1_2012"
"CAV.4.4_2012",FALSE,132,"OCG","CA","V","2012","CAV.4.4","4n","V_4n",NA,NA,NA,NA,14.9,"CAV.4.4_2012"
"CAVW.3.1_2012",FALSE,43,"OCG","CA","V","2012","CAVW.3.1","2n","V_2n",NA,NA,NA,NA,14.1,"CAVW.3.1_2012"
"CAVW.3.5_2012",FALSE,177,"OCG","CA","V","2012","CAVW.3.5","2n","V_2n",NA,NA,NA,NA,28,"CAVW.3.5_2012"
"CAVW.3.8_2012",FALSE,358,"OCG","CA","V","2012","CAVW.3.8","2n","V_2n",NA,NA,NA,NA,16.8,"CAVW.3.8_2012"
"COVW.2.2_2012",TRUE,131,"OCG","CO","V","2012","COVW.2.2","4n","V_4n",NA,NA,NA,NA,11.8,"COVW.2.2_2012"
"COVW.2.2_2021",TRUE,131,"OCG","CO","V","2021","COVW.2.2","4n","V_4n",NA,NA,NA,NA,49.1,"COVW.2.2_2021"
"COVW.2.3_2012",TRUE,72,"OCG","CO","V","2012","COVW.2.3","4n","V_4n",NA,NA,NA,NA,19.7,"COVW.2.3_2012"
"COVW.2.4_2012",FALSE,261,"OCG","CO","V","2012","COVW.2.4","4n","V_4n",NA,NA,NA,NA,23.7,"COVW.2.4_2012"
"COVW.2.6_2012",FALSE,224,"OCG","CO","V","2012","COVW.2.6","4n","V_4n",NA,NA,NA,NA,22.8,"COVW.2.6_2012"
"COVW.2.7_2012",TRUE,379,"OCG","CO","V","2012","COVW.2.7","4n","V_4n",NA,NA,NA,NA,17.4,"COVW.2.7_2012"
"COVW.2.7_2021",TRUE,379,"OCG","CO","V","2021","COVW.2.7","4n","V_4n",NA,NA,NA,NA,60.7,"COVW.2.7_2021"
"COW.1.2_2021",FALSE,252,"OCG","CO","W","2021","COW.1.2","4n","W_4n",NA,NA,NA,NA,51.6,"COW.1.2_2021"
"COW.1.8_2012",FALSE,138,"OCG","CO","W","2012","COW.1.8","4n","W_4n",NA,NA,NA,NA,13.7,"COW.1.8_2012"
"IDT.1.2_2012",TRUE,269,"OCG","ID","T","2012","IDT.1.2","2n","T_2n",NA,NA,NA,NA,34.8,"IDT.1.2_2012"
"IDT.1.2_2021",TRUE,269,"OCG","ID","T","2021","IDT.1.2","2n","T_2n",NA,NA,NA,NA,59.4,"IDT.1.2_2021"
"IDT.1.3_2021",TRUE,328,"OCG","ID","T","2021","IDT.1.3","2n","T_2n",NA,NA,NA,NA,75.4,"IDT.1.3_2021"
"IDT.1.4_2012",FALSE,429,"OCG","ID","T","2012","IDT.1.4","2n","T_2n",NA,NA,NA,NA,30.2,"IDT.1.4_2012"
"IDT.1.6_2021",TRUE,322,"OCG","ID","T","2021","IDT.1.6","2n","T_2n",NA,NA,NA,NA,60,"IDT.1.6_2021"
"IDT.2.4_2012",FALSE,273,"OCG","ID","T","2012","IDT.2.4","2n","T_2n",NA,NA,NA,NA,47.8,"IDT.2.4_2012"
"IDT.3.3_2012",FALSE,230,"OCG","ID","T","2012","IDT.3.3","2n","T_2n",NA,NA,NA,NA,14.6,"IDT.3.3_2012"
"IDT.3.5_2021",TRUE,199,"OCG","ID","T","2021","IDT.3.5","2n","T_2n",NA,NA,NA,NA,67.1,"IDT.3.5_2021"
"IDT.3.9_2021",TRUE,441,"OCG","ID","T","2021","IDT.3.9","2n","T_2n",NA,NA,NA,NA,116.9,"IDT.3.9_2021"
"IDV.2.7_2012",FALSE,120,"OCG","ID","V","2012","IDV.2.7","2n","V_2n",NA,NA,NA,NA,26.7,"IDV.2.7_2012"
"IDV.2.8_2012",FALSE,377,"OCG","ID","V","2012","IDV.2.8","2n","V_2n",NA,NA,NA,NA,26.3,"IDV.2.8_2012"
"IDV.3.5_2012",FALSE,320,"OCG","ID","V","2012","IDV.3.5","2n","V_2n",NA,NA,NA,NA,18.5,"IDV.3.5_2012"
"IDV.3.7_2012",FALSE,111,"OCG","ID","V","2012","IDV.3.7","2n","V_2n",NA,NA,NA,NA,25.5,"IDV.3.7_2012"
"IDV.3.8_2012",FALSE,209,"OCG","ID","V","2012","IDV.3.8","2n","V_2n",NA,NA,NA,NA,20.4,"IDV.3.8_2012"
"IDV.5.1_2012",FALSE,185,"OCG","ID","V","2012","IDV.5.1","2n","V_2n",NA,NA,NA,NA,24,"IDV.5.1_2012"
"IDV.5.10_2012",FALSE,266,"OCG","ID","V","2012","IDV.5.10","2n","V_2n",NA,NA,NA,NA,25,"IDV.5.10_2012"
"IDV.5.7_2012",FALSE,456,"OCG","ID","V","2012","IDV.5.7","2n","V_2n",NA,NA,NA,NA,17.6,"IDV.5.7_2012"
"IDV.5.8_2012",FALSE,102,"OCG","ID","V","2012","IDV.5.8","2n","V_2n",NA,NA,NA,NA,24.9,"IDV.5.8_2012"
"IDV.5.9_2012",FALSE,193,"OCG","ID","V","2012","IDV.5.9","2n","V_2n",NA,NA,NA,NA,24.7,"IDV.5.9_2012"
"IDW.1.2_2021",FALSE,387,"OCG","ID","W","2021","IDW.1.2","4n","W_4n",NA,NA,NA,NA,42,"IDW.1.2_2021"
"IDW.1.3_2012",FALSE,71,"OCG","ID","W","2012","IDW.1.3","4n","W_4n",NA,NA,NA,NA,15.4,"IDW.1.3_2012"
"IDW.1.4_2012",TRUE,347,"OCG","ID","W","2012","IDW.1.4","4n","W_4n",NA,NA,NA,NA,28.1,"IDW.1.4_2012"
"IDW.1.5_2012",TRUE,262,"OCG","ID","W","2012","IDW.1.5","4n","W_4n",NA,NA,NA,NA,18.1,"IDW.1.5_2012"
"IDW.1.5_2021",TRUE,262,"OCG","ID","W","2021","IDW.1.5","4n","W_4n",NA,NA,NA,NA,67.2,"IDW.1.5_2021"
"IDW.1.6_2021",FALSE,392,"OCG","ID","W","2021","IDW.1.6","4n","W_4n",NA,NA,NA,NA,73.8,"IDW.1.6_2021"
"IDW.1.7_2012",TRUE,63,"OCG","ID","W","2012","IDW.1.7","4n","W_4n",NA,NA,NA,NA,9.4,"IDW.1.7_2012"
"IDW.1.8_2012",FALSE,101,"OCG","ID","W","2012","IDW.1.8","4n","W_4n",NA,NA,NA,NA,19.2,"IDW.1.8_2012"
"IDW.2.2_2012",FALSE,357,"OCG","ID","W","2012","IDW.2.2","4n","W_4n",NA,NA,NA,NA,21.5,"IDW.2.2_2012"
"IDW.3.10_2012",TRUE,233,"OCG","ID","W","2012","IDW.3.10","4n","W_4n",NA,NA,NA,NA,13.1,"IDW.3.10_2012"
"IDW.3.10_2021",TRUE,233,"OCG","ID","W","2021","IDW.3.10","4n","W_4n",NA,NA,NA,NA,69.2,"IDW.3.10_2021"
"IDW.3.2_2012",FALSE,235,"OCG","ID","W","2012","IDW.3.2","4n","W_4n",NA,NA,NA,NA,24.3,"IDW.3.2_2012"
"IDW.3.4_2012",TRUE,372,"OCG","ID","W","2012","IDW.3.4","4n","W_4n",NA,NA,NA,NA,14.4,"IDW.3.4_2012"
"IDW.3.4_2021",TRUE,372,"OCG","ID","W","2021","IDW.3.4","4n","W_4n",NA,NA,NA,NA,49.5,"IDW.3.4_2021"
"IDW.3.6_2012",TRUE,70,"OCG","ID","W","2012","IDW.3.6","4n","W_4n",NA,NA,NA,NA,10.1,"IDW.3.6_2012"
"IDW.3.8_2012",TRUE,93,"OCG","ID","W","2012","IDW.3.8","4n","W_4n",NA,NA,NA,NA,26.3,"IDW.3.8_2012"
"MTT.1.6_2012",TRUE,172,"OCG","MT","T","2012","MTT.1.6","2n","T_2n",NA,NA,NA,NA,18.2,"MTT.1.6_2012"
"MTT.1.6_2021",TRUE,172,"OCG","MT","T","2021","MTT.1.6","2n","T_2n",NA,NA,NA,NA,41,"MTT.1.6_2021"
"MTV.1.10_2012",FALSE,374,"OCG","MT","V","2012","MTV.1.10","2n","V_2n",NA,NA,NA,NA,16.8,"MTV.1.10_2012"
"MTW.1.2_2012",TRUE,366,"OCG","MT","W","2012","MTW.1.2","4n","W_4n",NA,NA,NA,NA,8.7,"MTW.1.2_2012"
"MTW.1.2_2021",TRUE,366,"OCG","MT","W","2021","MTW.1.2","4n","W_4n",NA,NA,NA,NA,103.4,"MTW.1.2_2021"
"MTW.3.7_2012",FALSE,417,"OCG","MT","W","2012","MTW.3.7","4n","W_4n",NA,NA,NA,NA,10.7,"MTW.3.7_2012"
"NMT.1.6_2021",TRUE,190,"OCG","NM","T","2021","NMT.1.6","4n","T_4n",NA,NA,NA,NA,32.4,"NMT.1.6_2021"
"NMT.1.9_2021",TRUE,113,"OCG","NM","T","2021","NMT.1.9","4n","T_4n",NA,NA,NA,NA,56.1,"NMT.1.9_2021"
"NMT.2.3_2021",FALSE,53,"OCG","NM","T","2021","NMT.2.3","4n","T_4n",NA,NA,NA,NA,27.4,"NMT.2.3_2021"
"NMT.2.4_2012",TRUE,201,"OCG","NM","T","2012","NMT.2.4","4n","T_4n",NA,NA,NA,NA,59.5,"NMT.2.4_2012"
"NMT.2.5_2012",TRUE,23,"OCG","NM","T","2012","NMT.2.5","4n","T_4n",NA,NA,NA,NA,13,"NMT.2.5_2012"
"NMT.2.6_2021",FALSE,99,"OCG","NM","T","2021","NMT.2.6","4n","T_4n",NA,NA,NA,NA,30.3,"NMT.2.6_2021"
"NMT.2.8_2012",TRUE,164,"OCG","NM","T","2012","NMT.2.8","4n","T_4n",NA,NA,NA,NA,47.7,"NMT.2.8_2012"
"NVT.2.9_2012v1",FALSE,213,"OCG","NV","T","2012","NVT.2.9","2n","T_2n",NA,NA,NA,NA,21.3,"NVT.2.9_2012"
"NVTW.1.10_2021",TRUE,450,"OCG","NV","T","2021","NVTW.1.10","2n","T_2n",NA,NA,NA,NA,115.8,"NVTW.1.10_2021"
"NVTW.1.3_2012",FALSE,234,"OCG","NV","T","2012","NVTW.1.3","2n","T_2n",NA,NA,NA,NA,50.3,"NVTW.1.3_2012"
"NVV.2.5_2012",TRUE,205,"OCG","NV","V","2012","NVV.2.5","2n","V_2n",NA,NA,NA,NA,16.3,"NVV.2.5_2012"
"NVV.2.9_2012",FALSE,150,"OCG","NV","V","2012","NVV.2.9","2n","V_2n",NA,NA,NA,NA,16.9,"NVV.2.9_2012"
"NVV.3.4_2012",FALSE,220,"OCG","NV","V","2012","NVV.3.4","4n","V_4n",NA,NA,NA,NA,28.5,"NVV.3.4_2012"
"NVV.3.5_2012",FALSE,290,"OCG","NV","V","2012","NVV.3.5","4n","V_4n",NA,NA,NA,NA,21.6,"NVV.3.5_2012"
"ORT.1.6_2021",TRUE,394,"OCG","OR","T","2021","ORT.1.6","2n","T_2n",NA,NA,NA,NA,83,"ORT.1.6_2021"
"ORT.1.9_2021",TRUE,381,"OCG","OR","T","2021","ORT.1.9","2n","T_2n",NA,NA,NA,NA,49.5,"ORT.1.9_2021"
"ORT.2.10_2012v2",FALSE,122,"OCG","OR","T","2012","ORT.2.10","2n","T_2n",NA,NA,NA,NA,53.6,"ORT.2.10_2012"
"ORT.2.3_2012",TRUE,91,"OCG","OR","T","2012","ORT.2.3","2n","T_2n",NA,NA,NA,NA,38.6,"ORT.2.3_2012"
"ORT.2.4_2012",TRUE,380,"OCG","OR","T","2012","ORT.2.4","2n","T_2n",NA,NA,NA,NA,24.6,"ORT.2.4_2012"
"ORT.2.4_2021",TRUE,380,"OCG","OR","T","2021","ORT.2.4","2n","T_2n",NA,NA,NA,NA,65.4,"ORT.2.4_2021"
"ORT.2.5_2012",TRUE,248,"OCG","OR","T","2012","ORT.2.5","2n","T_2n",NA,NA,NA,NA,28.1,"ORT.2.5_2012"
"ORT.2.9_2012",TRUE,181,"OCG","OR","T","2012","ORT.2.9","2n","T_2n",NA,NA,NA,NA,35.3,"ORT.2.9_2012"
"ORT.3.1_2012",FALSE,391,"OCG","OR","T","2012","ORT.3.1","2n","T_2n",NA,NA,NA,NA,103.5,"ORT.3.1_2012"
"ORT.3.7_2012",FALSE,31,"OCG","OR","T","2012","ORT.3.7","2n","T_2n",NA,NA,NA,NA,14.8,"ORT.3.7_2012"
"ORTV.2.4_2012",FALSE,413,"OCG","OR","T","2012","ORTV.2.4","2n","T_2n",NA,NA,NA,NA,20.6,"V413_2012"
"ORTW.2.1_2012",FALSE,15,"OCG","OR","T","2012","ORTW.2.1","2n","T_2n",NA,NA,NA,NA,15.2,"ORTW.2.1_2012"
"ORV.1.1_2012",FALSE,212,"OCG","OR","V","2012","ORV.1.1","4n","V_4n",NA,NA,NA,NA,13.5,"ORV.1.1_2012"
"ORV.1.10_2012",TRUE,403,"OCG","OR","V","2012","ORV.1.10","4n","V_4n",NA,NA,NA,NA,20.3,"ORV.1.10_2012"
"ORV.1.10_2021",TRUE,403,"OCG","OR","V","2021","ORV.1.10","4n","V_4n",NA,NA,NA,NA,67.7,"ORV.1.10_2021"
"ORV.1.3_2012",FALSE,183,"OCG","OR","V","2012","ORV.1.3","4n","V_4n",NA,NA,NA,NA,26.6,"ORV.1.3_2012"
"ORV.1.4_2012",FALSE,245,"OCG","OR","V","2012","ORV.1.4","4n","V_4n",NA,NA,NA,NA,6.9,"ORV.1.4_2012"
"ORV.1.6_2012",FALSE,314,"OCG","OR","V","2012","ORV.1.6","4n","V_4n",NA,NA,NA,NA,15.7,"ORV.1.6_2012"
"ORV.1.8_2012",FALSE,186,"OCG","OR","V","2012","ORV.1.8","4n","V_4n",NA,NA,NA,NA,17.6,"ORV.1.8_2012"
"ORW.1.1_2021",FALSE,57,"OCG","OR","W","2021","ORW.1.1","4n","W_4n",NA,NA,NA,NA,47.1,"ORW.1.1_2021"
"UTT.1.1_2012",TRUE,333,"OCG","UT","T","2012","UTT.1.1","2n","T_2n",NA,NA,NA,NA,10.2,"UTT.1.1_2012"
"UTT.1.1_2021",TRUE,333,"OCG","UT","T","2021","UTT.1.1","2n","T_2n",NA,NA,NA,NA,65.9,"UTT.1.1_2021"
"UTT.1.5_2012",TRUE,25,"OCG","UT","T","2012","UTT.1.5","2n","T_2n",NA,NA,NA,NA,11.1,"UTT.1.5_2012"
"UTT.1.6_2012",TRUE,294,"OCG","UT","T","2012","UTT.1.6","2n","T_2n",NA,NA,NA,NA,75.1,"UTT.1.6_2012"
"UTT.1.6_2021",TRUE,294,"OCG","UT","T","2021","UTT.1.6","2n","T_2n",NA,NA,NA,NA,93.2,"UTT.1.6_2021"
"UTT.1.8_2012",FALSE,20,"OCG","UT","T","2012","UTT.1.8","2n","T_2n",NA,NA,NA,NA,17.9,"UTT.1.8_2012"
"UTT.1.9_2021",TRUE,194,"OCG","UT","T","2021","UTT.1.9","2n","T_2n",NA,NA,NA,NA,48.7,"UTT.1.9_2021"
"UTT.3.10_2012",FALSE,338,"OCG","UT","T","2012","UTT.3.10","2n","T_2n",NA,NA,NA,NA,40.9,"UTT.3.10_2012"
"UTT.3.3_2012",FALSE,409,"OCG","UT","T","2012","UTT.3.3","2n","T_2n",NA,NA,NA,NA,24.5,"UTT.3.3_2012"
"UTV.1.7_2012",FALSE,421,"OCG","UT","V","2012","UTV.1.7","2n","V_2n",NA,NA,NA,NA,24.7,"UTV.1.7_2012"
"UTV.3.4_2012",FALSE,281,"OCG","UT","V","2012","UTV.3.4","4n","V_4n",NA,NA,NA,NA,17.8,"UTV.3.4_2012"
"UTV.3.5_2012",TRUE,6,"OCG","UT","V","2012","UTV.3.5","4n","V_4n",NA,NA,NA,NA,18,"UTV.3.5_2012"
"UTV.3.5_2021",TRUE,6,"OCG","UT","V","2021","UTV.3.5","4n","V_4n",NA,NA,NA,NA,58.5,"UTV.3.5_2021"
"UTW.1.1_2012",FALSE,296,"OCG","UT","W","2012","UTW.1.1","4n","W_4n",NA,NA,NA,NA,16.3,"UTW.1.1_2012"
"UTW.1.10_2021",FALSE,272,"OCG","UT","W","2021","UTW.1.10","4n","W_4n",NA,NA,NA,NA,77,"UTW.1.10_2021"
"UTW.2.10_2012",FALSE,84,"OCG","UT","W","2012","UTW.2.10","4n","W_4n",NA,NA,NA,NA,14.4,"UTW.2.10_2012"
"UTW.2.3_2021",FALSE,343,"OCG","UT","W","2021","UTW.2.3","4n","W_4n",NA,NA,NA,NA,88.4,"UTW.2.3_2021"
"UTW.2.6_2012",FALSE,157,"OCG","UT","W","2012","UTW.2.6","4n","W_4n",NA,NA,NA,NA,13.4,"UTW.2.6_2012"
"UTWV.2.1_2012",TRUE,189,"OCG","UT","W","2012","UTWV.2.1","4n","W_4n",NA,NA,NA,NA,15.5,"UTWV.2.1_2012"
"UTWV.2.10_2021",FALSE,56,"OCG","UT","W","2021","UTWV.2.10","4n","W_4n",NA,NA,NA,NA,36.2,"UTWV.2.10_2021"
"UTWV.2.7_2012",TRUE,271,"OCG","UT","W","2012","UTWV.2.7","4n","W_4n",NA,NA,NA,NA,14.9,"UTWV.2.7_2012"
"UTWV.2.7_2021",TRUE,271,"OCG","UT","W","2021","UTWV.2.7","4n","W_4n",NA,NA,NA,NA,100.7,"UTWV.2.7_2021"
"UTWV.2.8_2012",TRUE,216,"OCG","UT","W","2012","UTWV.2.8","4n","W_4n",NA,NA,NA,NA,18.7,"UTWV.2.8_2012"
"WAT.1.3_2021",TRUE,349,"OCG","WA","T","2021","WAT.1.3","2n","T_2n",NA,NA,NA,NA,103.3,"WAT.1.3_2021"
"WAT.1.4_2012v1",TRUE,304,"OCG","WA","T","2012","WAT.1.4","2n","T_2n",NA,NA,NA,NA,15.2,"WAT.1.4_2012"
"WAT.1.4_2021",TRUE,304,"OCG","WA","T","2021","WAT.1.4","2n","T_2n",NA,NA,NA,NA,96.7,"WAT.1.4_2021"
"WAT.1.6_2012",TRUE,192,"OCG","WA","T","2012","WAT.1.6","2n","T_2n",NA,NA,NA,NA,20.2,"WAT.1.6_2012"
"WAT.1.6_2021",TRUE,192,"OCG","WA","T","2021","WAT.1.6","2n","T_2n",NA,NA,NA,NA,27,"WAT.1.6_2021"
"WAT.1.9_2012v1",TRUE,195,"OCG","WA","T","2012","WAT.1.9","2n","T_2n",NA,NA,NA,NA,24.5,"WAT.1.9_2012"
"WAT.1.9_2021",TRUE,195,"OCG","WA","T","2021","WAT.1.9","2n","T_2n",NA,NA,NA,NA,92.4,"WAT.1.9_2021"
"WAT.2.1_2021",TRUE,158,"OCG","WA","T","2021","WAT.2.1","4n","T_4n",NA,NA,NA,NA,146.7,"WAT.2.1_2021"
"WAT.2.3_2012",FALSE,10,"OCG","WA","T","2012","WAT.2.3","4n","T_4n",NA,NA,NA,NA,19.6,"WAT.2.3_2012"
"WAT.2.4_2012",TRUE,268,"OCG","WA","T","2012","WAT.2.4","4n","T_4n",NA,NA,NA,NA,83.2,"WAT.2.4_2012"
"WAT.2.4_2021",TRUE,268,"OCG","WA","T","2021","WAT.2.4","4n","T_4n",NA,NA,NA,NA,43.5,"WAT.2.4_2021"
"WAT.2.7_2012",FALSE,282,"OCG","WA","T","2012","WAT.2.7","4n","T_4n",NA,NA,NA,NA,71.1,"WAT.2.7_2012"
"WAT.2.8_2012v2",TRUE,64,"OCG","WA","T","2012","WAT.2.8","4n","T_4n",NA,NA,NA,NA,21.6,"WAT.2.8_2012"
"WAW.1.1_2012",FALSE,287,"OCG","WA","W","2012","WAW.1.1","4n","W_4n",NA,NA,NA,NA,15.8,"WAW.1.1_2012"
"WAW.1.2_2012",TRUE,418,"OCG","WA","W","2012","WAW.1.2","4n","W_4n",NA,NA,NA,NA,0.1,"WAW.1.2_2012"
"WAW.1.2_2021",TRUE,418,"OCG","WA","W","2021","WAW.1.2","4n","W_4n",NA,NA,NA,NA,130.6,"WAW.1.2_2021"
"WAW.1.3_2012",TRUE,356,"OCG","WA","W","2012","WAW.1.3","4n","W_4n",NA,NA,NA,NA,20.7,"WAW.1.3_2012"
"WAW.1.3_2021",TRUE,356,"OCG","WA","W","2021","WAW.1.3","4n","W_4n",NA,NA,NA,NA,117.6,"WAW.1.3_2021"
"WAW.1.4_2012",FALSE,436,"OCG","WA","W","2012","WAW.1.4","4n","W_4n",NA,NA,NA,NA,0,"WAW.1.4_2012"
"WAW.1.5_2012",FALSE,378,"OCG","WA","W","2012","WAW.1.5","4n","W_4n",NA,NA,NA,NA,16.4,"WAW.1.5_2012"
"WAW.1.6_2012",TRUE,135,"OCG","WA","W","2012","WAW.1.6","4n","W_4n",NA,NA,NA,NA,15.2,"WAW.1.6_2012"
"WAW.1.6_2021",TRUE,135,"OCG","WA","W","2021","WAW.1.6","4n","W_4n",NA,NA,NA,NA,65.4,"WAW.1.6_2021"
"WAW.1.7_2012",FALSE,236,"OCG","WA","W","2012","WAW.1.7","4n","W_4n",NA,NA,NA,NA,17.9,"WAW.1.7_2012"
