"Plant","C001","C002","C003","C004","C005","C006","C007","C008","C009","C010","C011","C012","C013","C014","C015","C016","C017","C018","C019","C020","C021","C022","C023","C024","C025","C026","C027","C028","C029","C030","C031","C032","C033","C034","C035","C036","C037","C038","C039","C040","C041","C042","C043","C044","C045","C046","C047","C048","C049","C050","C051","C052","C053","C054","C055","C056","C057","C058","C059","C060","C061","C062","C063","C064","C065","C066","C067","C068","C069","C070","C071","C072","C073"
"UTV.3.5",296.987,4089.991,NA,NA,789.594,281.178,551.472,253.881,295.824,NA,NA,384.577,NA,NA,357.18,NA,NA,777.103,352.465,NA,2732.291,NA,NA,2707.42,216.993,NA,NA,350.629,245.803,582.91,NA,NA,NA,151.888,NA,235.591,126.73,85.328,1393.958,365.544,NA,NA,3144.035,285.408,NA,NA,NA,229.81,53.46,164.828,76.46,171.876,122.289,NA,NA,105.381,NA,NA,NA,NA,NA,210.191,NA,207.642,NA,NA,249.477,NA,NA,NA,NA,NA,NA
"WAT.2.3",1022.986,1137.044,NA,NA,NA,NA,NA,NA,509.792,NA,261.468,NA,NA,NA,3331.467,NA,NA,NA,182.212,NA,6892.299,NA,NA,2875.998,391.359,NA,142.393,NA,NA,255.805,NA,14361.198,NA,NA,NA,NA,104.508,120.759,NA,139.068,115.728,NA,445.475,437.124,NA,NA,NA,210.584,NA,119.689,NA,NA,NA,NA,NA,NA,NA,NA,NA,NA,NA,NA,NA,644.963,NA,105.558,180.889,NA,NA,NA,NA,NA,NA
"ORTW.2.1",927.466,1287.518,NA,NA,NA,NA,NA,NA,548.985,NA,NA,778.592,151.573,NA,2254.016,NA,NA,NA,NA,NA,1091.742,NA,NA,2392.607,1094.026,NA,935.105,115.724,NA,NA,NA,NA,NA,NA,NA,NA,744.274,116.824,NA,143.778,NA,NA,NA,89.216,NA,NA,NA,189.63,57.757,159.595,NA,NA,NA,116.315,NA,NA,NA,NA,NA,NA,NA,75.597,NA,160.798,NA,58.848,152.136,345.111,148.925,NA,NA,NA,NA
"UTT.1.8",316.133,3039.178,NA,NA,NA,NA,NA,NA,635.822,NA,NA,1274.823,NA,NA,645.065,NA,NA,682.707,244.599,NA,1348.896,NA,NA,4045.603,195.786,NA,NA,880.646,711.938,491.374,NA,NA,199.17,159.189,NA,NA,172.411,93.833,647.498,311.292,75.383,NA,3009.958,188.637,160.148,122.912,NA,471.704,73.817,178.651,NA,198.68,78.5,NA,NA,498.036,NA,NA,NA,NA,NA,NA,NA,385.035,NA,NA,79.545,NA,NA,NA,NA,NA,NA
"NMT.2.5",633.061,3086.591,NA,NA,545.142,NA,NA,NA,2281.717,NA,197.13,977.469,NA,NA,5502.897,NA,NA,272.704,181.094,NA,4746.065,NA,NA,2232.258,1101.74,NA,NA,442.108,366.913,128.906,111.05,NA,117.84,173.429,NA,NA,2117.48,5493.289,510.066,340.467,NA,120.522,375.267,389.993,NA,151.486,106.909,411.895,114.33,295.598,NA,NA,146.745,NA,NA,125.328,NA,NA,NA,NA,NA,70.696,NA,380.452,NA,NA,148.499,NA,NA,NA,NA,NA,NA
"UTT.1.5",399.753,1596.315,NA,NA,NA,NA,NA,NA,313.48,NA,NA,1370.219,2313.761,NA,1088.011,NA,NA,NA,145.96,NA,4114.135,NA,NA,2054.18,371.383,NA,962.757,95.651,NA,NA,NA,NA,NA,NA,NA,NA,439.193,5160.686,193.627,127.353,NA,NA,228.307,319.239,NA,NA,NA,319.773,NA,52.211,NA,NA,NA,NA,NA,NA,NA,NA,NA,NA,NA,115.112,NA,211.287,NA,123.796,406.217,123.574,NA,NA,NA,NA,NA
"CAVW.3.1",290.918,3028.827,NA,NA,784.65,258.479,NA,NA,1148.948,NA,180.947,440.78,NA,NA,3436.386,NA,NA,782.993,NA,NA,1944.759,NA,NA,3008.677,968.385,NA,NA,323.232,322.874,1182.131,85.39,NA,NA,NA,NA,179.536,1256.01,3762.332,512.04,315.582,NA,NA,6929.535,197.055,NA,84.16,NA,137.927,231.061,594.52,NA,NA,255.4,NA,NA,135.513,NA,NA,NA,NA,NA,58.586,NA,159.507,NA,NA,121.486,NA,NA,77.114,NA,NA,NA
"CAT.2.7",1055.939,2172.391,NA,NA,NA,NA,NA,NA,2566.353,NA,714.876,1499.555,NA,NA,3127.426,NA,NA,NA,280.064,NA,10286.657,NA,NA,359.154,2432.908,NA,113.225,148.609,NA,126.623,100.55,NA,NA,NA,NA,NA,1490.34,6723.375,NA,136.353,318.736,NA,499.598,790.357,83.542,NA,NA,212.301,106.219,216.386,NA,NA,172.36,NA,NA,85.787,NA,NA,NA,NA,NA,172.001,NA,1087.165,63.871,152.863,623.466,68.726,NA,NA,NA,NA,NA
"CAV.1.10",786.088,3514.869,NA,NA,599.378,NA,595.296,NA,699.505,NA,NA,182.146,NA,NA,473.392,NA,NA,466.669,NA,NA,114.437,NA,NA,2091.571,NA,NA,681.142,465.071,NA,180.829,NA,188.898,133.625,NA,NA,NA,117.959,1089.994,NA,173.736,NA,225.559,NA,NA,NA,NA,NA,535.824,61.11,187.674,NA,149.575,NA,135.104,NA,82.543,NA,NA,NA,NA,NA,NA,NA,110.228,NA,NA,NA,NA,NA,NA,NA,NA,NA
"IDW.1.7",889.071,3283.547,NA,NA,762.535,NA,NA,NA,923.639,NA,NA,530.858,335.575,NA,2062.173,NA,NA,227.188,NA,NA,381.845,NA,NA,5146.652,2401.005,NA,898.725,310.363,302.123,177.484,101.568,NA,NA,272.66,NA,NA,2064.484,81.843,799.627,NA,NA,NA,582.934,77.979,NA,NA,NA,521.467,169.643,466.623,NA,NA,188.767,NA,NA,134.49,NA,NA,NA,NA,NA,NA,NA,333.91,NA,NA,NA,NA,NA,NA,NA,NA,NA
"WAT.2.8",1321.467,3864.949,NA,NA,673.829,300.128,NA,NA,489.583,NA,181.013,256.514,NA,NA,404.226,NA,NA,681.536,176.88,NA,2970.157,NA,NA,6633.563,375.613,NA,NA,413.589,430.159,1198.25,NA,NA,138.351,NA,NA,NA,157.691,72.553,1287.199,96.967,103.713,NA,786.966,332.171,NA,NA,NA,347.477,75.152,172.592,NA,129.28,142.702,NA,NA,NA,NA,NA,NA,NA,NA,NA,NA,543.185,NA,NA,103.429,NA,NA,NA,NA,NA,NA
"IDW.3.6",NA,3218.328,NA,NA,NA,NA,NA,NA,593.854,NA,NA,249.191,NA,NA,464.05,NA,NA,715.069,NA,NA,2055.244,NA,NA,2734.957,161.839,NA,NA,564.795,469.871,516.88,NA,117.828,123.442,NA,NA,173.667,141.236,867.436,NA,260.485,NA,76.647,2071.832,188.117,NA,NA,NA,264.774,NA,199.612,NA,210.309,93.315,NA,NA,69.276,NA,NA,NA,NA,NA,153.045,NA,160.14,NA,NA,200.863,NA,NA,NA,NA,NA,NA
"IDW.1.3",NA,2102.042,NA,NA,NA,NA,NA,NA,364.058,NA,146.475,191.881,NA,NA,535.964,NA,NA,502.911,NA,NA,261.643,NA,NA,5333.178,188.729,NA,NA,295.714,NA,510.251,NA,170.584,131.126,NA,NA,NA,204.834,79.113,1190.074,265.98,69.275,NA,1716.979,NA,NA,NA,NA,280.83,NA,191.196,NA,134.67,126.087,NA,NA,64.083,NA,NA,NA,NA,NA,143.796,NA,NA,NA,NA,349.408,NA,NA,NA,NA,NA,NA
"COVW.2.3",742.898,940.912,NA,NA,NA,NA,NA,NA,NA,NA,571.333,1790.123,NA,NA,2331.686,NA,NA,NA,344.653,NA,12048.99,NA,NA,163.267,931.148,NA,156.079,140.976,NA,130.167,NA,NA,NA,NA,NA,NA,934.062,8798.309,NA,252.514,459.583,NA,440.803,1023.473,134.93,NA,NA,175.493,57.728,105.359,NA,NA,130.224,NA,NA,235.375,NA,NA,NA,NA,NA,91.091,NA,250.493,NA,NA,382.527,NA,NA,NA,NA,NA,NA
"UTW.2.10",827.43,2129.901,NA,NA,431.155,NA,NA,NA,454.328,NA,197.585,1661.1,NA,NA,3903.827,NA,NA,NA,149.394,NA,4644.803,NA,NA,464.776,2708.481,NA,104.699,137.191,NA,NA,NA,NA,NA,140.092,NA,NA,2174.491,7183.259,NA,310.158,79.48,NA,308.688,397.705,NA,NA,NA,228.102,122.377,391.914,NA,NA,217.046,NA,NA,108.457,NA,NA,NA,NA,NA,228.635,NA,667.199,NA,988.258,251.735,NA,NA,NA,NA,NA,NA
"IDW.3.8",469.334,3867.459,NA,NA,534.733,264.969,NA,NA,1628.282,NA,NA,668.135,NA,NA,6094.02,NA,NA,378.119,NA,NA,2418.679,NA,NA,2179.517,469.612,NA,NA,436.016,NA,140.724,120.015,NA,117.549,213.55,NA,NA,1889.834,4502.443,1168.394,241.302,120.101,485.712,NA,240.744,NA,NA,NA,517.736,250.986,546.172,NA,NA,312.256,NA,NA,188.164,NA,NA,NA,NA,NA,NA,NA,64.801,NA,NA,NA,NA,NA,NA,NA,NA,NA
"IDW.1.8",284.24,3877.324,NA,NA,760.013,340.464,603.564,NA,913.599,NA,NA,NA,NA,NA,590.686,NA,NA,910.656,NA,NA,1391.512,NA,NA,4239.231,206.567,NA,NA,723.148,540.806,693.788,NA,178.507,168.063,NA,NA,198.943,151.52,89.187,1496.156,306.043,NA,NA,4644.499,182.251,NA,NA,NA,343.971,94.512,245.373,NA,185.625,193.578,NA,NA,117.894,NA,NA,NA,NA,NA,NA,NA,308.216,NA,NA,151.099,NA,NA,NA,NA,NA,NA
"IDV.5.8",743.798,4078.593,NA,NA,636.804,261.982,470.399,NA,322.116,NA,NA,1545.547,NA,NA,656.544,NA,NA,825.946,NA,NA,1650.632,NA,NA,5729.965,252.328,NA,NA,659.226,415.936,791.512,NA,NA,377.596,NA,NA,162.148,173.782,4273.269,1820.9,222.412,NA,NA,5450.581,171.72,161.953,NA,NA,394.894,147.719,669.765,81.312,156.032,369.945,NA,71.933,281.245,NA,NA,NA,NA,NA,123.151,NA,79.155,NA,NA,231.422,NA,NA,NA,NA,NA,NA
"IDV.3.7",678.529,2467.639,NA,NA,460.327,NA,NA,198.065,401.978,NA,531.07,1337.15,NA,NA,4587.028,NA,NA,NA,330.89,179.833,12695.224,NA,NA,192.112,1089.034,NA,161.593,402.651,328.222,121.383,NA,NA,NA,182.135,NA,NA,1270.824,6592.971,NA,324.765,379.17,NA,509.474,911.034,104.109,NA,NA,411.742,89.143,184.324,NA,NA,201.97,NA,NA,110.564,NA,NA,NA,NA,NA,265.674,NA,NA,NA,NA,108.922,NA,NA,NA,NA,NA,NA
"IDV.2.7",1515.106,5217.084,NA,NA,NA,NA,NA,NA,4121.907,NA,NA,NA,NA,NA,1727.829,NA,NA,1009.174,NA,NA,1622.218,213.609,NA,5237.582,353.212,NA,NA,1702.391,1052.62,292.623,NA,NA,473.328,365.583,NA,NA,802.995,NA,3017.507,495,NA,NA,1335.936,163.142,NA,NA,NA,508.95,NA,181.497,NA,179.997,125.944,NA,NA,112.684,NA,NA,NA,NA,NA,NA,NA,304.25,NA,97.268,NA,NA,NA,NA,NA,NA,NA
"CAV.2.10",NA,3694.588,NA,NA,770.864,335.097,230.377,NA,521.324,NA,NA,246.497,NA,NA,632.68,NA,NA,911.991,300.934,NA,800.137,NA,NA,8197.762,355.017,NA,NA,469.336,NA,787.045,NA,NA,144.652,185.269,NA,224.236,238.945,107.924,1566.846,412.116,NA,NA,8791.039,NA,NA,100.588,NA,194.877,73.354,425.634,NA,158.788,283.854,NA,NA,154.99,NA,NA,NA,NA,NA,NA,NA,408.307,NA,NA,159.163,NA,NA,NA,NA,NA,NA
"ORT.2.10",676.869,3106.537,NA,NA,NA,NA,NA,NA,1344.376,NA,187.493,482.328,NA,NA,5845.966,NA,NA,328.218,NA,NA,2182.137,NA,NA,1607.957,1276.695,NA,NA,450.168,333.156,NA,NA,NA,116.562,267.966,NA,NA,1950.976,5136.517,715.211,234.261,NA,153.281,227.667,243.608,NA,136.598,113.391,333.177,59.483,217.57,NA,NA,120.555,NA,NA,64.602,NA,NA,NA,NA,NA,NA,NA,207.371,NA,141.958,85.247,NA,NA,NA,NA,NA,NA
"CAV.3.6",986.628,1875.632,NA,NA,NA,NA,NA,NA,649.384,NA,303.989,2417.725,NA,NA,2549.45,NA,NA,NA,NA,NA,2772.073,NA,NA,313.138,433.168,NA,NA,124.105,113.819,NA,NA,NA,NA,NA,NA,NA,846.673,8859.785,NA,174.898,142.343,NA,387.369,150.874,139.477,NA,NA,141.731,86.453,81.915,NA,NA,108.04,NA,NA,290.167,NA,NA,NA,NA,NA,NA,NA,198.996,NA,NA,69.294,NA,NA,NA,NA,NA,NA
"CAV.1.4",NA,1334.606,NA,NA,NA,NA,NA,NA,593.614,NA,NA,365.499,NA,NA,2704.303,NA,NA,NA,NA,NA,2907.841,NA,NA,248.377,895.865,NA,NA,294.57,223.251,NA,NA,NA,NA,151.864,NA,134.625,931.291,2449.259,NA,324.207,107.412,NA,NA,218.41,NA,NA,NA,153.208,76.427,112.43,NA,NA,206.497,NA,NA,NA,NA,NA,NA,NA,NA,180.923,NA,130.746,NA,NA,116.814,NA,NA,NA,NA,NA,NA
"COVW.2.2",268.366,2120.5,NA,NA,520.861,NA,NA,NA,1745.632,NA,NA,816.477,NA,NA,7808.818,NA,NA,NA,NA,NA,3039.114,NA,NA,333.418,937.989,NA,NA,190.474,187.521,NA,147.652,NA,NA,185.928,NA,146.525,2701.834,4903.339,NA,374.324,NA,98.643,137.665,305.472,NA,NA,107.636,447.009,139.254,210.516,73.695,NA,167.166,NA,NA,125.283,NA,NA,NA,NA,NA,103.153,NA,296.091,NA,86.141,105.218,NA,NA,NA,NA,NA,NA
"CAV.4.4",NA,2152.866,NA,NA,NA,NA,NA,NA,581.132,NA,138.408,178.474,NA,NA,364.996,NA,NA,772.194,NA,NA,389.987,NA,NA,1355.731,NA,NA,NA,231.88,NA,278.17,NA,139.26,146.406,NA,NA,NA,142.275,1892.552,939.305,174.99,104.357,NA,2729.7,81.174,NA,NA,NA,337.164,NA,81.811,NA,123.284,88.819,NA,NA,NA,NA,NA,NA,NA,NA,NA,NA,231.085,NA,NA,131.879,NA,NA,NA,NA,NA,NA
"WAW.1.6",577.865,2055.48,NA,NA,549.316,NA,NA,NA,801.553,NA,505.818,1390.965,NA,NA,4775.893,NA,NA,NA,242.943,150.432,10226.738,159.614,NA,166.158,919.689,NA,170.338,171.491,NA,106.82,NA,NA,NA,NA,NA,NA,1784.351,6443.212,NA,282.863,330.538,85.743,254.293,825.88,125.296,NA,NA,395.168,101.54,150.417,NA,NA,163.76,NA,NA,NA,NA,NA,NA,NA,NA,NA,NA,NA,NA,NA,68.881,NA,NA,NA,NA,NA,NA
"COW.1.8",117.271,2236.118,NA,NA,671.514,NA,NA,NA,988.513,NA,176.749,1417.431,NA,NA,6425.449,NA,NA,NA,180.315,NA,6916.337,NA,NA,248.328,876.412,NA,NA,106.917,108.209,NA,90.395,NA,NA,143.56,NA,NA,2322.554,6556.806,125.496,419.009,118.123,125.977,298.223,584.198,NA,NA,NA,353.387,77.813,127.418,108.318,NA,158.993,NA,NA,131.249,NA,NA,NA,NA,NA,126.517,NA,580.468,NA,156.774,82.518,NA,NA,NA,NA,NA,NA
"NVV.2.9",803.585,2598.282,NA,NA,NA,NA,NA,NA,593.082,NA,NA,249.657,NA,NA,2422.115,NA,NA,NA,NA,NA,1294.795,NA,NA,516.843,187.087,NA,161.421,113.622,NA,NA,NA,NA,NA,NA,NA,247.073,945.009,300.481,NA,252.838,NA,65.229,NA,114.016,NA,NA,NA,386.391,86.241,64.366,NA,NA,NA,NA,NA,NA,NA,NA,NA,NA,NA,164.605,NA,612.563,NA,173.335,513.348,NA,NA,NA,NA,NA,NA
"UTW.2.6",619.073,3445.348,NA,NA,NA,NA,NA,NA,2548.163,NA,NA,145.867,NA,NA,480.571,NA,NA,454.007,NA,NA,1388.784,NA,NA,3243.94,107.513,NA,160.526,574.423,451.288,240.549,NA,183.184,NA,184.083,NA,NA,257.42,751.772,719.786,265.884,NA,99.811,740.734,129.485,NA,NA,NA,398.682,NA,NA,NA,157.071,NA,NA,NA,NA,NA,NA,NA,NA,NA,NA,NA,305.898,NA,NA,142.745,NA,NA,NA,NA,NA,NA
"NMT.2.8",624.541,3456,NA,NA,631.778,NA,NA,NA,1750.641,NA,NA,NA,NA,NA,983.024,NA,NA,255.284,NA,NA,315.178,NA,NA,5018.684,1071.03,NA,361.185,215.963,244.141,173.507,NA,NA,151.741,NA,NA,NA,914.354,NA,887.105,201.384,NA,106.515,432.864,94.113,NA,NA,NA,397.596,96.506,388.415,NA,155.441,161.793,NA,NA,80.173,NA,NA,NA,NA,NA,NA,NA,763.608,NA,NA,156.04,95.473,NA,NA,NA,NA,NA
