X,C001,,,C002,,,C003,,,C004,,,C005,,,C006,,,C007,,,C008,,,C009,,,C010,,,C011,,,C012,,,C013,,,C014,,,C015,,,C016,,,C017,,,C018,,,C019,,,C020,,,C021,,,C022,,,C023,,,C024,,,C025,,,C026,,,C027,,,C028,,,C029,,,C030,,,C031,,,C032,,,C033,,,C034,,,C035,,,C036,,,C037,,,C038,,,C039,,,C040,,,C041,,,C042,,,C043,,,C044,,,C045,,,C046,,,C047,,,C048,,,C049,,,C050,,,C051,,,C052,,,C053,,,C054,,,C055,,,C056,,,C057,,,C058,,,C059,,,C060,,,C061,,,C062,,,C063,,,C064,,,C065,,,C066,,,C067,,,C068,,,C069,,,C070,,,C071,,,C072,,,C073,,,C074,,
Plant_ID,RT,Peak Area,"Peak Area
Percent",RT,Peak Area,"Peak Area
Percent",RT,Peak Area,"Peak Area
Percent",RT,Peak Area,"Peak Area
Percent",RT,Peak Area,"Peak Area
Percent",RT,Peak Area,"Peak Area
Percent",RT,Peak Area,"Peak Area
Percent",RT,Peak Area,"Peak Area
Percent",RT,Peak Area,"Peak Area
Percent",RT,Peak Area,"Peak Area
Percent",RT,Peak Area,"Peak Area
Percent",RT,Peak Area,"Peak Area
Percent",RT,Peak Area,"Peak Area
Percent",RT,Peak Area,"Peak Area
Percent",RT,Peak Area,"Peak Area
Percent",RT,Peak Area,"Peak Area
Percent",RT,Peak Area,"Peak Area
Percent",RT,Peak Area,"Peak Area
Percent",RT,Peak Area,"Peak Area
Percent",RT,Peak Area,"Peak Area
Percent",RT,Peak Area,"Peak Area
Percent",RT,Peak Area,"Peak Area
Percent",RT,Peak Area,"Peak Area
Percent",RT,Peak Area,"Peak Area
Percent",RT,Peak Area,"Peak Area
Percent",RT,Peak Area,"Peak Area
Percent",RT,Peak Area,"Peak Area
Percent",RT,Peak Area,"Peak Area
Percent",RT,Peak Area,"Peak Area
Percent",RT,Peak Area,"Peak Area
Percent",RT,Peak Area,"Peak Area
Percent",RT,Peak Area,"Peak Area
Percent",RT,Peak Area,"Peak Area
Percent",RT,Peak Area,"Peak Area
Percent",RT,Peak Area,"Peak Area
Percent",RT,Peak Area,"Peak Area
Percent",RT,Peak Area,"Peak Area
Percent",RT,Peak Area,"Peak Area
Percent",RT,Peak Area,"Peak Area
Percent",RT,Peak Area,"Peak Area
Percent",RT,Peak Area,"Peak Area
Percent",RT,Peak Area,"Peak Area
Percent",RT,Peak Area,"Peak Area
Percent",RT,Peak Area,"Peak Area
Percent",RT,Peak Area,"Peak Area
Percent",RT,Peak Area,"Peak Area
Percent",RT,Peak Area,"Peak Area
Percent",RT,Peak Area,"Peak Area
Percent",RT,Peak Area,"Peak Area
Percent",RT,Peak Area,"Peak Area
Percent",RT,Peak Area,"Peak Area
Percent",RT,Peak Area,"Peak Area
Percent",RT,Peak Area,"Peak Area
Percent",RT,Peak Area,"Peak Area
Percent",RT,Peak Area,"Peak Area
Percent",RT,Peak Area,"Peak Area
Percent",RT,Peak Area,"Peak Area
Percent",RT,Peak Area,"Peak Area
Percent",RT,Peak Area,"Peak Area
Percent",RT,Peak Area,"Peak Area
Percent",RT,Peak Area,"Peak Area
Percent",RT,Peak Area,"Peak Area
Percent",RT,Peak Area,"Peak Area
Percent",RT,Peak Area,"Peak Area
Percent",RT,Peak Area,"Peak Area
Percent",RT,Peak Area,"Peak Area
Percent",RT,Peak Area,"Peak Area
Percent",RT,Peak Area,"Peak Area
Percent",RT,Peak Area,"Peak Area
Percent",RT,Peak Area,"Peak Area
Percent",RT,Peak Area,"Peak Area
Percent",RT,Peak Area,"Peak Area
Percent",RT,Peak Area,"Peak Area
Percent",RT,Peak Area,"Peak Area
Percent"
131,,,,3.015,3412.864,6.05,4.2357,225.455,0.4,,,,5.0121,834.076,1.48,,,,,,,11.6286,1533.888,2.72,,,,12.1688,182.541,0.32,12.6577,217.217,0.39,13.2831,3128.403,5.55,,,,14.2627,444.824,0.79,14.4428,4992.382,8.86,,,,,,,15.3094,124.82,0.22,15.9227,206.213,0.37,16.5584,4326.201,7.68,16.7699,287.948,0.51,,,,,,,17.3483,1297.332,2.3,,,,17.9672,1824.524,3.24,18.2074,229.113,0.41,,,,,,,,,,,,,19.6272,846.316,1.5,19.8791,140.471,0.25,,,,,,,20.4586,901.521,1.6,20.5474,195.104,0.35,20.9415,266.4,0.47,21.2783,237.052,0.42,21.3291,118.968,0.21,,,,21.5596,212.812,0.38,,,,,,,,,,,,,,,,,,,,,,,,,,,,,,,,,,23.7534,85.964,0.15,,,,,,,,,,,,,,,,,,,25.116,143.55,0.25,,,,,,,,,,,,,,,,,,,,,,,,,,,,,,,,,,,,,,,
189,,,,3.0162,3923.162,9.61,4.2372,177.403,0.43,,,,,,,,,,,,,11.604,193.661,0.47,,,,12.1495,200.229,0.49,12.6586,416.288,1.02,13.2692,1771.506,4.34,,,,,,,,,,,,,,,,15.343,232.902,0.57,15.9314,564.662,1.38,,,,16.6251,11053.187,27.07,,,,,,,,,,,,,17.9163,178.867,0.44,18.1944,311.469,0.76,18.3945,107.437,0.26,18.592,202.311,0.5,,,,,,,19.5945,187.403,0.46,,,,,,,,,,20.3597,186.667,0.46,20.7027,6647.752,16.28,,,,21.1528,299.7,0.73,21.2849,670.364,1.64,,,,21.5742,755.979,1.85,,,,,,,22.0069,137.733,0.34,,,,,,,,,,,,,,,,,,,,,,,,,23.7596,341.076,0.84,,,,,,,,,,,,,,,,,,,25.1199,344.541,0.84,,,,,,,,,,,,,,,,,,,,,,,,,,,,,,,,,,,,,,,
205,,,,3.0144,3659.919,6.97,4.2364,151.771,0.29,4.8348,548.261,1.04,,,,,,,,,,11.6288,1349.769,2.57,,,,12.1648,133.055,0.25,12.6695,707.196,1.35,13.2735,1729.285,3.29,,,,14.2561,159.693,0.3,,,,,,,,,,,,,15.9478,883.674,1.68,16.2446,283.651,0.54,16.6837,18450.698,35.13,,,,,,,,,,,,,17.9743,1355.268,2.58,18.2057,197.537,0.38,,,,18.606,323.155,0.62,,,,,,,19.6041,144.976,0.28,19.8714,238.642,0.45,,,,,,,20.4768,1551.751,2.95,,,,,,,21.1669,411.147,0.78,21.3023,947.947,1.8,,,,21.5923,1215.5,2.31,,,,,,,21.9919,335.277,0.64,,,,,,,,,,,,,,,,,,,,,,,,,23.7598,183.416,0.35,,,,,,,,,,,,,,,,,,,25.1216,308.003,0.59,,,,,,,,,,,,,,,,,,,,,,,,,,,,,,,,,,,,,,,
216,,,,3.0151,1494.619,6.45,4.1727,109.172,0.47,4.9117,202.339,0.87,,,,,,,,,,,,,,,,,,,,,,13.2419,462.41,1.99,,,,,,,,,,,,,,,,15.3132,1138.07,4.91,,,,16.4991,949.447,4.09,,,,,,,,,,,,,17.7125,9443.525,40.73,17.9309,116.255,0.5,,,,18.4611,1781.843,7.68,,,,,,,,,,,,,19.8761,283.597,1.22,,,,,,,20.3959,143.848,0.62,20.6131,1672.479,7.21,,,,21.2719,259.243,1.12,21.3669,2028.461,8.75,,,,21.5519,128.95,0.56,,,,21.7402,121.428,0.52,,,,22.3939,111.439,0.48,,,,,,,,,,,,,,,,,,,,,,23.7544,191.574,0.83,,,,,,,,,,,,,,,,,,,25.115,85.63,0.37,,,,,,,,,,,,,,,,,,,,,,,,,,,,,,,,,,,,,,,
23,,,,3.0165,2787.114,11.16,4.2379,177.494,0.71,,,,5.0229,418.796,1.68,,,,,,,11.6024,105.877,0.42,,,,12.1641,175.133,0.7,,,,13.2655,1487.95,5.96,,,,,,,,,,,,,,,,,,,,,,16.5004,1118.167,4.48,,,,,,,,,,,,,,,,17.9058,113.621,0.45,18.177,104.288,0.42,,,,,,,,,,,,,19.4109,172.15,0.69,19.864,127.531,0.51,,,,,,,20.4705,1682.083,6.73,20.7117,7166.798,28.69,20.9062,133.153,0.53,21.2649,121.274,0.49,,,,,,,21.5466,87.789,0.35,,,,,,,,,,,,,,,,23.0391,71.438,0.29,,,,23.3104,85.122,0.34,,,,,,,,,,23.7542,116.999,0.47,,,,,,,,,,,,,,,,,,,25.1163,156.628,0.63,,,,,,,,,,,,,,,,,,,,,,,,,,,,,,,,,,,,,,,
233,,,,3.0182,5537.024,14.29,4.2385,351.618,0.91,4.8659,876.274,2.26,,,,,,,,,,11.6143,445.057,1.15,,,,12.1408,186.569,0.48,12.6727,168.099,0.43,13.2588,1042.126,2.69,,,,,,,,,,,,,,,,15.3011,424.994,1.1,,,,16.5014,656.754,1.69,16.7599,341.096,0.88,,,,,,,17.3617,2256.244,5.82,,,,17.9733,1768.169,4.56,18.2184,369.423,0.95,18.4113,204.333,0.53,,,,,,,18.9141,91.808,0.24,19.4571,94.776,0.24,,,,,,,,,,20.4713,2254.971,5.82,20.6715,3172.34,8.18,20.8117,100.405,0.26,21.2284,121.459,0.31,21.3427,319.782,0.83,,,,,,,,,,,,,21.912,99.054,0.26,,,,,,,22.998,76.817,0.2,23.1625,107.724,0.28,23.334,132.626,0.34,23.4584,62.766,0.16,,,,,,,,,,,,,,,,,,,,,,,,,,,,,,,,,,,,,,,,,,,,,,,,,,,,,,,,,,,,,,,,,,,,,
25,,,,3.0151,16610.456,29.19,4.0143,332.98,0.59,4.9054,335.124,0.59,,,,,,,,,,11.6071,578.544,1.02,,,,,,,,,,13.2432,600.071,1.05,13.7028,206.611,0.36,,,,,,,,,,,,,15.3371,1675.623,2.94,15.776,1015.644,1.78,16.5489,3948.061,6.94,16.6629,97.748,0.17,,,,,,,17.3482,2402.887,4.22,,,,17.9508,752.607,1.32,18.2149,632.237,1.11,18.4445,1240.769,2.18,,,,,,,18.9607,112.067,0.2,19.4493,187.503,0.33,,,,,,,,,,20.4047,257.172,0.45,20.6322,2118.676,3.72,20.7973,85.293,0.15,21.1066,574.744,1.01,,,,21.4254,6521.632,11.46,,,,21.5997,175.969,0.31,,,,21.9261,256.923,0.45,,,,,,,22.9968,71.308,0.13,23.1627,167.14,0.29,23.2748,129.192,0.23,23.4586,113.85,0.2,,,,,,,23.7351,119.39,0.21,23.8461,103.988,0.18,,,,,,,,,,,,,24.9821,116.119,0.2,25.1193,290.183,0.51,,,,,,,,,,,,,,,,,,,,,,,,,,,,,,,,,,,,,,,
252,,,,3.0144,2620.046,3.85,,,,4.8473,701.106,1.03,,,,,,,,,,11.6125,415.842,0.61,,,,12.1674,251.331,0.37,12.6795,1328.144,1.95,13.3033,3900.246,5.74,,,,14.2637,266.742,0.39,,,,,,,,,,15.4557,367.93,0.54,15.957,1286.464,1.89,16.2684,319.066,0.47,16.7061,21597.42,31.77,,,,,,,,,,,,,17.9571,179.654,0.26,18.2071,348.074,0.51,,,,18.6085,443.382,0.65,,,,18.9098,102.964,0.15,,,,19.9055,246.11,0.36,,,,,,,20.2917,108.551,0.16,20.5461,2054.521,3.02,20.7994,14920.518,21.95,21.1862,757.079,1.11,21.3205,891.143,1.31,,,,,,,21.6129,1748.611,2.57,,,,21.8881,133.398,0.2,,,,,,,22.9977,144.33,0.21,23.1612,169.784,0.25,23.3169,61,0.09,23.4627,150.931,0.22,,,,,,,23.7663,400.052,0.59,,,,,,,,,,,,,,,,24.944,149.986,0.22,25.1197,166.972,0.25,,,,,,,,,,,,,,,,,,,,,,,,,,,,,,,,,,,,,,,
262,,,,3.0153,14922.591,21.5,4.233,687.307,0.99,4.8239,252.599,0.36,,,,,,,,,,11.6383,2458.41,3.54,11.958,105.453,0.15,,,,,,,13.247,592.038,0.85,13.7087,207.202,0.3,,,,,,,,,,,,,15.3605,1147.159,1.65,15.7824,746.807,1.08,16.5518,4438.765,6.4,16.7476,162.868,0.23,,,,,,,17.4789,12486.552,17.99,17.9003,237.98,0.34,18.0445,2052.999,2.96,18.1886,1212.783,1.75,18.4534,701.675,1.01,,,,,,,18.9746,278.078,0.4,19.5303,76.698,0.11,19.8825,153.397,0.22,,,,,,,20.4496,1207.696,1.74,20.6609,3106.147,4.48,20.8118,187.077,0.27,21.2572,408.944,0.59,21.3768,1776.676,2.56,,,,21.5693,94.294,0.14,,,,,,,21.9434,859.948,1.24,,,,,,,,,,23.1647,176.759,0.25,23.2736,59.503,0.09,23.4597,103.61,0.15,,,,,,,23.7385,141.913,0.2,,,,,,,,,,,,,,,,,,,25.1202,215.14,0.31,,,,,,,,,,,,,,,,,,,,,,,,,,,,,,,,,,,,,,,
271,,,,3.0137,4033.546,7.38,4.2352,234.065,0.43,4.8743,700.718,1.28,,,,,,,,,,11.6043,255.811,0.47,,,,,,,,,,13.2518,480.154,0.88,,,,,,,,,,,,,,,,15.3625,997.8,1.82,15.9213,167.134,0.31,16.5312,2512.75,4.59,16.8134,200.199,0.37,,,,,,,,,,17.8174,21311.358,38.97,18.0346,1404.986,2.57,18.1593,117.671,0.22,18.5275,3480.531,6.36,,,,,,,,,,19.6038,140.827,0.26,19.8934,212.729,0.39,,,,,,,20.4387,1060.118,1.94,20.5889,362.707,0.66,,,,21.2684,117.345,0.21,,,,21.4162,4958.329,9.07,21.591,102.906,0.19,,,,21.7552,102.617,0.19,,,,22.109,102.621,0.19,,,,22.9938,74.432,0.14,,,,,,,,,,,,,,,,23.732,81.053,0.15,,,,,,,,,,,,,,,,,,,25.1182,188.568,0.34,,,,,,,,,,,,,,,,,,,,,,,,,,,,,,,,,,,,,,,
272,,,,3.0075,2998.706,5.76,4.2363,524.145,1.01,,,,,,,,,,,,,11.6013,300.74,0.58,,,,12.157,106.243,0.2,12.662,812.384,1.56,13.2708,2209.388,4.25,,,,14.245,161.432,0.31,,,,,,,,,,15.4421,95.117,0.18,15.9252,365.367,0.7,,,,16.613,10147.25,19.5,,,,,,,,,,17.8409,247.566,0.48,17.9723,137.077,0.26,18.1928,211.528,0.41,,,,18.5909,162.181,0.31,,,,19.0586,358.515,0.69,19.5585,270.325,0.52,19.9174,382.272,0.73,,,,,,,20.3374,111.711,0.21,20.5648,1512.323,2.91,20.8322,19772.135,38,21.1932,742.97,1.43,21.3174,1250.955,2.4,,,,21.5778,591.168,1.14,,,,,,,21.8916,89.764,0.17,,,,,,,,,,23.1562,149.235,0.29,,,,23.456,65.349,0.13,,,,,,,23.7586,211.261,0.41,,,,,,,,,,,,,,,,,,,25.1191,221.616,0.43,,,,,,,,,,,,,,,,,,,,,,,,,,,,,,,,,,,,,,,
306,,,,3.0249,5951.187,9.79,3.5661,147.434,0.24,,,,,,,,,,,,,11.66,2609.72,4.29,,,,12.1655,142.397,0.23,12.6697,179.314,0.3,13.2692,891.259,1.47,,,,,,,14.475,7351.265,12.09,,,,,,,15.3352,667.767,1.1,15.754,230.531,0.38,,,,16.6866,150.253,0.25,,,,,,,17.3944,4211.337,6.93,,,,17.966,795.401,1.31,18.1535,774.171,1.27,18.4187,250.424,0.41,,,,,,,18.9219,217.968,0.36,19.4954,519.18,0.85,19.8822,144.316,0.24,,,,,,,20.2148,402.088,0.66,20.6201,1676.981,2.76,,,,21.0899,898.539,1.48,21.3617,450.537,0.74,,,,,,,21.5961,446.953,0.74,,,,21.9087,376.019,0.62,22.3324,126.735,0.21,22.7003,167.505,0.28,23.0096,201.193,0.33,23.1753,338,0.56,23.3431,131.502,0.22,23.4721,242.668,0.4,,,,,,,23.7478,256.545,0.42,,,,,,,,,,,,,,,,24.9887,118.615,0.2,,,,,,,,,,,,,,,,,,,,,,,,,,,,,,,,,,,,,,,,,,
311,,,,3.0175,4452.624,20.78,4.2385,125.789,0.59,,,,5.0238,383.998,1.79,,,,,,,11.6054,225.395,1.05,,,,,,,,,,,,,,,,,,,,,,,,,,,,15.2929,567.766,2.65,15.9149,140.325,0.65,16.5338,2775.9,12.96,,,,,,,,,,,,,,,,17.9218,392.439,1.83,18.1906,235.248,1.1,18.3885,150.044,0.7,,,,,,,,,,19.5859,239.995,1.12,,,,,,,,,,20.3911,276.534,1.29,20.5898,774.123,3.61,20.946,724.664,3.38,21.2267,171.57,0.8,21.3395,356.682,1.66,21.4779,259.383,1.21,21.5571,196.684,0.92,,,,,,,,,,,,,22.689,131.382,0.61,22.9568,337.71,1.58,,,,23.2655,58.321,0.27,,,,,,,,,,,,,,,,,,,,,,,,,,,,,,,25.1157,71.089,0.33,,,,,,,,,,,,,,,,,,,,,,,,,,,,,,,,,,,,,,,
343,,,,3.0171,3685.832,11.41,4.1787,159.125,0.49,,,,,,,,,,,,,11.6376,2075.341,6.43,,,,,,,,,,13.2411,196.813,0.61,,,,,,,14.4501,6346.014,19.65,,,,,,,15.2781,372.38,1.15,,,,16.4993,1131.234,3.5,16.6538,110.158,0.34,,,,,,,,,,,,,17.936,694.768,2.15,18.2029,443.783,1.37,18.3987,303.045,0.94,,,,,,,18.9045,204.449,0.63,19.5795,110.765,0.34,,,,,,,,,,20.4535,2431.153,7.53,20.587,597,1.85,20.9364,263.206,0.82,21.2292,206.558,0.64,21.3347,223.115,0.69,,,,,,,,,,,,,21.902,276.837,0.86,,,,,,,22.9926,70.681,0.22,23.1553,127.481,0.39,,,,,,,,,,,,,23.7321,81.429,0.25,,,,,,,,,,,,,,,,,,,,,,,,,,,,,,,,,,,,,,,,,,,,,,,,,,,,,,,,,,,,
347,,,,3.0209,14727.314,16.91,3.5581,165.04,0.19,,,,,,,,,,,,,11.6417,2375.969,2.73,,,,12.1532,272.854,0.31,12.6568,146.667,0.17,13.2402,119.086,0.14,13.7134,224.256,0.26,14.2475,108.369,0.12,,,,14.6956,119.16,0.14,,,,15.4223,1224.074,1.41,15.8056,772.719,0.89,16.245,292.409,0.34,16.643,13092.401,15.04,,,,,,,17.4588,10031.797,11.52,,,,17.9792,806.494,0.93,18.1688,1366.459,1.57,18.4398,728.724,0.84,18.6154,194.104,0.22,,,,,,,19.4768,610.846,0.7,,,,,,,,,,20.4144,700.791,0.8,20.5882,1100.103,1.26,20.8755,93.998,0.11,21.1012,772.067,0.89,21.2815,393.48,0.45,,,,,,,21.597,472.853,0.54,,,,21.9085,254.086,0.29,,,,,,,,,,23.1601,100.548,0.12,23.2714,78.817,0.09,,,,,,,,,,23.7322,90.14,0.1,,,,,,,,,,,,,,,,,,,25.1179,214.084,0.25,,,,,,,,,,,,,,,,,,,,,,,,,,,,,,,,,,,,,,,
366,,,,3.0164,2792.733,6.21,4.2389,214.236,0.48,,,,,,,,,,,,,11.6115,407.696,0.91,,,,12.162,103.757,0.23,12.6641,519.128,1.15,13.2607,1021.269,2.27,,,,,,,,,,,,,,,,,,,15.9412,779.05,1.73,16.2382,197.185,0.44,16.6466,13448.179,29.9,,,,,,,,,,,,,17.9304,320.381,0.71,18.21,431.472,0.96,,,,18.6017,284.441,0.63,,,,18.9056,93.599,0.21,19.6016,228.893,0.51,,,,,,,,,,20.4699,1603.733,3.57,20.7129,6967.275,15.49,20.9104,79.545,0.18,21.1664,484.12,1.08,21.3006,826.181,1.84,,,,,,,21.5991,1403.986,3.12,,,,21.8879,161.547,0.36,,,,,,,22.9974,135.79,0.3,23.1614,214.703,0.48,23.3188,54.716,0.12,23.4592,105.464,0.23,,,,,,,23.7579,231.046,0.51,,,,,,,,,,,,,,,,24.946,157.488,0.35,25.124,392.239,0.87,,,,,,,,,,,,,,,,,,,,,,,,,,,,,,,,,,,,,,,
379,,,,3.0175,2065.638,3.98,4.2402,120.665,0.23,,,,5.0351,415.721,0.8,,,,,,,11.617,724.082,1.39,,,,12.1714,162.884,0.31,12.672,927.575,1.79,13.2826,2382.554,4.59,,,,14.2553,100.309,0.19,,,,,,,,,,15.3773,216.98,0.42,15.9381,570.622,1.1,16.2384,280.047,0.54,16.6611,15582.903,29.99,,,,,,,,,,,,,17.9404,370.755,0.71,18.2035,368.648,0.71,,,,18.5973,216.955,0.42,,,,18.9038,84.462,0.16,,,,19.8776,133.922,0.26,,,,,,,20.2509,145.439,0.28,,,,20.7636,11842.026,22.79,21.1716,590.617,1.14,21.322,1209.846,2.33,,,,,,,21.5987,1287.808,2.48,,,,21.9976,298.936,0.58,22.3191,89.781,0.17,22.6802,174.666,0.34,,,,,,,,,,,,,,,,,,,23.7639,364.048,0.7,,,,,,,,,,,,,,,,,,,25.1175,106.471,0.2,,,,,,,,,,,,,,,,,,,,,,,,,,,,,,,,,,,,,,,
387,,,,3.02,9886.513,19.59,4.2371,261.011,0.52,,,,,,,,,,,,,11.6424,2185.338,4.33,,,,12.1511,129.068,0.26,,,,,,,13.711,192.807,0.38,,,,,,,14.6941,117.977,0.23,,,,15.3405,1200.371,2.38,15.7441,494.12,0.98,16.5511,4016.031,7.96,16.7061,146.399,0.29,,,,,,,17.4336,8445.534,16.73,,,,17.9902,1210.56,2.4,18.1701,1389.373,2.75,18.4256,435.425,0.86,,,,,,,,,,19.4411,644.183,1.28,,,,,,,,,,20.4112,562.628,1.11,20.5486,582.468,1.15,20.8499,272.896,0.54,21.2463,408.853,0.81,21.3581,801.263,1.59,,,,21.5734,200.664,0.4,,,,,,,21.9126,368.111,0.73,,,,22.7814,155.972,0.31,22.8953,1654.307,3.28,,,,23.2731,59.396,0.12,,,,,,,,,,,,,,,,,,,,,,,,,,,,,,,25.117,102.556,0.2,,,,,,,,,,,,,,,,,,,,,,,,,,,,,,,,,,,,,,,
392,,,,3.0208,10147.929,18.56,4.2379,309.634,0.57,,,,,,,,,,,,,11.6315,1458.132,2.67,,,,12.1833,216.811,0.4,,,,13.2459,322.047,0.59,13.7129,200.535,0.37,,,,,,,14.6929,111.204,0.2,,,,15.3643,1521.287,2.78,15.7488,485.436,0.89,,,,16.7167,100.765,0.18,,,,,,,17.4498,9801.085,17.93,,,,17.9453,336.455,0.62,18.1584,1174.936,2.15,18.4538,1215.067,2.22,,,,,,,,,,19.4541,672.019,1.23,19.8724,84.331,0.15,,,,,,,20.4166,598.028,1.09,20.6135,1563.571,2.86,20.8544,87.499,0.16,21.2506,408.702,0.75,21.3645,1091.207,2,,,,21.5834,321.731,0.59,,,,,,,21.9881,207.254,0.38,,,,,,,,,,23.1635,174.841,0.32,23.2739,103.633,0.19,23.4588,98.063,0.18,,,,,,,23.736,170.402,0.31,,,,,,,,,,,,,,,,,,,25.1173,72.979,0.13,,,,,,,,,,,,,,,,,,,,,,,,,,,,,,,,,,,,,,,
403,,,,3.0143,3454.726,7.45,4.2362,198.716,0.43,4.9,495.021,1.07,,,,,,,,,,11.6198,1046.776,2.26,,,,12.1525,231.326,0.5,12.6591,365.615,0.79,13.2785,2258.85,4.87,,,,14.2503,140.456,0.3,,,,14.9205,145.926,0.31,,,,15.2807,151.619,0.33,15.9177,157.897,0.34,16.5427,3627.649,7.82,,,,,,,,,,,,,,,,17.9344,513.15,1.11,18.1966,322.518,0.7,,,,,,,,,,18.9047,89.945,0.19,19.5276,165.316,0.36,19.8929,148.084,0.32,,,,,,,20.3026,137.953,0.3,20.5554,2371.966,5.11,20.8069,16221.829,34.96,21.1797,310.061,0.67,21.3113,1252.295,2.7,,,,21.57,232.001,0.5,,,,,,,21.8867,130.58,0.28,,,,22.6542,155.428,0.33,22.995,119.162,0.26,23.1575,112.124,0.24,23.318,76.726,0.17,,,,,,,,,,23.7689,701.811,1.51,,,,,,,,,,,,,,,,,,,,,,,,,,,,,,,,,,,,,,,,,,,,,,,,,,,,,,,,,,,,
418,,,,3.0186,4227.835,12.94,4.2405,370.595,1.13,,,,5.0533,481.259,1.47,,,,,,,11.62,764.632,2.34,,,,12.1919,215.325,0.66,12.659,117.883,0.36,13.2517,576.622,1.76,,,,,,,14.4488,5840.044,17.87,,,,,,,15.2745,170.993,0.52,15.9201,174.23,0.53,16.5272,2285.747,6.99,16.6565,106.464,0.33,,,,,,,,,,,,,17.9444,834.81,2.55,18.197,306.896,0.94,,,,,,,,,,18.9052,139.194,0.43,19.4446,415.284,1.27,19.8741,209.966,0.64,,,,,,,20.4955,2047.588,6.26,20.5779,499.298,1.53,20.9235,411.752,1.26,21.2458,508.518,1.56,,,,,,,21.5695,321.14,0.98,,,,,,,21.987,170.317,0.52,,,,22.6943,213.051,0.65,22.9966,117.809,0.36,23.1602,193.411,0.59,23.3186,95.808,0.29,23.4559,79.793,0.24,,,,,,,23.7542,208.39,0.64,,,,,,,,,,,,,,,,,,,25.1169,100.679,0.31,,,,,,,,,,,,,,,,,,,,,,,,,,,,,,,,,,,,,,,
53,,,,3.0145,3689.593,17.47,4.2358,188.875,0.89,,,,,,,,,,,,,11.6038,193.627,0.92,,,,,,,,,,13.2559,975.169,4.62,,,,,,,,,,,,,,,,15.282,429.666,2.03,15.9169,117.4,0.56,16.5311,2650.747,12.55,,,,,,,,,,,,,,,,17.912,260.09,1.23,18.1822,121.834,0.58,18.3902,156.445,0.74,,,,,,,,,,,,,,,,,,,,,,20.4226,553.133,2.62,20.6593,3627.05,17.18,20.9482,652.815,3.09,21.1392,70.108,0.33,21.3284,144.222,0.68,,,,21.5534,154.991,0.73,,,,,,,,,,,,,,,,,,,,,,23.3223,110.449,0.52,,,,,,,,,,,,,,,,,,,,,,,,,,,,,,,25.1231,538.04,2.55,,,,,,,,,,,,,,,,,,,,,,,,,,,,,,,,,,,,,,,
56,,,,3.0154,4760.549,9.61,4.2362,361.391,0.73,4.8277,827.053,1.67,,,,,,,,,,11.612,328.121,0.66,,,,12.1661,217.054,0.44,12.6782,1464.645,2.96,13.3049,4388.7,8.86,,,,,,,,,,,,,,,,,,,15.925,248.374,0.5,16.5535,3707.206,7.49,16.6714,97.408,0.2,,,,17.2354,638.986,1.29,,,,,,,17.9309,808.113,1.63,18.2004,247.634,0.5,,,,18.5946,93.599,0.19,,,,18.9095,98.976,0.2,19.4937,217.065,0.44,19.8897,262.657,0.53,,,,,,,20.2654,150.364,0.3,20.5294,2229.733,4.5,20.9391,141.912,0.29,21.1956,915.328,1.85,21.3104,869.657,1.76,,,,21.5719,305.528,0.62,,,,,,,22.0218,326.838,0.66,,,,,,,23.0446,225.452,0.46,23.1607,155.49,0.31,23.3193,63.876,0.13,23.459,57.421,0.12,,,,,,,23.7623,312.531,0.63,,,,,,,,,,,,,,,,,,,25.1207,208.465,0.42,,,,,,,,,,,,,,,,,,,,,,,,,,,,,,,,,,,,,,,
57,,,,3.0206,10309.772,17.65,3.664,221.019,0.38,4.8972,607.244,1.04,,,,,,,,,,11.6548,2823.459,4.83,,,,12.1426,183.122,0.31,12.6619,152.907,0.26,13.2521,486.065,0.83,13.7184,161.066,0.28,,,,14.4487,5731.926,9.81,,,,,,,15.34,865.555,1.48,15.7475,230.349,0.39,,,,16.6803,152.163,0.26,,,,,,,17.3836,3770.515,6.45,,,,18.0161,2218.671,3.8,18.166,945.009,1.62,18.4278,399.637,0.68,18.6111,88.794,0.15,,,,18.9207,177.79,0.3,19.4381,457.732,0.78,,,,,,,,,,20.4848,1803.284,3.09,20.5773,457.542,0.78,20.8283,150.681,0.26,21.2537,398.834,0.68,21.3515,374.072,0.64,,,,21.5803,354.699,0.61,,,,,,,21.9242,526.153,0.9,,,,,,,23.001,84.385,0.14,23.1656,190.908,0.33,23.3376,131.49,0.23,23.4618,101.614,0.17,,,,,,,23.7369,88.665,0.15,,,,,,,,,,,,,,,,,,,,,,,,,,,,,,,,,,,,,,,,,,,,,,,,,,,,,,,,,,,,
60,,,,3.0156,16522.994,23.32,3.6574,204.346,0.29,,,,,,,7.2589,151.191,0.21,,,,11.6681,4862.218,6.86,,,,,,,12.6525,138.463,0.2,13.2453,612.152,0.86,13.7089,270.422,0.38,,,,,,,14.9333,173.1,0.24,,,,15.3531,1471.388,2.08,15.7568,839.99,1.19,16.5375,3496.648,4.93,16.7321,258.49,0.36,,,,,,,17.4662,12346.663,17.42,17.8754,89.138,0.13,18.0225,2352.296,3.32,18.1666,944.198,1.33,18.4439,731.996,1.03,,,,,,,18.9628,138.095,0.19,19.4626,410.181,0.58,,,,,,,20.056,100.329,0.14,20.4252,729.091,1.03,20.6357,2225.361,3.14,20.8054,124.504,0.18,21.2482,366.574,0.52,21.3624,966.293,1.36,,,,21.5773,129.423,0.18,,,,,,,21.9243,695.232,0.98,,,,,,,,,,23.1636,246.601,0.35,23.2735,75.153,0.11,23.4593,131.711,0.19,,,,,,,23.7333,87.807,0.12,,,,,,,,,,,,,,,,24.979,73.219,0.1,,,,,,,,,,,,,,,,,,,,,,,,,,,,,,,,,,,,,,,,,,
64,,,,3.0162,2230.523,9.89,3.8828,806.021,3.58,,,,,,,,,,,,,11.6183,449.316,1.99,,,,,,,,,,13.253,187.952,0.83,,,,,,,,,,,,,,,,15.2763,138.055,0.61,,,,16.5331,2167.523,9.62,,,,,,,,,,,,,17.8711,721.512,3.2,17.937,410.511,1.82,18.201,181.719,0.81,18.4161,356.952,1.58,,,,,,,18.982,600.023,2.66,19.3705,228.935,1.02,19.8846,207.937,0.92,,,,,,,20.4484,1158.018,5.14,20.6357,1161.845,5.15,20.951,237.896,1.06,21.2605,566.826,2.51,21.3639,730.539,3.24,,,,21.572,72.908,0.32,,,,,,,21.917,219.959,0.98,,,,,,,23.0103,74.662,0.33,23.1738,225.009,1,23.3368,138.348,0.61,23.4709,149.609,0.66,,,,,,,23.7664,238.702,1.06,,,,,,,,,,,,,,,,24.9512,109.249,0.48,25.1282,171.704,0.76,,,,,,,,,,,,,,,,,,,,,,,,,,,,,,,,,,,,,,,
70,,,,3.0193,3788.424,17.6,4.241,131.164,0.61,,,,,,,,,,,,,11.6181,572.795,2.66,,,,,,,,,,13.2499,264.369,1.23,,,,,,,,,,,,,,,,15.3173,1095.703,5.09,,,,16.5116,1205.618,5.6,,,,,,,,,,,,,,,,17.9689,1447.886,6.73,18.201,191.413,0.89,18.4178,464.044,2.16,,,,,,,,,,19.5927,142.008,0.66,,,,,,,,,,20.4019,182.068,0.85,20.6034,995.598,4.63,20.7961,91.385,0.42,21.0489,187.664,0.87,21.4037,4172.314,19.38,,,,,,,,,,,,,21.9809,124.073,0.58,,,,,,,,,,,,,23.3345,174.228,0.81,,,,,,,,,,,,,,,,,,,,,,,,,,,,,,,,,,,,,,,,,,,,,,,,,,,,,,,,,,,,,,,,,,,,,,,,
72,,,,3.0182,1321.569,1.75,3.3825,307.897,0.41,,,,5.1002,500.823,0.66,,,,,,,11.6047,172.397,0.23,,,,,,,12.6569,115.888,0.15,13.252,652.968,0.86,,,,,,,,,,,,,,,,15.3811,2266.636,3,15.9282,155.645,0.21,16.5639,4366.584,5.78,,,,,,,,,,,,,17.8886,32882.307,43.55,18.0307,120.759,0.16,,,,,,,18.5444,3899.306,5.16,18.6462,170.304,0.23,,,,,,,19.9108,172.083,0.23,,,,,,,20.4358,753.792,1,20.665,3246.678,4.3,,,,21.2005,262.225,0.35,,,,21.5037,16826.43,22.28,,,,,,,21.7026,275.445,0.36,,,,,,,,,,,,,,,,,,,,,,,,,,,,,,,,,,,,,,,,,,,,,,,,,25.121,270.631,0.36,,,,,,,,,,,,,,,,,,,,,,,,,,,,,,,,,,,,,,,
80,,,,3.0108,5089.097,13.79,4.2306,327.76,0.89,,,,5.019,74.562,0.2,,,,,,,11.6057,340.003,0.92,,,,,,,12.6544,197.587,0.54,13.2522,875.251,2.37,,,,,,,,,,,,,,,,15.2865,196.584,0.53,15.9278,536.763,1.45,16.5558,4672.983,12.66,16.6537,102.443,0.28,,,,,,,,,,17.834,107.428,0.29,17.9449,725.182,1.96,18.2117,549.156,1.49,18.4047,118.574,0.32,18.5971,192.484,0.52,,,,18.9102,102.711,0.28,19.4415,298.412,0.81,19.8736,179.259,0.49,,,,,,,20.4893,1393.843,3.78,20.5846,830.618,2.25,,,,21.1681,220.338,0.6,21.3402,233.074,0.63,,,,21.5763,612.669,1.66,,,,,,,22.0087,221.082,0.6,,,,,,,22.9961,124.268,0.34,23.1598,136.712,0.37,23.3204,110.943,0.3,23.4558,59.092,0.16,,,,,,,23.7599,246.525,0.67,,,,,,,,,,,,,,,,,,,25.1197,273.616,0.74,,,,,,,,,,,,,,,,,,,,,,,,,,,,,,,,,,,,,,,
99,,,,3.0102,9527.422,17.54,4.2308,571.353,1.05,4.8604,204.378,0.38,,,,,,,,,,11.6117,837.94,1.54,11.9608,102.25,0.19,12.1594,168.177,0.31,12.6611,696.876,1.28,13.2843,3049.809,5.61,,,,,,,,,,,,,,,,15.4463,299.342,0.55,15.7472,349.685,0.64,16.4858,287.448,0.53,16.6758,139.472,0.26,,,,,,,17.3751,4346.766,8,,,,17.9319,264.266,0.49,18.2028,419.542,0.77,18.4186,309.451,0.57,,,,,,,18.9075,143.758,0.26,19.4844,186.708,0.34,,,,,,,,,,20.2633,211.434,0.39,20.5337,2777.569,5.11,20.7754,12617.542,23.23,21.1785,223.775,0.41,21.3422,557.966,1.03,,,,,,,,,,,,,21.9169,149.087,0.27,,,,,,,22.9975,111.69,0.21,23.1621,249.838,0.46,23.3303,129.9,0.24,23.4583,97.263,0.18,,,,,,,23.737,118.259,0.22,,,,,,,,,,,,,,,,24.9301,68.909,0.13,25.1211,433.714,0.8,,,,,,,,,,,,,,,,,,,,,,,,,,,,,,,,,,,,,,,
Blank_1,,,,,,,,,,,,,,,,,,,,,,,,,,,,,,,,,,,,,,,,,,,,,,,,,,,,,,,,,,,,,,,,,,,,,,,,,,,,,,,,,,,,,,,,,,,,,,,,,,,,,,,,,,,,,,,,,,,,,,,,,,,,,,,,,,,,,,,,,,,,,,,,,,,,,,,,,,,,,,,,,,,,,,,,,,,,,,,,,,,,,,,,,,,,,,,,,,,,,,,,,,,,,,,,,,,,,,,,,,,,,,
Cocktail_6_May2023,,,,,,,,,,,,,,,,,,,,,,,,,,,,,,,,,,13.3004,2470.557,3.13,,,,,,,,,,,,,,,,,,,15.731,1451.806,1.84,16.5366,1590.666,2.01,,,,,,,,,,,,,17.9016,1956.935,2.48,,,,,,,,,,18.6182,445.608,0.56,,,,,,,,,,,,,,,,,,,,,,20.6478,2262.13,2.86,,,,,,,,,,,,,,,,,,,21.7285,82.471,0.1,,,,22.3657,1695.858,2.15,,,,,,,,,,,,,,,,,,,,,,23.7471,284.371,0.36,,,,,,,,,,,,,,,,24.923,114.35,0.14,,,,,,,,,,,,,,,,,,,,,,,,,,,,,,,,,,,,,,,,,,
100,,,,3.0207,3652.321,7.81,4.2438,437.621,0.94,,,,,,,,,,,,,11.627,876.938,1.87,,,,12.1736,111.854,0.24,12.6682,266.858,0.57,13.2808,1813.982,3.88,,,,14.2613,160.57,0.34,,,,,,,,,,,,,15.9456,673.462,1.44,,,,16.6154,9051.416,19.35,,,,,,,,,,17.8833,676.328,1.45,17.9772,1048.554,2.24,18.2201,343.95,0.74,,,,18.6119,254.786,0.54,,,,18.9307,141.577,0.3,19.4833,184.009,0.39,19.9052,764.223,1.63,,,,,,,20.2635,180.583,0.39,20.6177,731.508,1.56,20.9454,154.574,0.33,21.1823,128.236,0.27,21.3097,553.988,1.18,,,,,,,21.5972,814.098,1.74,,,,22.0199,177.039,0.38,,,,22.6618,157.452,0.34,23.0003,88.868,0.19,23.1657,179.878,0.38,23.3236,83.223,0.18,23.4646,150.573,0.32,,,,,,,23.7571,136.533,0.29,,,,,,,,,,,,,,,,,,,,,,,,,,,,,,,,,,,,,,,,,,,,,,,,,,,,,,,,,,,,
113,,,,3.0165,2315.351,10.64,4.239,125.069,0.57,,,,5.1003,1068.185,4.91,,,,,,,11.6051,261.924,1.2,,,,,,,,,,13.2388,97.543,0.45,,,,,,,,,,,,,,,,15.2786,335.659,1.54,15.9155,101.324,0.47,16.5305,2787.727,12.81,,,,,,,,,,,,,,,,17.929,549.442,2.52,18.1968,366.918,1.69,18.3897,126.632,0.58,,,,,,,,,,19.5849,155.408,0.71,,,,,,,,,,20.4442,1295.976,5.96,20.6208,1310.44,6.02,20.941,492.162,2.26,21.0278,443.872,2.04,21.3313,117.758,0.54,,,,21.5562,201.962,0.93,,,,,,,,,,,,,22.6504,115.926,0.53,,,,,,,23.3226,113.597,0.52,,,,,,,,,,,,,,,,,,,,,,,,,,,,,,,25.1239,529.513,2.43,,,,,,,,,,,,,,,,,,,,,,,,,,,,,,,,,,,,,,,
122,,,,3.0182,3650.021,13.88,,,,,,,5.0818,780.017,2.97,,,,,,,,,,,,,,,,,,,13.238,220.66,0.84,,,,,,,,,,,,,,,,15.295,787.66,2.99,15.9132,176.711,0.67,16.5179,2058.949,7.83,,,,,,,,,,,,,,,,17.9301,560.755,2.13,18.1953,346.072,1.32,18.4005,329.688,1.25,,,,,,,,,,19.4768,191.543,0.73,19.8645,212.398,0.81,,,,,,,20.4199,103.98,0.4,20.6951,6099.802,23.19,20.8094,121.537,0.46,,,,21.3444,844.912,3.21,,,,21.5647,282.654,1.07,,,,,,,21.8963,258.453,0.98,22.3079,109.197,0.42,22.7754,180.294,0.69,,,,,,,23.2706,57.99,0.22,,,,,,,,,,23.7596,292.308,1.11,23.8407,68.205,0.26,,,,,,,,,,,,,,,,,,,,,,,,,,,,,,,,,,,,,,,,,,,,,,,,,,,,,,,,,
135,,,,3.0176,3617.929,8.59,4.2376,281.311,0.67,,,,,,,,,,,,,11.6095,632.93,1.5,,,,12.1623,174.037,0.41,12.6519,250.07,0.59,13.2611,1499.607,3.56,,,,,,,,,,,,,,,,15.3172,120.835,0.29,15.9232,427.842,1.02,,,,16.6022,9124.639,21.66,,,,,,,,,,,,,17.9356,744.193,1.77,18.1843,194.346,0.46,,,,18.5849,158.924,0.38,,,,18.8978,113.829,0.27,19.4687,322.829,0.77,19.8767,538.108,1.28,,,,,,,20.2275,185.31,0.44,20.5863,510.453,1.21,20.9134,154.557,0.37,21.1629,206.106,0.49,21.2827,571.965,1.36,,,,21.5858,1061.304,2.52,,,,,,,21.9907,252.95,0.6,,,,22.6837,151.162,0.36,,,,,,,23.3126,83.006,0.2,,,,,,,,,,23.7526,90.872,0.22,,,,,,,,,,,,,,,,,,,,,,,,,,,,,,,,,,,,,,,,,,,,,,,,,,,,,,,,,,,,
158,,,,3.018,959.687,3.9,4.241,108.057,0.44,,,,5.0943,621.247,2.52,,,,,,,,,,,,,,,,,,,,,,,,,,,,,,,,,,,,,15.2761,344.822,1.4,15.9157,134.024,0.54,16.5018,1209.591,4.91,16.6492,96.856,0.39,,,,,,,,,,,,,17.9197,334.93,1.36,18.1898,319.679,1.3,18.3986,286.009,1.16,,,,,,,18.9,137.459,0.56,19.5948,173.763,0.71,19.8693,311.468,1.27,,,,,,,20.4918,1995.71,8.11,20.5926,1109.328,4.51,20.9418,211.358,0.86,21.0599,706.024,2.87,21.356,1554.343,6.31,,,,21.5699,336.343,1.37,,,,,,,,,,,,,22.659,322.458,1.31,22.9929,60.294,0.24,23.1557,92.71,0.38,,,,,,,,,,,,,23.7585,223.584,0.91,,,,,,,,,,,,,,,,,,,,,,,,,,,,,,,,,,,,,,,,,,,,,,,,,,,,,,,,,,,,
159,,,,3.0175,1991.113,6.83,,,,,,,,,,,,,,,,11.6037,275.235,0.94,,,,12.1702,107.299,0.37,12.6546,288.732,0.99,13.2619,1916.415,6.57,,,,,,,,,,,,,,,,15.2932,140.078,0.48,15.9182,204.613,0.7,16.5551,4410.158,15.12,16.7207,220.658,0.76,,,,,,,,,,,,,17.9395,1276.056,4.38,18.1884,126.147,0.43,,,,,,,,,,,,,,,,19.8668,246.236,0.84,,,,,,,20.4351,580.051,1.99,20.6937,6137.343,21.05,20.9347,243.128,0.83,21.2667,233.994,0.8,21.325,108.547,0.37,,,,21.5568,349.061,1.2,,,,,,,,,,,,,,,,,,,,,,,,,,,,,,,,,,,,,,,,,,,,,,,,,,,,,,,25.1157,163.999,0.56,,,,,,,,,,,,,,,,,,,,,,,,,,,,,,,,,,,,,,,
164,,,,3.0166,1777.491,10.02,,,,,,,,,,,,,,,,11.6055,517.535,2.92,,,,12.1606,102.774,0.58,12.6497,161.647,0.91,13.2559,1202.538,6.78,,,,,,,,,,,,,,,,15.2548,140.161,0.79,,,,16.4873,799.86,4.51,,,,,,,,,,,,,17.8992,161.416,0.91,,,,18.1725,138.459,0.78,,,,,,,,,,,,,,,,,,,,,,,,,20.4299,766.846,4.32,20.675,5336.71,30.1,20.9289,222.916,1.26,21.2582,191.608,1.08,21.3182,81.635,0.46,,,,21.5411,75.642,0.43,,,,,,,,,,,,,,,,,,,,,,,,,,,,,,,,,,23.7486,66.572,0.38,,,,,,,,,,,,,,,,,,,25.1134,186.579,1.05,,,,,,,,,,,,,,,,,,,,,,,,,,,,,,,,,,,,,,,
166,,,,3.0167,1848.741,7.78,4.2375,152.221,0.64,,,,5.0316,379.38,1.6,,,,,,,11.604,409.576,1.72,,,,,,,12.6505,292.679,1.23,13.2428,557.066,2.35,,,,,,,,,,,,,,,,15.2908,277.767,1.17,15.9125,112.827,0.48,16.5573,4890.814,20.59,16.665,147.877,0.62,,,,17.2102,424.553,1.79,,,,,,,17.9227,812.063,3.42,18.1792,134.014,0.56,18.3835,149.956,0.63,,,,,,,,,,19.5746,106.554,0.45,,,,,,,,,,20.4241,1321.156,5.56,20.6031,1377.346,5.8,20.8922,103.718,0.44,21.2562,169.705,0.71,21.3399,683.069,2.88,,,,21.5526,383.181,1.61,,,,,,,,,,,,,,,,,,,,,,,,,,,,,,,,,,23.7487,90.223,0.38,,,,,,,,,,,,,,,,,,,,,,,,,,,,,,,,,,,,,,,,,,,,,,,,,,,,,,,,,,,,
169,,,,3.0188,2050.4,5.4,4.2405,210.689,0.55,,,,,,,,,,,,,11.6065,311.311,0.82,,,,,,,12.6526,107.488,0.28,13.2523,786.856,2.07,,,,,,,14.4677,8185.398,21.55,,,,,,,15.2701,117.442,0.31,15.9152,116.891,0.31,16.5293,2642.324,6.96,16.6504,121.353,0.32,,,,,,,,,,,,,17.9278,432.274,1.14,18.1927,340.501,0.9,,,,,,,,,,18.9009,138.18,0.36,19.4474,247.092,0.65,19.8714,272.949,0.72,,,,,,,20.2362,224.112,0.59,20.5957,2316.296,6.1,20.9277,291.307,0.77,21.2472,279.364,0.74,21.3355,135.53,0.36,,,,21.5717,327.346,0.86,,,,,,,,,,22.3121,83.391,0.22,22.6589,254.642,0.67,23.0516,94.699,0.25,23.1589,116.176,0.31,23.3188,102.437,0.27,23.4548,84.812,0.22,,,,,,,,,,,,,,,,,,,,,,,,,,,,,,,,,,,,,,,,,,,,,,,,,,,,,,,,,,,,,,,,,,,,,
181,,,,3.0165,10862.413,22.17,3.9082,839.002,1.71,,,,,,,,,,,,,11.6072,690.377,1.41,,,,,,,12.6504,137.263,0.28,13.2476,920.035,1.88,13.6961,121.592,0.25,,,,,,,,,,,,,15.3129,1052.484,2.15,15.7554,957.098,1.95,16.5066,1545.835,3.15,,,,,,,,,,17.391,5817.187,11.87,17.8609,472.971,0.97,17.9706,1089.71,2.22,18.2326,940.527,1.92,18.4354,889.506,1.82,,,,,,,18.9822,334.51,0.68,19.5974,225.773,0.46,19.8725,146.418,0.3,,,,,,,20.4307,252.938,0.52,20.6971,6064.9,12.38,20.8058,182.796,0.37,21.1464,113.217,0.23,21.3558,1253.213,2.56,,,,,,,,,,,,,21.9644,1586.499,3.24,22.3265,222.983,0.46,22.7823,379.714,0.77,,,,23.1709,201.922,0.41,23.2811,66.741,0.14,23.4651,241.899,0.49,,,,,,,23.7662,489.414,1,,,,23.853,125.279,0.26,,,,,,,,,,,,,,,,,,,,,,,,,,,,,,,,,,,,,,,,,,,,,,,,,,,,,,
190,,,,3.0117,2737.233,15.03,4.2309,137.376,0.75,,,,,,,,,,,,,11.6014,425.832,2.34,,,,,,,,,,13.2338,135.67,0.75,,,,,,,,,,,,,,,,15.2635,266.962,1.47,,,,16.4966,1214.072,6.67,,,,,,,,,,,,,,,,17.9379,875.124,4.81,18.1808,131.306,0.72,18.3963,302.578,1.66,,,,,,,,,,19.5803,95.315,0.52,,,,,,,,,,20.4182,791.96,4.35,20.6277,2081.204,11.43,20.932,330.626,1.82,21.1357,72.471,0.4,21.3493,940.644,5.17,,,,21.5517,159.266,0.87,,,,,,,21.9767,142.741,0.78,,,,,,,,,,,,,23.3211,132.551,0.73,,,,,,,,,,,,,,,,,,,,,,,,,,,,,,,25.1152,105.365,0.58,,,,,,,,,,,,,,,,,,,,,,,,,,,,,,,,,,,,,,,
192,,,,3.0179,6420.564,12.41,4.3821,124.224,0.24,,,,,,,7.2812,127.794,0.25,,,,11.6181,839.952,1.62,,,,,,,,,,13.2471,421.248,0.81,13.7059,103.604,0.2,,,,,,,14.9197,116.438,0.23,,,,15.3566,2010.95,3.89,15.7512,478.951,0.93,16.5479,3584.148,6.93,16.683,177.048,0.34,,,,,,,17.3941,4989.049,9.64,,,,17.9811,1256.904,2.43,18.1535,969.07,1.87,18.4782,2039.213,3.94,18.6084,131.601,0.25,,,,,,,19.5046,454.988,0.88,19.8858,328.098,0.63,,,,,,,20.4299,341.13,0.66,20.6879,4978.763,9.62,,,,21.1007,683.376,1.32,21.2876,287.455,0.56,21.4171,4362.849,8.43,,,,21.5985,324.554,0.63,,,,21.9065,212.858,0.41,,,,,,,23.004,67.25,0.13,23.1672,167.322,0.32,23.2816,70.38,0.14,23.4666,163.3,0.32,,,,,,,23.7648,327.464,0.63,,,,,,,,,,,,,,,,,,,25.1205,80.692,0.16,,,,,,,,,,,,,,,,,,,,,,,,,,,,,,,,,,,,,,,
194,,,,3.0178,629.702,16.05,,,,,,,,,,,,,,,,11.6007,125.054,3.19,,,,,,,,,,,,,,,,,,,,,,,,,,,,,,,,,,16.4682,317.734,8.1,,,,,,,,,,,,,,,,,,,,,,,,,,,,,,,,,,,,,,,,,,,,,,,,,20.5661,528.303,13.47,20.9157,134.465,3.43,,,,21.3295,526.92,13.43,,,,,,,,,,,,,21.8946,193.43,4.93,,,,,,,,,,,,,23.348,298.019,7.6,,,,,,,,,,,,,,,,,,,,,,,,,,,,24.9789,88.819,2.26,,,,,,,,,,,,,,,,,,,,,,,,,,,,,,,,,,,,,,,,,,
199,,,,3.0188,4194.44,12.13,4.2386,196.533,0.57,,,,,,,,,,,,,11.6051,387.158,1.12,,,,,,,,,,13.2362,220.184,0.64,,,,,,,,,,,,,,,,15.346,2137.651,6.18,,,,16.5207,2157.467,6.24,,,,,,,,,,,,,,,,17.9285,590.183,1.71,18.1943,400.721,1.16,18.4163,763.551,2.21,,,,,,,,,,19.5836,141.379,0.41,,,,,,,,,,20.4337,1117.307,3.23,20.6534,3923.778,11.35,20.9341,430.425,1.24,21.102,575.916,1.67,,,,21.4276,6984.852,20.2,,,,21.6121,304.532,0.88,,,,21.9818,174.704,0.51,22.3168,136.153,0.39,,,,22.9909,54.167,0.16,23.1521,70.854,0.2,23.3209,146.674,0.42,,,,,,,,,,,,,,,,,,,,,,,,,,,,,,,25.1125,99.5,0.29,,,,,,,,,,,,,,,,,,,,,,,,,,,,,,,,,,,,,,,
201,,,,3.0159,2113.387,9.02,4.2371,176.067,0.75,,,,,,,,,,,,,,,,,,,,,,,,,13.2384,129.507,0.55,,,,,,,,,,,,,,,,15.268,236.273,1.01,15.9181,244.088,1.04,16.523,2361.011,10.08,,,,,,,,,,,,,,,,17.9245,503.035,2.15,18.1908,303.682,1.3,,,,18.5864,97.367,0.42,,,,,,,19.5925,182.12,0.78,19.8631,177.813,0.76,,,,,,,20.4592,1592.583,6.8,20.5685,1153.313,4.92,20.9441,390.289,1.67,21.1476,77.968,0.33,21.2871,316.944,1.35,,,,21.5682,434.962,1.86,,,,,,,,,,,,,,,,,,,,,,23.3164,83.337,0.36,,,,,,,,,,23.7553,93.993,0.4,,,,,,,,,,,,,,,,,,,25.1226,474.106,2.02,,,,,,,,,,,,,,,,,,,,,,,,,,,,,,,,,,,,,,,
208,,,,3.0148,12897.905,19.39,4.2342,159.96,0.24,,,,5.0295,231.662,0.35,,,,,,,11.612,852.997,1.28,,,,,,,12.6522,150.968,0.23,13.2374,244.547,0.37,13.7048,212.369,0.32,,,,,,,,,,,,,15.3491,1904.499,2.86,15.7647,1189.132,1.79,16.5475,510.652,0.77,16.7336,251.548,0.38,,,,,,,17.4626,12778.09,19.21,,,,18.008,1352.964,2.03,18.1811,1628.808,2.45,18.4528,943.448,1.42,,,,,,,,,,19.5009,680.4,1.02,,,,,,,,,,20.436,536.482,0.81,20.6921,5400.92,8.12,,,,21.2599,470.647,0.71,21.3637,952.102,1.43,,,,21.5889,82.957,0.12,,,,,,,21.9325,437.25,0.66,22.3227,126.874,0.19,,,,23.0001,113.413,0.17,23.1702,262.815,0.4,23.2844,108.667,0.16,23.4651,207.771,0.31,,,,,,,23.7377,167.727,0.25,,,,23.8549,128.489,0.19,,,,,,,,,,,,,25.1178,155.704,0.23,,,,,,,,,,,,,,,,,,,,,,,,,,,,,,,,,,,,,,,
211,,,,3.0151,4427.94,12.66,4.2349,167.614,0.48,4.848,567.036,1.62,,,,,,,,,,11.6092,599.557,1.71,,,,,,,12.6529,135.666,0.39,13.2499,788.14,2.25,,,,,,,,,,,,,,,,15.2959,609.706,1.74,15.9175,147.625,0.42,16.5296,2752.092,7.87,16.664,110.621,0.32,,,,,,,17.372,4000.412,11.44,,,,17.9379,474.055,1.36,18.2215,772.422,2.21,18.4102,399.061,1.14,,,,,,,18.9037,129.935,0.37,19.4657,290.413,0.83,19.8664,167.868,0.48,,,,,,,20.4486,1333.352,3.81,20.5774,1215.762,3.48,20.9713,1279.914,3.66,21.2361,172.067,0.49,21.3151,291.244,0.83,,,,21.5676,205.83,0.59,,,,,,,,,,,,,22.7668,117.765,0.34,,,,23.1567,114.37,0.33,23.331,105.392,0.3,23.4554,52.837,0.15,,,,,,,23.7446,90.624,0.26,,,,,,,,,,,,,,,,,,,25.1187,274.029,0.78,,,,,,,,,,,,,,,,,,,,,,,,,,,,,,,,,,,,,,,
218,,,,3.0184,5289.079,14.2,4.2389,139.655,0.38,,,,5.0939,1163.351,3.12,,,,,,,11.6048,240.956,0.65,,,,,,,,,,,,,13.6997,89.277,0.24,,,,,,,,,,,,,15.338,1883.68,5.06,15.7354,358.543,0.96,16.4905,501.985,1.35,,,,,,,,,,17.3499,2717.657,7.3,,,,17.9313,356.653,0.96,18.2156,632.192,1.7,18.4252,769.827,2.07,,,,,,,,,,19.4622,479.753,1.29,,,,,,,,,,20.3975,266.193,0.71,20.6,1425.997,3.83,,,,21.1417,610.538,1.64,,,,21.4532,9528.307,25.59,,,,,,,,,,,,,,,,22.777,335.811,0.9,22.8863,1126.51,3.03,23.1627,115.136,0.31,23.2773,98.957,0.27,23.4609,119.264,0.32,,,,,,,23.7331,67.059,0.18,,,,,,,,,,,,,,,,,,,,,,,,,,,,,,,,,,,,,,,,,,,,,,,,,,,,,,,,,,,,
219,,,,3.0197,3917.127,5.96,4.2409,363.438,0.55,,,,,,,,,,,,,11.63,1104.216,1.68,,,,,,,12.6647,125.983,0.19,13.2697,1193.813,1.82,,,,,,,14.5641,20177.011,30.72,,,,,,,15.3091,269.665,0.41,15.9335,118.293,0.18,16.5654,4349.545,6.62,16.6753,214.139,0.33,,,,,,,,,,,,,17.9663,692.357,1.05,18.2311,750.978,1.14,,,,,,,,,,18.922,290.823,0.44,19.4837,299.799,0.46,19.8873,214.824,0.33,,,,,,,20.3009,172.492,0.26,20.6369,3143.15,4.79,20.9564,356.779,0.54,21.274,543.221,0.83,21.3567,304.609,0.46,,,,21.5879,234.757,0.36,,,,,,,,,,22.3265,75.512,0.11,22.6886,628.825,0.96,23.0043,112.991,0.17,23.1737,357.55,0.54,23.3298,131.771,0.2,23.4665,208.823,0.32,,,,,,,23.7459,211.657,0.32,,,,,,,,,,,,,,,,,,,,,,,,,,,,,,,,,,,,,,,,,,,,,,,,,,,,,,,,,,,,
225,,,,3.0176,4464.509,12.44,,,,,,,5.0107,782.047,2.18,,,,,,,11.6057,274.444,0.76,,,,,,,,,,13.2404,156.262,0.44,,,,,,,,,,,,,,,,15.3349,1743.886,4.86,15.9207,159.604,0.44,16.5305,2576.322,7.18,,,,,,,,,,,,,,,,17.9353,454.86,1.27,18.217,687.736,1.92,18.4216,670.833,1.87,,,,,,,,,,19.4974,302.207,0.84,,,,,,,,,,20.4085,380.688,1.06,20.6396,2956.044,8.24,20.9598,1227.549,3.42,21.1349,538.464,1.5,,,,21.4528,9318.258,25.96,,,,21.6417,298.077,0.83,,,,,,,22.3235,147.658,0.41,22.7781,107.53,0.3,,,,,,,23.2722,63.939,0.18,23.4581,78.177,0.22,,,,,,,,,,,,,,,,,,,,,,,,,,,,25.1193,188.181,0.52,,,,,,,,,,,,,,,,,,,,,,,,,,,,,,,,,,,,,,,
229,,,,3.0164,3320.935,18.07,4.2363,115.391,0.63,,,,,,,,,,,,,11.6038,381.242,2.07,,,,12.1152,102.273,0.56,,,,13.237,227.979,1.24,,,,,,,,,,,,,,,,15.2737,402.401,2.19,15.715,248.039,1.35,16.4871,687.526,3.74,,,,,,,,,,,,,,,,17.9184,425.625,2.32,18.1903,313.762,1.71,18.3865,156.37,0.85,,,,,,,,,,19.5785,136.314,0.74,,,,,,,,,,20.4033,521.832,2.84,20.6001,1108.457,6.03,20.799,116.46,0.63,,,,21.3259,127.495,0.69,,,,,,,,,,,,,21.9698,84.837,0.46,,,,22.7649,149.124,0.81,,,,,,,23.3297,146.012,0.79,,,,,,,,,,,,,,,,,,,,,,,,,,,,,,,25.1156,108.91,0.59,,,,,,,,,,,,,,,,,,,,,,,,,,,,,,,,,,,,,,,
230,,,,3.0122,584.894,5.19,3.2939,230.572,2.05,,,,,,,,,,,,,11.614,369.459,3.28,,,,,,,,,,,,,,,,,,,,,,,,,,,,15.2531,211.348,1.87,,,,16.4727,324.377,2.88,,,,,,,,,,,,,17.8097,89.226,0.79,,,,18.1728,88.592,0.79,18.4199,1026.374,9.1,,,,,,,,,,,,,,,,,,,,,,20.3839,88.217,0.78,20.5848,898.869,7.97,20.9317,439.744,3.9,21.2096,99.241,0.88,21.3369,587.699,5.21,,,,,,,,,,,,,21.9687,102.992,0.91,22.3002,94.676,0.84,22.775,337.592,2.99,,,,23.1589,80.797,0.72,,,,23.4551,82.275,0.73,,,,,,,,,,,,,,,,,,,,,,,,,,,,,,,,,,,,,,,,,,,,,,,,,,,,,,,,,,,,,,,,,,,,,
234,,,,3.0169,3385.407,13.02,,,,,,,5.0326,635.555,2.44,,,,,,,,,,,,,,,,,,,,,,,,,,,,,,,,,,,,,15.3254,1555.386,5.98,15.9175,184.685,0.71,16.5244,2312.581,8.89,16.6525,95.735,0.37,,,,,,,,,,,,,17.9246,328.529,1.26,18.2103,641.196,2.47,18.4357,1160.383,4.46,,,,,,,,,,19.4473,399.033,1.53,,,,,,,,,,20.4044,213.953,0.82,20.6466,3363.778,12.93,20.8276,101.359,0.39,21.1364,86.356,0.33,21.3541,1074.459,4.13,,,,21.5724,402.518,1.55,,,,,,,,,,22.3085,83.929,0.32,22.7754,419.519,1.61,,,,,,,23.2692,54.29,0.21,,,,,,,,,,,,,,,,,,,,,,,,,,,,,,,,,,,,,,,,,,,,,,,,,,,,,,,,,,,,,,,,,,,,,,,,
244,,,,3.0078,8299.312,19.67,4.2301,880.646,2.09,,,,,,,,,,,,,11.6002,635.119,1.51,,,,,,,12.6438,203.888,0.48,13.2336,405.561,0.96,,,,,,,,,,,,,,,,15.2837,529.739,1.26,15.7458,476.323,1.13,16.5211,2759.295,6.54,16.6581,102.118,0.24,,,,,,,17.3525,3187.466,7.56,17.8411,212.669,0.5,17.9291,516.779,1.22,18.1968,412.355,0.98,18.4341,1156.961,2.74,,,,,,,18.9528,217.363,0.52,19.5912,265.233,0.63,,,,,,,,,,20.4627,1916.391,4.54,20.6448,2020.648,4.79,20.9495,866.817,2.05,21.2371,167.189,0.4,21.3702,1933.503,4.58,,,,21.5598,73.844,0.18,,,,,,,21.9142,241.134,0.57,22.4585,96.169,0.23,22.6893,150.605,0.36,22.9925,84.273,0.2,23.1594,248.13,0.59,23.3245,278.512,0.66,23.4554,204.146,0.48,,,,,,,23.7284,87.491,0.21,,,,,,,,,,,,,,,,,,,25.1142,104.944,0.25,,,,,,,,,,,,,,,,,,,,,,,,,,,,,,,,,,,,,,,
248,,,,3.013,2209.271,14.37,3.4759,129.538,0.84,,,,,,,,,,,,,11.6589,129.342,0.84,,,,,,,,,,,,,,,,,,,,,,,,,,,,15.2616,376.583,2.45,15.9948,124.499,0.81,16.47,132.761,0.86,,,,,,,,,,,,,17.8128,157.806,1.03,17.9034,222.82,1.45,18.1781,199.431,1.3,18.4284,1274.738,8.29,,,,,,,18.9405,160.882,1.05,,,,,,,,,,,,,20.3932,73.685,0.48,20.6208,2096.339,13.64,20.9401,598.334,3.89,21.2217,194.322,1.26,21.3576,1394.178,9.07,,,,,,,,,,,,,21.9282,722.157,4.7,22.3121,179.204,1.17,22.7694,322.906,2.1,,,,23.1595,82.827,0.54,,,,23.4554,74.626,0.49,,,,,,,,,,,,,,,,,,,,,,,,,,,,25.1157,89.322,0.58,,,,,,,,,,,,,,,,,,,,,,,,,,,,,,,,,,,,,,,
251,,,,3.0162,4341.781,14.24,,,,4.9045,681.083,2.23,,,,,,,,,,11.6054,386.789,1.27,,,,,,,12.6527,223.814,0.73,13.2398,256.93,0.84,,,,,,,,,,,,,,,,15.3042,1017.934,3.34,15.7291,374.43,1.23,16.4855,472.249,1.55,,,,,,,,,,17.3846,5161.552,16.93,,,,17.9288,389.022,1.28,18.2106,548.04,1.8,18.4267,863.711,2.83,,,,,,,,,,19.4495,427.52,1.4,,,,,,,,,,20.4084,390.308,1.28,20.6379,2893.045,9.49,,,,21.2487,124.922,0.41,21.3907,3169.002,10.4,,,,21.5695,82.08,0.27,,,,,,,21.913,175.75,0.58,,,,22.7744,129.825,0.43,,,,23.1566,72.476,0.24,23.2704,50.568,0.17,,,,,,,,,,,,,,,,,,,,,,,,,,,,,,,25.1177,213.897,0.7,,,,,,,,,,,,,,,,,,,,,,,,,,,,,,,,,,,,,,,
269,,,,3.0174,3971.067,15.42,,,,,,,5.0296,727.284,2.82,,,,,,,11.6,157.986,0.61,,,,,,,,,,13.236,161.792,0.63,,,,,,,,,,,,,,,,15.2953,838.991,3.26,15.7262,235.501,0.91,16.4952,993.81,3.86,16.6494,102.734,0.4,,,,,,,,,,,,,17.9338,641.637,2.49,18.2053,524.341,2.04,18.3972,288.081,1.12,,,,,,,,,,19.4596,355.138,1.38,19.8652,212.449,0.83,,,,,,,20.4151,318.796,1.24,20.6682,4518.194,17.55,20.9759,1825.453,7.09,21.2286,103.917,0.4,21.3429,541.814,2.1,,,,21.5704,272.488,1.06,,,,,,,21.9841,120.84,0.47,,,,22.6975,78.731,0.31,,,,,,,23.2711,64.182,0.25,,,,,,,,,,,,,,,,,,,,,,,,,,,,,,,,,,,,,,,,,,,,,,,,,,,,,,,,,,,,,,,,,,,,,,,,
273,,,,3.0223,7300.003,21.42,4.2395,176.104,0.52,,,,,,,,,,,,,11.6154,834.483,2.45,,,,12.2038,174.8,0.51,,,,13.2382,300.719,0.88,13.7,118.808,0.35,,,,,,,,,,,,,15.3207,1434.474,4.21,15.7263,425.973,1.25,16.5222,247.009,0.72,16.6515,121.144,0.36,,,,,,,,,,,,,17.9279,422.98,1.24,18.2098,571.134,1.68,18.4039,429.796,1.26,,,,,,,,,,19.5831,163.173,0.48,,,,,,,,,,20.3944,182.188,0.53,20.6199,2417.751,7.09,20.8464,207.411,0.61,21.2472,197.299,0.58,21.3863,3014.946,8.85,,,,,,,,,,,,,21.9746,99.859,0.29,,,,22.7672,188.135,0.55,22.9136,1494.586,4.38,23.1575,93.949,0.28,23.2717,70.148,0.21,23.4561,75.389,0.22,,,,,,,,,,,,,,,,,,,,,,,,,,,,,,,,,,,,,,,,,,,,,,,,,,,,,,,,,,,,,,,,,,,,,
282,,,,3.0172,1375.731,4.31,4.2395,161.124,0.5,,,,5.0483,786.97,2.46,,,,,,,11.6037,180.307,0.56,,,,,,,12.6537,118.835,0.37,13.2528,774.788,2.43,,,,,,,14.448,6328.869,19.81,,,,,,,,,,15.9231,264.36,0.83,,,,16.5726,5803.015,18.16,,,,,,,,,,,,,17.9218,239.116,0.75,18.1888,249.296,0.78,,,,18.5867,104.252,0.33,,,,18.9015,122.445,0.38,19.4365,158.935,0.5,19.8785,498.591,1.56,,,,,,,20.2237,150.258,0.47,20.5832,378.516,1.18,20.92,295.392,0.92,21.1609,108.159,0.34,21.2963,629.704,1.97,,,,21.5757,586.265,1.83,,,,,,,,,,,,,22.6562,237.711,0.74,23.0493,113.751,0.36,,,,23.3149,68.943,0.22,,,,,,,,,,23.7604,326.787,1.02,,,,,,,,,,,,,,,,,,,,,,,,,,,,,,,,,,,,,,,,,,,,,,,,,,,,,,,,,,,,
294,,,,3.0131,3167.452,21.59,4.1258,195.616,1.33,,,,,,,,,,,,,11.6745,114.614,0.78,,,,,,,,,,13.2321,114.251,0.78,,,,,,,,,,,,,,,,15.2615,330.883,2.26,15.6757,389.524,2.65,16.4818,659.486,4.49,,,,,,,,,,,,,17.8102,140.592,0.96,,,,18.1716,93.969,0.64,18.3849,227.624,1.55,,,,,,,18.9326,151.916,1.04,,,,,,,,,,,,,20.4976,156.92,1.07,20.582,826.307,5.63,20.9288,387.033,2.64,21.2525,122.701,0.84,21.355,1538.292,10.48,,,,,,,,,,,,,21.9191,571.192,3.89,,,,,,,,,,,,,23.2757,69.714,0.48,,,,,,,,,,23.7541,104.711,0.71,23.8433,84.13,0.57,,,,,,,,,,,,,,,,25.1151,77.672,0.53,,,,,,,,,,,,,,,,,,,,,,,,,,,,,,,,,,,,,,,
296,,,,3.0181,749.102,2.93,,,,,,,5.0042,204.905,0.8,,,,,,,11.6047,320.62,1.25,,,,,,,12.6566,530.895,2.08,13.2677,1946.537,7.62,,,,,,,,,,,,,,,,,,,15.9134,130.71,0.51,16.5408,3401.465,13.31,,,,,,,17.2033,301.046,1.18,,,,17.8949,372.133,1.46,,,,18.1772,113.8,0.45,,,,,,,,,,,,,,,,19.8667,304.431,1.19,,,,,,,20.4705,1100.942,4.31,,,,,,,21.1466,150.825,0.59,,,,,,,21.5559,338.455,1.32,,,,,,,,,,,,,,,,,,,,,,,,,,,,,,,,,,,,,,,,,,,,,,,,,,,,,,,25.115,122.456,0.48,,,,,,,,,,,,,,,,,,,,,,,,,,,,,,,,,,,,,,,
300,,,,3.0141,1150.067,6.46,,,,4.8206,678.934,3.81,,,,,,,,,,11.6004,131.489,0.74,,,,,,,12.7032,564.775,3.17,,,,,,,,,,,,,,,,,,,15.272,205.668,1.16,,,,16.4913,750.456,4.22,16.6843,160.555,0.9,,,,17.2376,927.496,5.21,,,,,,,17.9378,1168.17,6.56,18.2046,425.151,2.39,18.3948,118.17,0.66,,,,,,,,,,,,,,,,,,,,,,20.4286,1152.442,6.47,20.5941,827.363,4.65,20.9286,138.514,0.78,21.0236,490.29,2.75,,,,,,,,,,,,,,,,,,,,,,,,,,,,,,,,,,,,,,,,,,,,,,,,,,,,,,,,,,,,,,,,25.1212,356.251,2,,,,,,,,,,,,,,,,,,,,,,,,,,,,,,,,,,,,,,,
302,,,,3.0157,601.033,3.95,,,,,,,,,,,,,,,,,,,,,,,,,,,,13.2322,131.268,0.86,,,,,,,,,,,,,,,,,,,,,,16.5013,1544.941,10.17,,,,,,,,,,,,,17.8994,230.307,1.52,,,,,,,,,,,,,,,,,,,,,,,,,,,,,,,20.4399,1071.02,7.05,20.6866,5881.539,38.7,,,,21.2478,152.654,1,,,,21.4577,82.324,0.54,21.5441,203.053,1.34,,,,,,,,,,22.2979,127.206,0.84,22.6786,58.405,0.38,23.0396,109.702,0.72,,,,,,,,,,,,,,,,23.7529,207.171,1.36,,,,,,,,,,,,,,,,,,,,,,,,,,,,,,,,,,,,,,,,,,,,,,,,,,,,,,,,,,,,
321,,,,3.0139,2171.311,8.59,3.4038,510.098,2.02,,,,,,,,,,,,,11.6034,680.26,2.69,,,,,,,,,,13.2296,160.945,0.64,,,,,,,,,,,,,,,,,,,16.0133,113.26,0.45,16.531,3658.572,14.47,,,,,,,,,,,,,17.8572,718.441,2.84,,,,18.1748,117.56,0.47,,,,,,,,,,18.938,361.204,1.43,19.5778,104.458,0.41,,,,,,,,,,20.4519,2556.541,10.11,20.6042,1312.393,5.19,20.9071,400.825,1.59,21.2167,65.964,0.26,21.3153,69.509,0.27,,,,,,,,,,,,,21.9802,238.226,0.94,22.2969,91.384,0.36,22.6895,367.27,1.45,22.9972,133.048,0.53,23.1674,626.223,2.48,23.3194,86.27,0.34,23.4617,331.26,1.31,,,,,,,23.7317,151.536,0.6,,,,,,,,,,,,,,,,24.9487,358.27,1.42,,,,,,,,,,,,,,,,,,,,,,,,,,,,,,,,,,,,,,,,,,
322,,,,3.0176,7748.054,15.07,4.2377,165.791,0.32,,,,5.0106,1474.406,2.87,,,,,,,11.6058,263.785,0.51,,,,,,,,,,13.2396,143.439,0.28,13.7059,161.708,0.31,,,,,,,,,,,,,15.3319,1550.977,3.02,15.7469,888.253,1.73,16.4975,849.985,1.65,16.7057,224.704,0.44,,,,,,,17.4242,8340.408,16.22,,,,18.0029,1255.766,2.44,18.1854,2051.104,3.99,18.4414,670.674,1.3,,,,,,,,,,19.5034,683.822,1.33,19.8798,240.921,0.47,,,,,,,20.437,459.966,0.89,20.6947,5677.916,11.04,,,,21.2571,312.81,0.61,21.3618,946.049,1.84,,,,21.5833,72.849,0.14,,,,,,,21.9168,217.751,0.42,,,,22.7857,542.761,1.06,22.9035,1320.289,2.57,23.1701,203.603,0.4,23.2822,92.612,0.18,23.4658,171.652,0.33,,,,,,,23.7484,186.856,0.36,,,,23.8527,88.545,0.17,,,,,,,,,,,,,25.1193,148.571,0.29,,,,,,,,,,,,,,,,,,,,,,,,,,,,,,,,,,,,,,,
328,,,,3.0208,10696.694,19.14,4.2383,236.796,0.42,,,,,,,,,,,,,11.6182,768.807,1.38,,,,,,,12.6605,126.838,0.23,13.2433,160.175,0.29,13.7089,171.747,0.31,,,,,,,,,,,,,15.3549,2197.887,3.93,15.7625,776.972,1.39,16.5206,1748.162,3.13,16.682,154.567,0.28,,,,,,,17.3881,4626.598,8.28,,,,17.976,878.563,1.57,18.1614,1197.619,2.14,18.4702,1672.92,2.99,,,,,,,,,,19.5012,456.524,0.82,,,,,,,,,,20.4136,349.462,0.63,20.6361,2451.717,4.39,,,,21.1678,791.703,1.42,,,,21.4651,10322.121,18.47,,,,,,,21.6651,238.185,0.43,21.9365,161.567,0.29,22.3343,84.546,0.15,22.7831,144.038,0.26,23.0035,55.777,0.1,23.1685,183.453,0.33,23.2819,92.1,0.16,23.4652,173.171,0.31,,,,,,,23.7377,108.86,0.19,,,,23.8523,87.626,0.16,,,,,,,,,,,,,25.1204,84.708,0.15,,,,,,,,,,,,,,,,,,,,,,,,,,,,,,,,,,,,,,,
333,,,,3.0194,4849.441,16.57,4.2392,134.031,0.46,,,,,,,,,,,,,,,,,,,12.1784,154.57,0.53,,,,13.2498,852.038,2.91,,,,,,,,,,,,,,,,15.3168,1317.581,4.5,15.7155,287.551,0.98,16.5157,1871.158,6.4,,,,,,,,,,,,,,,,17.9027,119.724,0.41,18.1816,223.861,0.77,18.3956,383.899,1.31,,,,,,,,,,19.4454,325.336,1.11,,,,,,,,,,20.3974,87.699,0.3,20.6505,3616.572,12.36,20.95,851.904,2.91,21.058,362.028,1.24,21.3961,4549.047,15.55,,,,21.5716,178.135,0.61,,,,,,,,,,,,,,,,,,,,,,23.269,76.584,0.26,,,,,,,,,,,,,23.7705,1190.86,4.07,,,,,,,,,,,,,,,,25.116,255.625,0.87,,,,,,,,,,,,,,,,,,,,,,,,,,,,,,,,,,,,,,,
333.1,,,,3.0214,4636.222,15.4,4.2417,145.957,0.48,,,,5.0785,399.278,1.33,,,,,,,,,,,,,12.1816,136.131,0.45,,,,13.2565,849.389,2.82,13.7031,95.202,0.32,,,,,,,,,,,,,15.3284,1489.025,4.95,15.9177,127.69,0.42,16.5262,2117.25,7.03,,,,,,,,,,,,,,,,17.9113,110.95,0.37,18.1874,213.058,0.71,18.4062,446.029,1.48,,,,,,,,,,19.4596,277.618,0.92,19.8632,150.382,0.5,,,,,,,20.4062,89.778,0.3,20.6622,3851.817,12.8,20.9578,950.028,3.16,21.0715,371.253,1.23,21.4051,4746.261,15.77,,,,21.5806,205.767,0.68,,,,,,,,,,,,,,,,,,,,,,23.2763,89.176,0.3,,,,,,,,,,,,,23.7791,1415.223,4.7,,,,,,,,,,,,,,,,25.1206,258.436,0.86,,,,,,,,,,,,,,,,,,,,,,,,,,,,,,,,,,,,,,,
338,,,,3.0136,3917.83,15.41,,,,,,,,,,,,,,,,11.5981,112.053,0.44,,,,,,,,,,13.2363,160.631,0.63,,,,,,,,,,,,,,,,15.2953,866.303,3.41,15.7255,546.158,2.15,16.4934,838.392,3.3,,,,,,,,,,,,,,,,17.9246,468.742,1.84,18.1939,324.672,1.28,18.4111,598.682,2.35,,,,,,,,,,19.5822,119.422,0.47,,,,,,,,,,20.3949,211.912,0.83,20.6023,1504.96,5.92,20.9613,1291.723,5.08,21.0689,463.658,1.82,21.4021,4462.491,17.55,,,,21.571,77.251,0.3,,,,,,,21.9168,220.137,0.87,,,,22.7744,112.344,0.44,,,,,,,23.2709,65.87,0.26,,,,,,,,,,23.7601,272.369,1.07,,,,,,,,,,,,,,,,,,,25.1222,445.499,1.75,,,,,,,,,,,,,,,,,,,,,,,,,,,,,,,,,,,,,,,
349,,,,3.0125,1196.22,9.71,3.3751,428.414,3.48,,,,,,,,,,,,,11.6054,162.946,1.32,,,,,,,,,,13.2318,118.138,0.96,,,,,,,,,,,,,,,,15.2543,250.203,2.03,15.6416,128.712,1.05,16.4705,290.703,2.36,,,,,,,,,,,,,,,,17.9026,275.744,2.24,,,,18.3832,193.385,1.57,,,,,,,,,,19.8516,111.821,0.91,,,,,,,,,,20.3938,118.368,0.96,20.6367,3207.245,26.04,20.9358,540.443,4.39,21.2576,88.316,0.72,21.3375,670.149,5.44,,,,,,,,,,,,,21.9678,124.155,1.01,,,,22.7676,288.132,2.34,,,,23.1584,65.404,0.53,,,,23.455,64.792,0.53,,,,,,,23.7538,111.568,0.91,,,,,,,,,,,,,,,,,,,,,,,,,,,,,,,,,,,,,,,,,,,,,,,,,,,,,,,,,,,,
356,,,,3.0189,2940.833,7.16,4.2398,244.532,0.6,,,,5.0951,324.117,0.79,,,,,,,11.6165,974.259,2.37,,,,,,,12.6515,183.471,0.45,13.2466,616.038,1.5,,,,,,,14.4463,6356.817,15.47,,,,,,,15.3301,150.049,0.37,15.9216,284.317,0.69,,,,16.6125,10032.126,24.42,,,,,,,,,,,,,17.9382,852.528,2.07,18.1852,181,0.44,,,,18.5838,112.876,0.27,,,,18.8964,112.366,0.27,19.436,251.048,0.61,19.8744,470.909,1.15,,,,,,,20.493,1923.471,4.68,20.5896,806.396,1.96,,,,21.158,138.057,0.34,21.3036,1024.23,2.49,,,,21.5851,1023.315,2.49,,,,,,,21.9866,257.611,0.63,,,,22.6806,165.554,0.4,22.9096,126.011,0.31,,,,23.3125,79.732,0.19,,,,,,,,,,23.7546,115.513,0.28,,,,,,,,,,,,,,,,,,,25.1125,86.644,0.21,,,,,,,,,,,,,,,,,,,,,,,,,,,,,,,,,,,,,,,
372,,,,3.0177,3480.45,15.35,4.2358,118.016,0.52,,,,5.0649,435.177,1.92,,,,,,,11.6015,379.618,1.67,,,,,,,12.7337,608.564,2.68,,,,,,,,,,,,,,,,,,,15.2804,428.147,1.89,,,,16.4751,206.818,0.91,16.7178,222.573,0.98,,,,,,,,,,,,,17.9512,1675.06,7.39,18.1987,311.423,1.37,18.389,151.132,0.67,,,,,,,,,,19.5762,146.13,0.64,,,,,,,,,,20.3986,563.712,2.49,,,,20.7854,144.854,0.64,21.205,78.411,0.35,21.3259,254.435,1.12,,,,,,,,,,,,,,,,,,,,,,,,,,,,23.3295,212.606,0.94,,,,,,,,,,,,,,,,,,,,,,,,,,,,,,,,,,,,,,,,,,,,,,,,,,,,,,,,,,,,,,,,,,,,,,,,
380,,,,3.0175,5336.865,13.19,,,,,,,5.037,1212.86,3,,,,,,,11.6145,758.319,1.87,,,,,,,,,,13.2645,1508.046,3.73,,,,,,,,,,,,,,,,15.3199,1058.999,2.62,15.9195,154.248,0.38,16.546,3766.896,9.31,16.6643,101.632,0.25,,,,,,,17.3762,4103.94,10.14,,,,17.9478,644.255,1.59,18.2171,592.617,1.46,18.4099,394.298,0.97,,,,,,,,,,19.4917,539.827,1.33,,,,,,,,,,20.4305,185.001,0.46,20.7051,6443.18,15.92,20.8485,170.838,0.42,21.2334,148.759,0.37,21.3406,507.484,1.25,,,,21.5729,227.591,0.56,,,,,,,21.9092,245.36,0.61,22.3104,77.16,0.19,22.7806,456.078,1.13,22.8856,1171.682,2.9,23.161,75.319,0.19,23.2754,67.32,0.17,23.4587,74.441,0.18,,,,,,,23.7588,176.336,0.44,,,,,,,,,,,,,,,,,,,25.1169,71.907,0.18,,,,,,,,,,,,,,,,,,,,,,,,,,,,,,,,,,,,,,,
381,,,,3.0178,7470.65,12.89,4.2368,147.717,0.25,,,,5.0409,1203.885,2.08,,,,,,,11.6291,1709.296,2.95,,,,12.134,131.082,0.23,12.6532,228.182,0.39,13.2432,449.773,0.78,13.7003,100.791,0.17,,,,,,,14.9161,121.411,0.21,,,,15.364,2084.621,3.6,15.7468,442.902,0.76,16.5585,4788.852,8.26,16.675,131.689,0.23,,,,,,,17.3843,4605.612,7.95,,,,17.9736,1021.665,1.76,18.1537,1100.695,1.9,18.4651,1738.704,3,18.6066,135.269,0.23,,,,,,,19.4903,541.109,0.93,19.871,153.511,0.26,,,,,,,20.4197,273.786,0.47,20.6755,4717.438,8.14,,,,21.1207,570.07,0.98,,,,21.438,7372.214,12.72,,,,21.6288,394.935,0.68,,,,21.9846,76.776,0.13,22.3274,233.619,0.4,22.7807,516.012,0.89,23.0026,162.175,0.28,23.1644,173.156,0.3,23.2772,72.448,0.13,23.4619,129.389,0.22,,,,,,,23.7354,128.112,0.22,,,,,,,,,,,,,,,,,,,25.117,124.856,0.22,,,,,,,,,,,,,,,,,,,,,,,,,,,,,,,,,,,,,,,
388,,,,,,,,,,,,,,,,,,,,,,,,,,,,,,,,,,,,,,,,,,,,,,,,,,,,,,,,,,,,,,,,,,,,,,,,,,,,,,,,,,,,,,,,,,,,,,,,,,,,,,,,,,,,,,,,,,,,,,21.3178,178.971,24.51,,,,,,,,,,,,,,,,,,,,,,,,,,,,,,,,,,,,,,,,,,,,,,,,,,,,,,,,,,,,,,,,,,,,,,,,,,,,,,,,,,,,,,,,,,,,,,,,,,,,,,
391,,,,3.0126,6429.531,12.94,4.2322,289.492,0.58,,,,5.018,149.822,0.3,,,,,,,11.6249,1541.099,3.1,,,,,,,12.6552,309.059,0.62,13.2488,678.293,1.36,,,,,,,14.4532,7107.224,14.3,,,,,,,15.4463,152.365,0.31,15.7466,320.922,0.65,16.5322,2864.735,5.76,16.6806,217.02,0.44,,,,,,,17.375,3947.268,7.94,17.85,80.83,0.16,17.9643,832.131,1.67,18.2303,778.823,1.57,18.4166,340.196,0.68,18.602,122.252,0.25,,,,18.9118,146.666,0.3,19.4515,183.324,0.37,,,,,,,,,,20.2312,166.227,0.33,20.6182,1404.423,2.83,,,,21.1718,53.609,0.11,21.3547,421.89,0.85,,,,21.5859,350.098,0.7,,,,,,,21.9222,166.437,0.33,22.3282,258.905,0.52,22.6944,307.03,0.62,23.0602,105.601,0.21,23.1649,238.497,0.48,23.3311,172.015,0.35,23.4595,135.447,0.27,,,,,,,23.7343,89.537,0.18,,,,,,,,,,,,,,,,,,,25.1173,106.844,0.21,,,,,,,,,,,,,,,,,,,,,,,,,,,,,,,,,,,,,,,
394,,,,3.1675,60.461,0.09,3.8453,206.688,0.31,,,,,,,7.2691,197.231,0.3,,,,11.6212,1170.247,1.76,,,,,,,12.6577,265.433,0.4,13.2457,407.039,0.61,13.7068,170.784,0.26,,,,,,,,,,,,,15.349,1440.37,2.16,15.7983,1212.011,1.82,16.5371,3046.4,4.57,16.7102,143.087,0.21,,,,,,,17.4357,8940.324,13.42,17.8802,324.907,0.49,18.0163,1715.53,2.58,18.1719,971.448,1.46,18.4618,1155.2,1.73,,,,,,,18.9892,287.212,0.43,19.4881,131.837,0.2,,,,,,,,,,20.4244,240.195,0.36,20.6779,4148.552,6.23,20.81,106.035,0.16,21.1292,783.999,1.18,,,,21.431,6348.331,9.53,,,,,,,,,,21.9797,1498.854,2.25,22.336,149.71,0.22,,,,,,,23.1749,172.453,0.26,23.2851,84.761,0.13,23.4642,163.694,0.25,,,,,,,23.7378,85.659,0.13,,,,23.8568,146.996,0.22,,,,,,,,,,,,,25.1204,101.859,0.15,,,,,,,,,,,,,,,,,,,,,,,,,,,,,,,,,,,,,,,
405,,,,3.0177,894.973,4.07,,,,,,,5.0131,298.197,1.36,,,,,,,11.6007,100.43,0.46,,,,,,,12.652,141.555,0.64,13.2592,1236.799,5.63,,,,,,,,,,,,,,,,,,,15.9174,189.32,0.86,,,,,,,,,,,,,,,,,,,,,,18.1732,86.368,0.39,,,,,,,,,,,,,,,,19.8644,343.306,1.56,,,,,,,20.4321,428.224,1.95,20.6982,6663.758,30.31,,,,21.1389,166.415,0.76,,,,,,,21.5632,617.169,2.81,,,,,,,,,,,,,,,,,,,,,,,,,,,,,,,,,,23.7555,256.207,1.17,,,,,,,,,,,,,,,,,,,25.1201,437.619,1.99,,,,,,,,,,,,,,,,,,,,,,,,,,,,,,,,,,,,,,,
409,,,,3.0207,7892.75,20.9,4.2388,211.944,0.56,4.8267,490.835,1.3,,,,,,,,,,11.6104,207.98,0.55,,,,,,,,,,13.2601,986.4,2.61,13.7072,139.172,0.37,,,,,,,,,,,,,15.3258,1194.019,3.16,15.7448,614.578,1.63,16.5533,3965.511,10.5,,,,,,,,,,17.3594,2794.649,7.4,,,,17.9352,427.999,1.13,18.2042,355.432,0.94,18.4259,711.97,1.88,,,,,,,,,,19.4826,261.04,0.69,19.872,177.648,0.47,,,,,,,20.4159,137.671,0.36,20.6707,4007.883,10.61,20.9732,1386.651,3.67,21.2554,128.231,0.34,21.39,2952.648,7.82,,,,21.5783,262.247,0.69,,,,,,,,,,,,,,,,,,,,,,23.275,94.064,0.25,,,,,,,,,,23.7625,242.69,0.64,23.8428,70.231,0.19,,,,,,,,,,,,,,,,25.1234,322.538,0.85,,,,,,,,,,,,,,,,,,,,,,,,,,,,,,,,,,,,,,,
42,,,,3.0195,7331.362,18.23,4.2383,197.294,0.49,4.8912,644.851,1.6,,,,,,,,,,11.6205,986.419,2.45,,,,,,,12.659,348.214,0.87,13.246,374.699,0.93,13.7038,115.124,0.29,,,,,,,,,,,,,15.3286,1553.366,3.86,15.7397,393.589,0.98,16.4989,862.599,2.15,,,,,,,,,,17.3604,3188.308,7.93,,,,17.9464,675.06,1.68,18.2115,492.012,1.22,18.4338,938.151,2.33,,,,,,,,,,19.5054,381.775,0.95,,,,,,,,,,20.4132,360.802,0.9,20.6495,3222.517,8.01,,,,21.1196,759.986,1.89,,,,21.4327,6891.766,17.14,,,,,,,,,,21.9082,111.946,0.28,,,,,,,,,,23.1624,155.023,0.39,23.2754,71.805,0.18,23.4619,168.485,0.42,,,,,,,23.7342,77.127,0.19,,,,,,,,,,,,,,,,,,,,,,,,,,,,,,,,,,,,,,,,,,,,,,,,,,,,,,,,,,,,
423,,,,3.0176,4859.205,11.6,4.238,198.115,0.47,,,,5.0259,90.897,0.22,,,,,,,11.6123,412.166,0.98,,,,,,,,,,13.252,544.213,1.3,,,,,,,,,,,,,,,,15.3264,809.148,1.93,15.7472,375.242,0.9,,,,16.5746,5830.048,13.92,,,,,,,17.3715,3434.53,8.2,,,,17.9516,564.851,1.35,18.1534,1115.578,2.66,18.4226,490.597,1.17,,,,,,,18.9134,149.833,0.36,19.4805,394.117,0.94,19.8809,261.386,0.62,,,,,,,20.4722,1827.355,4.36,20.601,1108.863,2.65,,,,21.2524,203.088,0.48,21.3463,368.736,0.88,,,,21.5862,314.933,0.75,,,,,,,21.9129,95.226,0.23,,,,22.6578,98.74,0.24,,,,23.1624,98.05,0.23,23.3391,159.921,0.38,23.4611,62.449,0.15,,,,,,,,,,,,,,,,,,,,,,,,,,,,25.1253,376.259,0.9,,,,,,,,,,,,,,,,,,,,,,,,,,,,,,,,,,,,,,,
429,,,,3.0184,2971.284,11.35,,,,,,,,,,,,,,,,11.6011,103.124,0.39,,,,,,,,,,,,,,,,,,,,,,,,,,,,15.3177,1299.839,4.97,15.7279,239.224,0.91,16.5,1037.188,3.96,,,,,,,,,,,,,,,,17.936,561.021,2.14,18.2176,727.057,2.78,18.4059,396.743,1.52,,,,,,,,,,19.5804,131.026,0.5,,,,,,,,,,20.3935,186.371,0.71,20.5985,1607.814,6.14,20.8603,96.571,0.37,21.091,372.268,1.42,,,,21.4216,6176.051,23.59,21.5927,147.427,0.56,,,,,,,,,,22.3144,76.874,0.29,22.774,317.774,1.21,22.8911,1405.129,5.37,,,,23.2715,60.323,0.23,,,,,,,,,,,,,23.8446,65.605,0.25,,,,,,,,,,,,,,,,25.1164,102.692,0.39,,,,,,,,,,,,,,,,,,,,,,,,,,,,,,,,,,,,,,,
429.1,,,,3.0193,2051.188,10.88,,,,,,,,,,,,,,,,,,,,,,,,,,,,,,,,,,,,,,,,,,,,,,15.3069,1026.394,5.44,,,,16.4918,698.918,3.71,,,,,,,,,,,,,,,,17.9258,428.513,2.27,18.206,525.077,2.78,18.3985,316.522,1.68,,,,,,,,,,19.5787,107.782,0.57,,,,,,,,,,20.3897,128.955,0.68,20.5944,1328.282,7.04,20.9474,868.444,4.6,21.0664,407.294,2.16,21.4053,4626.002,24.53,,,,21.5739,94.544,0.5,,,,,,,,,,,,,22.7722,236.544,1.25,,,,,,,23.2687,53.717,0.28,,,,,,,,,,,,,23.8423,63.058,0.33,,,,,,,,,,,,,,,,25.1163,85.508,0.45,,,,,,,,,,,,,,,,,,,,,,,,,,,,,,,,,,,,,,,
441,,,,3.0152,18655.679,18.49,3.8393,198.85,0.2,,,,,,,,,,,,,11.6458,3346.747,3.32,,,,,,,12.6529,296.632,0.29,13.2422,441.113,0.44,13.7052,170.674,0.17,14.2425,146.536,0.15,,,,,,,,,,15.4162,1872.735,1.86,15.8413,1256.433,1.25,16.556,4804.414,4.76,16.8086,190.467,0.19,,,,,,,,,,17.6656,816.392,0.81,18.0093,1230.338,1.22,18.1742,886.324,0.88,18.5187,3145.84,3.12,18.6265,142.354,0.14,,,,19.0035,374.046,0.37,19.4998,176.213,0.17,19.8851,109.295,0.11,,,,,,,20.4378,883.988,0.88,20.6584,3668.189,3.64,20.8288,77.606,0.08,21.1733,1124.056,1.11,,,,21.4618,9406.436,9.33,,,,,,,,,,21.9843,1366.949,1.36,22.3438,200.048,0.2,22.6975,77.759,0.08,23.0028,122.45,0.12,23.1787,458.434,0.45,23.2877,92.737,0.09,23.469,352.511,0.35,,,,,,,23.738,170.252,0.17,,,,23.8548,88.483,0.09,,,,,,,,,,,,,,,,,,,,,,,,,,,,,,,,,,,,,,,,,,,,,,,,,,,,,,
450,,,,3.0198,5762.229,16.11,4.2385,161.667,0.45,,,,,,,,,,,,,11.6161,956.37,2.67,,,,12.1863,145.585,0.41,,,,13.2436,588.831,1.65,13.6984,113.202,0.32,,,,,,,,,,,,,15.3311,1737.853,4.86,15.7277,290.375,0.81,16.5093,1660.523,4.64,16.6509,111.531,0.31,,,,,,,,,,,,,17.9447,598.351,1.67,18.2276,941.923,2.63,18.4159,615.695,1.72,,,,,,,,,,19.465,655.962,1.83,19.8608,114.234,0.32,,,,,,,20.4061,190.57,0.53,20.6571,4072.33,11.39,20.845,122.058,0.34,21.248,279.167,0.78,21.3795,2505.806,7.01,,,,21.5686,171.948,0.48,,,,,,,21.9849,235.468,0.66,,,,22.7579,108.743,0.3,22.9925,70.002,0.2,23.1557,78.939,0.22,23.2701,79.615,0.22,23.4541,56.533,0.16,,,,,,,23.7538,176.897,0.49,,,,,,,,,,,,,,,,,,,,,,,,,,,,,,,,,,,,,,,,,,,,,,,,,,,,,,,,,,,,
466,,,,3.0167,2656.284,15.22,3.3747,137.566,0.79,,,,,,,,,,,,,11.6023,195.209,1.12,,,,,,,,,,13.2415,331.306,1.9,,,,,,,,,,,,,,,,15.2787,374.706,2.15,15.9142,180.96,1.04,16.5304,2765.057,15.84,,,,,,,,,,,,,,,,17.9091,212.733,1.22,18.194,370.499,2.12,18.3834,93.178,0.53,,,,,,,,,,19.5767,96.446,0.55,,,,,,,,,,20.3916,211.041,1.21,20.6093,1527.979,8.75,20.9367,497.423,2.85,,,,21.3337,302.173,1.73,21.4679,117.512,0.67,21.5561,300.883,1.72,,,,,,,,,,,,,,,,,,,,,,23.3296,181.774,1.04,,,,,,,,,,23.7604,393.543,2.25,,,,,,,,,,,,,,,,,,,,,,,,,,,,,,,,,,,,,,,,,,,,,,,,,,,,,,,,,,,,
54,,,,3.0146,1929.12,12.49,4.236,124.62,0.81,,,,5.0092,478.214,3.1,,,,,,,11.5962,122.186,0.79,,,,,,,,,,,,,,,,,,,,,,,,,,,,15.2595,220.57,1.43,,,,16.5026,1543.429,9.99,,,,,,,,,,,,,,,,17.924,680.681,4.41,18.1777,156.292,1.01,,,,,,,,,,,,,19.5787,145.016,0.94,,,,,,,,,,20.4254,891.543,5.77,20.6216,1626.911,10.53,20.9311,382.059,2.47,,,,21.3227,82.41,0.53,,,,21.5448,139.889,0.91,,,,,,,21.9683,74.027,0.48,,,,22.6413,93.672,0.61,,,,,,,23.3147,121.577,0.79,,,,,,,,,,,,,,,,,,,,,,,,,,,,,,,25.115,209.574,1.36,,,,,,,,,,,,,,,,,,,,,,,,,,,,,,,,,,,,,,,
6,,,,,,,,,,,,,,,,,,,,,,,,,,,,,,,12.6577,570.052,1.8,13.2396,336.298,1.06,,,,,,,,,,14.9222,114.155,0.36,,,,,,,15.9172,297.996,0.94,16.4018,179.852,0.57,,,,,,,,,,,,,,,,,,,,,,,,,18.5767,113.712,0.36,,,,,,,19.5652,98.647,0.31,,,,,,,,,,,,,20.6287,11449.291,36.06,20.9377,247.254,0.78,,,,21.3186,1376.373,4.33,,,,21.586,818.89,2.58,,,,21.6979,71.886,0.23,21.8746,114.878,0.36,,,,,,,22.9106,112.173,0.35,,,,,,,,,,,,,,,,23.7569,251.204,0.79,,,,23.8656,4295.439,13.53,,,,,,,,,,,,,,,,,,,,,,,,,,,,,,,,,,,,,,,,,,,,,,,,,,,,,,
63,,,,3.02,6217.42,19.69,4.2375,171.867,0.54,,,,,,,,,,,,,11.6111,564.98,1.79,,,,12.1466,132.762,0.42,,,,13.2384,148.26,0.47,13.7,123.269,0.39,,,,,,,,,,,,,15.3086,841.65,2.67,15.9186,227.016,0.72,16.5493,4151.931,13.15,16.6511,91.752,0.29,,,,,,,,,,,,,17.9368,590.589,1.87,18.2104,542.36,1.72,18.3997,290.613,0.92,,,,,,,,,,19.5849,152.341,0.48,,,,,,,,,,20.3978,333.391,1.06,20.5955,1257.32,3.98,20.8123,145.754,0.46,21.2377,195.887,0.62,21.3605,1309.017,4.15,,,,21.5743,478.351,1.51,,,,,,,21.9861,245.43,0.78,,,,22.7676,158.843,0.5,,,,,,,23.2676,53.582,0.17,,,,,,,,,,,,,,,,,,,,,,,,,,,,,,,25.115,78.917,0.25,,,,,,,,,,,,,,,,,,,,,,,,,,,,,,,,,,,,,,,
8,,,,3.017,2712.45,7.97,4.2385,136.357,0.4,,,,,,,,,,,,,11.6026,377.399,1.11,,,,,,,,,,13.2343,150.691,0.44,,,,,,,,,,,,,,,,15.3452,2132.054,6.26,,,,16.5023,1210.958,3.56,,,,,,,,,,,,,,,,17.9294,607.66,1.79,18.1945,418.867,1.23,18.4239,954.833,2.8,,,,,,,,,,19.5834,121.535,0.36,,,,,,,,,,20.4418,1409.136,4.14,20.6576,4241.477,12.46,20.9391,617.095,1.81,21.1152,522.297,1.53,,,,21.4389,8282.968,24.33,,,,21.6291,209.53,0.62,,,,,,,22.3192,153.305,0.45,22.6514,71.681,0.21,22.9925,72.617,0.21,23.1553,137.446,0.4,23.3265,150.215,0.44,23.4532,97.64,0.29,,,,,,,,,,,,,,,,,,,,,,,,,,,,25.1121,81.223,0.24,,,,,,,,,,,,,,,,,,,,,,,,,,,,,,,,,,,,,,,
91,,,,3.0154,9346.135,18.9,4.232,186.268,0.38,,,,5.0313,2414.553,4.88,,,,,,,11.6011,395.129,0.8,,,,,,,,,,13.2409,622.021,1.26,13.6969,129.883,0.26,,,,,,,,,,,,,15.3259,1668.598,3.37,15.8456,67.559,0.14,16.4961,981.402,1.98,16.6715,156.466,0.32,,,,,,,17.3787,4637.873,9.38,,,,17.9471,680.278,1.38,18.2147,641.552,1.3,18.4651,1947.346,3.94,,,,,,,,,,19.4778,376.733,0.76,,,,,,,,,,20.4285,526.465,1.06,20.6825,5109.818,10.33,,,,21.2653,214.806,0.43,21.4012,3688.008,7.46,,,,21.5812,116.203,0.23,,,,,,,21.9231,204.747,0.41,22.3164,84.099,0.17,22.7817,354.898,0.72,22.9964,70.007,0.14,23.1627,168.791,0.34,23.2766,93.697,0.19,23.4612,173.652,0.35,,,,,,,23.7548,172.483,0.35,,,,,,,,,,,,,,,,24.9801,78.688,0.16,,,,,,,,,,,,,,,,,,,,,,,,,,,,,,,,,,,,,,,,,,
93,,,,3.0191,6706.571,20.22,4.2365,256.822,0.77,,,,,,,,,,,,,11.6271,1518.453,4.58,,,,,,,,,,,,,13.7124,87.654,0.26,,,,,,,,,,,,,15.2922,633.957,1.91,15.7254,171.857,0.52,16.4919,884.724,2.67,16.6711,203.55,0.61,,,,17.2308,627.895,1.89,,,,,,,17.9812,2005.299,6.05,18.2153,490.453,1.48,18.4002,218.607,0.66,,,,,,,,,,19.585,173.557,0.52,,,,,,,,,,20.4243,1179.416,3.56,20.5819,465.706,1.4,20.8053,151.919,0.46,21.2263,310.108,0.93,21.337,385.218,1.16,,,,,,,,,,,,,21.9794,186.398,0.56,,,,,,,,,,,,,23.3332,220.611,0.67,,,,,,,,,,,,,,,,,,,,,,,,,,,,,,,,,,,,,,,,,,,,,,,,,,,,,,,,,,,,,,,,,,,,,,,,
BLANK2,,,,,,,,,,,,,,,,,,,,,,,,,,,,,,,,,,,,,,,,,,,,,,,,,,,,,,,,,,,,,,,,,,,,,,,,,,,,,,,,,,,,,,,,,,,,,,,,,,,,,,,,,,,,,,,,,,,,,,,,,,,,,,,,,,,,,,,,,,,,,,,,,,,,,,,,,,,,,,,,,,,,,,,,,,,,,,,,,,,,,,,,,,,,,,,,,,,,,,,,,,,,,,,,,,,,,,,,,,,,,,
Blank_1,,,,,,,,,,,,,,,,,,,,,,,,,,,,,,,,,,,,,,,,,,,,,,,,,,,,,,,,,,,,,,,,,,,,,,,,,,,,,,,,,,,,,,,,,,,,,,,,,,,,,,,,,,,,,,,,,,,,,,,,,,,,,,,,,,,,,,,,,,,,,,,,,,,,,,,,,,,,,,,,,,,,,,,,,,,,,,,24.3862,537.991,47.05,,,,,,,25.3613,490.148,42.87,25.4267,115.222,10.08,,,,,,,,,,,,,,,,,,,,,,,,,,,,,,,,,
Cocktail May 2023,,,,,,,,,,,,,,,,,,,,,,,,,,,,,,,,,,13.238,797.88,6.6,,,,,,,,,,,,,,,,,,,15.6788,615.637,5.09,16.482,974.431,8.06,,,,,,,,,,,,,17.8541,1619.121,13.4,,,,,,,,,,,,,,,,,,,,,,,,,,,,,,,,,,20.5998,1810.024,14.98,,,,,,,,,,,,,,,,,,,21.6963,86.778,0.72,,,,22.3317,1410.813,11.67,,,,,,,,,,,,,,,,,,,,,,23.7271,238.049,1.97,,,,,,,,,,24.1588,77.896,0.64,,,,,,,,,,,,,,,,,,,,,,,,,,,,,,,,,,,,,,,,,,,,,,,,
Cocktail May_2023,,,,,,,,,,,,,,,,,,,,,,,,,,,,,,,,,,13.2613,1863.317,3.15,,,,,,,,,,,,,,,,,,,15.693,1050.277,1.78,16.4947,1220.688,2.07,,,,,,,,,,,,,17.8546,1515.263,2.56,,,,,,,,,,18.5788,152.734,0.26,,,,,,,,,,,,,,,,,,,,,,20.6058,1853.676,3.14,,,,,,,,,,,,,,,,,,,,,,,,,22.331,1299.171,2.2,,,,,,,,,,,,,,,,,,,,,,23.7288,221.851,0.38,,,,,,,,,,,,,,,,24.9056,90.086,0.15,,,,,,,,,,,,,,,,,,,,,,,,,,,,,,,,,,,,,,,,,,
Cocktail_6_May2023,,,,,,,,,,,,,,,,,,,,,,,,,,,,,,,,,,13.2992,2528.317,3.18,,,,,,,,,,,,,,,,,,,15.7292,1482.534,1.86,16.532,1619.583,2.03,,,,,,,,,,,,,17.8974,1969.429,2.47,,,,,,,,,,18.6159,441.209,0.55,,,,,,,,,,,,,,,,,,,,,,20.6425,2290.778,2.88,,,,,,,,,,,,,,,,,,,21.7282,79.164,0.1,,,,22.3587,1700.588,2.14,,,,,,,,,,,,,,,,,,,,,,23.7449,279.193,0.35,,,,,,,,,,,,,,,,24.9231,121.012,0.15,,,,,,,,,,,,,,,,,,,,,,,,,,,,,,,,,,,,,,,,,,
100,,,,,,,3.674,2646.018,6.61,,,,,,,7.3081,984.873,2.46,9.9291,328.236,0.82,,,,,,,12.1439,1006.165,2.52,,,,13.1796,207.131,0.52,13.7814,1643.077,4.11,,,,,,,14.8935,4114.726,10.29,,,,,,,,,,16.3879,362.689,0.91,,,,17.076,9522.094,23.8,,,,,,,17.7595,405.645,1.01,17.9779,2467.282,6.17,,,,,,,18.557,122.909,0.31,18.638,134.911,0.34,19.0343,129.452,0.32,19.3501,88.57,0.22,,,,,,,,,,,,,,,,20.8984,2054.464,5.14,21.1461,7811.443,19.53,,,,21.457,308.226,0.77,21.5425,114.264,0.29,,,,21.6849,225.532,0.56,21.9361,872.672,2.18,22.36,91.078,0.23,,,,,,,23.1635,268.504,0.67,23.2831,142.545,0.36,23.4462,359.101,0.9,23.6235,65.92,0.16,,,,23.7438,259.209,0.65,,,,,,,24.013,115.664,0.29,,,,,,,,,,,,,,,,25.4928,230.715,0.58,,,,25.982,907.165,2.27,,,,26.4968,1241.504,3.1,26.6281,587.157,1.47,,,,,,,,,,,,,,,,,,
105,,,,3.0509,296.987,1.16,3.6742,4089.991,15.93,,,,,,,7.3475,789.594,3.08,9.9299,281.178,1.1,11.6174,551.472,2.15,11.9571,253.881,0.99,12.1308,295.824,1.15,,,,,,,13.759,384.577,1.5,,,,,,,14.8377,357.18,1.39,,,,,,,15.8135,777.103,3.03,16.3793,352.465,1.37,,,,16.9923,2732.291,10.64,,,,,,,17.7925,2707.42,10.55,17.964,216.993,0.85,,,,,,,18.5556,350.629,1.37,18.6343,245.803,0.96,18.8891,582.91,2.27,,,,,,,,,,20.0325,151.888,0.59,,,,20.5685,235.591,0.92,20.8216,126.73,0.49,21.2124,85.328,0.33,21.3204,1393.958,5.43,21.4691,365.544,1.42,,,,,,,21.7114,3144.035,12.25,21.935,285.408,1.11,,,,,,,,,,23.1232,229.81,0.9,23.2785,53.46,0.21,23.4411,164.828,0.64,23.5739,76.46,0.3,23.664,171.876,0.67,23.7401,122.289,0.48,,,,,,,24.0476,105.381,0.41,,,,,,,,,,,,,,,,25.3971,210.191,0.82,,,,25.97,207.642,0.81,,,,,,,26.6185,249.477,0.97,,,,,,,,,,,,,,,,,,
128,,,,3.1232,1013.283,4.91,3.6706,910.08,4.41,,,,,,,,,,,,,,,,,,,12.1436,1687.362,8.18,,,,13.1714,421.17,2.04,13.7691,1424.939,6.91,,,,,,,14.8804,4009.599,19.44,,,,,,,,,,,,,,,,16.9779,2091.774,10.14,,,,,,,,,,17.9331,606.821,2.94,,,,18.5387,108.562,0.53,18.619,121.316,0.59,,,,,,,,,,,,,,,,,,,,,,,,,20.8277,586.384,2.84,21.0993,5047.77,24.47,,,,21.4477,147.711,0.72,21.5239,80.362,0.39,,,,21.6749,122.652,0.59,21.9107,155.831,0.76,22.3389,88.525,0.43,,,,,,,23.1229,760.618,3.69,23.2749,110.739,0.54,23.4372,160.697,0.78,,,,,,,23.7354,89.053,0.43,,,,,,,24.0062,55.818,0.27,,,,24.3978,120.633,0.58,,,,,,,,,,,,,,,,25.9672,283.415,1.37,,,,,,,26.6139,102.725,0.5,,,,,,,,,,,,,,,,,,
130,,,,3.1481,770.886,9.12,3.6923,811.592,9.6,,,,,,,,,,,,,,,,,,,12.1358,400.15,4.73,,,,,,,,,,,,,,,,14.8513,1466.994,17.35,,,,,,,,,,,,,,,,16.9589,736.276,8.71,,,,,,,17.7587,1147.914,13.58,17.9404,568.921,6.73,,,,,,,18.5469,179.355,2.12,18.6274,185.942,2.2,,,,,,,,,,,,,,,,,,,,,,20.8059,423.362,5.01,,,,,,,21.4242,220.389,2.61,,,,,,,,,,,,,,,,,,,,,,23.1287,134.591,1.59,,,,23.4358,95.507,1.13,,,,,,,23.7365,94.457,1.12,,,,,,,,,,,,,,,,,,,,,,,,,,,,,,,25.9711,304.049,3.6,,,,26.4824,140.032,1.66,26.6207,281.535,3.33,,,,,,,,,,,,,,,,,,
158,,,,3.1929,6653.789,11.09,3.6709,2983.99,4.97,,,,,,,7.3232,829.473,1.38,9.9414,350.568,0.58,,,,,,,12.1499,1366.966,2.28,,,,13.184,424.308,0.71,13.784,1771.555,2.95,,,,,,,14.915,5550.375,9.25,,,,,,,15.8285,204.323,0.34,16.388,129.41,0.22,,,,17.0112,3446.385,5.75,,,,,,,17.8125,2933.658,4.89,,,,,,,,,,18.5751,286.355,0.48,18.6574,416.499,0.69,18.9123,458.646,0.76,19.3624,266.31,0.44,,,,,,,20.0683,176.661,0.29,,,,,,,20.9448,4482.632,7.47,21.1677,9002.069,15.01,21.3074,358.505,0.6,21.48,296.714,0.49,21.5558,181.473,0.3,,,,21.6977,1810.721,3.02,21.9375,309.302,0.52,,,,,,,22.9899,100.438,0.17,23.1726,225.58,0.38,23.2933,451.633,0.75,23.4767,1927.54,3.21,23.6344,53.451,0.09,,,,23.7594,678.044,1.13,,,,23.9175,86.873,0.14,24.027,793.18,1.32,,,,,,,,,,,,,,,,25.4968,325.771,0.54,,,,25.9843,933.609,1.56,,,,26.497,1064.044,1.77,26.63,494.02,0.82,,,,,,,,,,,,,,,,,,
165,,,,3.1567,382.796,0.84,3.7029,1688.538,3.72,,,,,,,,,,,,,,,,,,,12.1572,980.61,2.16,,,,13.1936,702.015,1.54,13.8092,3586.123,7.89,,,,,,,14.8637,1596.069,3.51,,,,,,,,,,16.4025,560.717,1.23,,,,17.0954,11730.648,25.81,,,,,,,17.7626,223.188,0.49,17.9708,1904.596,4.19,,,,18.3766,273.796,0.6,18.5731,423.491,0.93,18.6489,245.407,0.54,19.0431,235.617,0.52,19.5233,260.381,0.57,,,,,,,,,,20.3469,181.717,0.4,,,,20.9055,160.541,0.35,21.2056,14365.275,31.61,,,,21.4535,167.716,0.37,21.5578,426.115,0.94,,,,21.701,484.769,1.07,21.9575,1471.258,3.24,22.3623,264.045,0.58,,,,,,,23.1604,273.576,0.6,23.2865,145.349,0.32,23.4506,340.354,0.75,,,,,,,23.7483,262.071,0.58,23.8105,60.414,0.13,,,,24.017,99.562,0.22,,,,,,,,,,,,,25.2786,182.388,0.4,25.5002,303.855,0.67,,,,25.977,143.309,0.32,,,,,,,26.6219,114.257,0.25,,,,,,,,,,,,,,,,,,
17,,,,3.0384,620.085,2.04,3.6688,1294.72,4.26,,,,,,,,,,,,,,,,,,,12.1327,1017.19,3.35,,,,13.1706,617.121,2.03,13.7774,2142.559,7.05,,,,,,,14.8767,3902.043,12.84,,,,,,,,,,,,,16.6692,160.459,0.53,17.0329,6377.122,20.99,,,,,,,,,,17.9353,564.212,1.86,,,,18.5436,161.266,0.53,18.6235,162.371,0.53,,,,,,,,,,,,,,,,20.0371,148.802,0.49,,,,,,,20.8811,1260.759,4.15,21.1464,8891.673,29.26,,,,21.4389,216.507,0.71,21.5373,310.388,1.02,21.6017,77.153,0.25,21.6833,428.357,1.41,21.9193,468.806,1.54,22.3456,112.366,0.37,,,,,,,23.1391,263.473,0.87,,,,23.4351,118.478,0.39,,,,,,,23.7337,126.316,0.42,,,,,,,24.0447,199.935,0.66,,,,,,,,,,,,,,,,25.3952,234.854,0.77,,,,,,,,,,,,,26.6149,100.969,0.33,,,,,,,,,,,,,,,,,,
192,,,,3.1578,706.2,3.05,3.6696,3216.309,13.89,,,,,,,,,,,,,,,,,,,12.1379,1497.477,6.47,,,,,,,13.7577,677.282,2.93,,,,,,,14.8302,566.043,2.44,,,,,,,15.8149,1400.937,6.05,,,,,,,16.9767,1980.194,8.55,,,,,,,17.7487,941.355,4.07,,,,,,,,,,18.5549,483.03,2.09,18.6319,336.593,1.45,18.8739,400.125,1.73,,,,,,,19.9379,211.404,0.91,20.0222,227.684,0.98,,,,,,,20.8161,149.345,0.64,21.0639,2845.648,12.29,21.3228,1824.226,7.88,21.4567,427.566,1.85,,,,,,,21.6891,2035.083,8.79,21.9233,290.682,1.26,,,,,,,,,,23.1471,213.531,0.92,,,,23.4373,99.354,0.43,23.5697,58.571,0.25,23.6573,164.683,0.71,23.7371,95.833,0.41,,,,,,,24.0091,60.92,0.26,,,,,,,,,,,,,,,,,,,,,,25.9674,159.574,0.69,,,,,,,26.615,98.05,0.42,,,,,,,,,,,,,,,,,,
194,,,,3.2309,1620.614,5.46,3.6801,7235.198,24.37,,,,,,,,,,,,,,,,11.956,286.656,0.97,12.1266,327.132,1.1,,,,,,,13.7612,827.285,2.79,,,,,,,14.8343,392.701,1.32,,,,,,,15.8228,1034.183,3.48,,,,16.6572,274.784,0.93,16.9927,2902.019,9.77,,,,,,,17.7712,1762.526,5.94,17.9478,163.937,0.55,,,,,,,18.5577,488.18,1.64,18.6385,402.125,1.35,18.8889,371.764,1.25,,,,,,,19.9533,114.846,0.39,20.0279,245.681,0.83,,,,20.5674,233.745,0.79,20.8249,172.912,0.58,21.0859,3507.737,11.81,21.313,1070.926,3.61,21.4737,180.532,0.61,21.5317,124.198,0.42,,,,21.7163,3734.547,12.58,21.9394,275.971,0.93,,,,,,,22.9815,87.66,0.3,23.1204,729.397,2.46,23.2757,82.611,0.28,23.4397,123.662,0.42,23.5711,103.392,0.35,23.6655,295.976,1,23.7381,152.88,0.51,,,,,,,24.0458,67.024,0.23,,,,,,,,,,,,,,,,25.395,170.173,0.57,,,,,,,,,,,,,26.615,128.628,0.43,,,,,,,,,,,,,,,,,,
195,,,,3.1802,2717.448,11.69,3.6676,3531.621,15.19,,,,,,,,,,,,,,,,,,,12.1322,728.862,3.13,,,,,,,13.7579,752.356,3.24,,,,,,,14.8315,642.15,2.76,,,,,,,15.8154,1205.229,5.18,,,,,,,16.9745,1867.424,8.03,,,,,,,17.738,384.223,1.65,,,,,,,,,,18.562,726.247,3.12,18.6416,552.208,2.38,18.8752,290.107,1.25,,,,,,,19.946,193.138,0.83,20.0228,219.681,0.94,,,,,,,20.8271,221.801,0.95,21.0972,4608.996,19.82,21.2998,717.364,3.09,21.4576,271.968,1.17,21.5268,97.94,0.42,,,,21.6812,1317.079,5.66,21.9213,265.869,1.14,,,,,,,,,,23.1453,430.651,1.85,,,,,,,,,,23.6623,265.889,1.14,23.7347,58.121,0.25,,,,,,,24.045,115.182,0.5,24.1761,79.008,0.34,,,,,,,,,,,,,,,,,,,25.9694,355.023,1.53,,,,,,,,,,,,,,,,,,,,,,,,,,,
199,,,,3.0453,290.918,0.87,3.6741,3028.827,9.01,,,,,,,7.3138,784.65,2.33,9.9243,258.479,0.77,,,,,,,12.1416,1148.948,3.42,,,,13.173,180.947,0.54,13.7627,440.78,1.31,,,,,,,14.8835,3436.386,10.22,,,,,,,15.8139,782.993,2.33,,,,,,,16.9831,1944.759,5.79,,,,,,,17.8007,3008.677,8.95,17.961,968.385,2.88,,,,,,,18.5608,323.232,0.96,18.6412,322.874,0.96,18.9178,1182.131,3.52,19.3498,85.39,0.25,,,,,,,,,,,,,20.6004,179.536,0.53,20.86,1256.01,3.74,21.0934,3762.332,11.19,21.3065,512.04,1.52,21.4889,315.582,0.94,,,,,,,21.7529,6929.535,20.62,21.965,197.055,0.59,,,,22.6705,84.16,0.25,,,,23.153,137.927,0.41,23.2853,231.061,0.69,23.4516,594.52,1.77,,,,,,,23.7455,255.4,0.76,,,,,,,24.0136,135.513,0.4,,,,,,,,,,,,,,,,25.3988,58.586,0.17,,,,25.9713,159.507,0.47,,,,,,,26.6193,121.486,0.36,,,,,,,27.0369,77.114,0.23,,,,,,,,,
211,,,,3.0691,70.689,0.32,3.6836,2133.093,9.65,,,,,,,7.3213,457.99,2.07,,,,,,,,,,12.1361,569.955,2.58,,,,,,,13.7667,676.584,3.06,,,,,,,14.8601,1924.849,8.7,,,,,,,15.7875,241.134,1.09,,,,,,,16.9768,1634.245,7.39,,,,,,,17.8223,4736.041,21.42,17.9607,794.962,3.59,,,,,,,18.5593,365.276,1.65,18.6403,335.791,1.52,18.8642,235.877,1.07,,,,,,,,,,,,,,,,,,,20.8359,705.5,3.19,21.0691,2771.851,12.53,21.3057,708.537,3.2,21.4501,295.189,1.33,,,,,,,21.6749,161.327,0.73,21.912,106.818,0.48,,,,,,,,,,,,,23.2775,83.311,0.38,23.4432,385.03,1.74,,,,,,,23.7401,179.477,0.81,,,,,,,24.01,149.514,0.68,,,,,,,,,,,,,,,,25.397,168.755,0.76,,,,25.9723,488.424,2.21,,,,26.4868,346.938,1.57,26.6262,765.893,3.46,,,,,,,,,,,,,,,,,,
217,,,,3.0431,1014.584,8.23,3.6689,1118.436,9.07,,,,,,,,,,,,,,,,,,,12.134,1860.885,15.09,,,,13.1648,196.481,1.59,13.7547,631.27,5.12,,,,,,,14.8501,2084.036,16.9,,,,,,,,,,,,,,,,16.9557,1099.829,8.92,,,,,,,17.7285,179.015,1.45,17.9207,168.01,1.36,,,,18.5368,197.681,1.6,18.616,177.078,1.44,,,,,,,,,,,,,,,,,,,,,,,,,20.808,377.855,3.06,21.0447,2148.077,17.42,,,,21.4333,221.679,1.8,,,,,,,21.6557,178.95,1.45,21.9013,93.578,0.76,,,,,,,,,,23.1243,210.666,1.71,,,,23.4303,98.131,0.8,,,,,,,23.7315,122.58,0.99,,,,,,,,,,,,,,,,,,,,,,,,,,,,,,,,,,,,,26.4761,88.01,0.71,,,,,,,,,,,,,,,,,,,,,
219,,,,3.0422,702.158,2.05,3.667,2922.323,8.53,,,,,,,7.3187,482.832,1.41,,,,,,,11.9585,237.068,0.69,12.1351,1412.122,4.12,,,,,,,13.7641,1219.715,3.56,,,,,,,14.9572,11026.333,32.17,,,,,,,,,,,,,,,,16.9828,2042.547,5.96,,,,,,,17.7388,166.073,0.48,17.9482,1073.216,3.13,,,,,,,18.5491,218.485,0.64,18.6293,216.31,0.63,,,,19.34,128.404,0.37,,,,,,,20.036,236.596,0.69,,,,,,,20.8943,3435.645,10.02,21.1018,4704.959,13.73,,,,21.4628,295.578,0.86,,,,21.6158,102.919,0.3,21.6593,182.578,0.53,21.9147,143.037,0.42,,,,,,,22.983,192.177,0.56,23.1586,444.244,1.3,23.2789,177.246,0.52,23.4447,588.051,1.72,23.6215,106.411,0.31,,,,23.7389,370.283,1.08,,,,,,,24.0092,203.922,0.59,,,,,,,,,,,,,,,,,,,,,,25.9691,342.077,1,,,,26.4802,87.045,0.25,,,,,,,,,,,,,,,,,,,,,
220,,,,3.0649,1174.152,2.87,,,,,,,,,,,,,,,,,,,,,,12.1409,1977.441,4.83,,,,13.1927,2248.604,5.49,13.7897,3051.724,7.45,,,,,,,14.8717,958.741,2.34,,,,,,,15.8611,1151.945,2.81,16.3796,238.934,0.58,16.6786,250.595,0.61,17.0947,12647.732,30.87,,,,,,,,,,17.9576,475.854,1.16,,,,18.3684,258.3,0.63,,,,,,,18.9344,1528.3,3.73,,,,,,,,,,,,,,,,,,,,,,21.1682,11082.368,27.05,,,,,,,21.5402,176.019,0.43,,,,21.6792,894.75,2.18,21.9417,1053.784,2.57,,,,,,,,,,23.1167,724.504,1.77,,,,,,,,,,,,,,,,,,,,,,24.0481,148.643,0.36,,,,,,,,,,,,,,,,,,,,,,25.9704,343.135,0.84,,,,,,,26.6162,156.731,0.38,,,,,,,,,,,,,,,,,,
253,,,,3.0404,922.254,3.08,3.6666,965.987,3.23,,,,,,,,,,,,,,,,,,,12.1273,171.789,0.57,,,,13.1726,353.235,1.18,13.7801,2181.53,7.29,14.1202,423.854,1.42,,,,14.8602,2330.937,7.79,,,,,,,,,,16.3759,138.895,0.46,16.6739,136.882,0.46,17.037,6427.86,21.49,,,,,,,17.7019,465.057,1.55,17.9423,433.636,1.45,,,,18.3869,373.116,1.25,18.547,122.737,0.41,18.6271,120.815,0.4,,,,,,,,,,,,,,,,,,,,,,20.8792,536.077,1.79,21.163,10687.644,35.74,,,,21.4401,157.577,0.53,21.5346,181.39,0.61,,,,21.6918,517.487,1.73,21.9277,690.931,2.31,,,,,,,,,,23.1522,191.733,0.64,,,,,,,,,,,,,,,,,,,,,,24.0469,244.335,0.82,,,,,,,,,,,,,,,,25.4916,240.932,0.81,,,,25.9691,252.698,0.84,,,,,,,26.6164,229.473,0.77,,,,,,,,,,,,,,,,,,
261,,,,3.0587,1266.913,2.92,3.6673,743.933,1.71,,,,,,,,,,,,,,,,,,,12.1225,341.429,0.79,,,,,,,13.7547,433.667,1,14.2735,3000.759,6.91,14.5384,378.289,0.87,14.856,1546.884,3.56,,,,,,,15.9052,1920.362,4.42,,,,,,,16.9745,1455.556,3.35,,,,17.4151,198.153,0.46,17.8391,2159.221,4.97,,,,18.2456,19770.233,45.52,18.496,1572.203,3.62,18.5927,86.483,0.2,,,,18.9444,1842.354,4.24,,,,,,,,,,,,,20.3706,123.692,0.28,,,,20.8359,542.949,1.25,21.0705,2120.434,4.88,,,,,,,,,,,,,21.7075,2728.412,6.28,21.9359,121.25,0.28,22.0782,165.264,0.38,,,,,,,23.1134,408.29,0.94,,,,,,,,,,,,,,,,,,,,,,,,,,,,,,,,,,,,,,,,,,,,,,25.9669,133.399,0.31,,,,,,,26.6144,128.862,0.3,26.757,187.175,0.43,,,,,,,,,,,,,,,
266,,,,3.0692,183.83,0.58,3.6729,1091.337,3.46,,,,,,,,,,,,,,,,,,,12.1367,1066.19,3.38,,,,13.1702,403.886,1.28,13.7745,1985.9,6.3,,,,,,,14.923,7553.838,23.97,,,,15.4065,113.01,0.36,,,,16.3715,131.194,0.42,,,,17.0235,5150.629,16.34,,,,,,,17.738,131.874,0.42,17.9427,869.059,2.76,,,,,,,18.5543,360.534,1.14,18.6346,347.739,1.1,,,,19.3389,90.763,0.29,,,,,,,20.04,406.35,1.29,,,,,,,20.8522,768.866,2.44,21.1302,7542.462,23.93,,,,21.4591,123.868,0.39,21.5314,72.858,0.23,,,,21.6823,249.037,0.79,21.9199,463.36,1.47,22.2602,113.395,0.36,,,,,,,23.1217,553.617,1.76,23.2772,143.837,0.46,23.4382,198.089,0.63,,,,,,,23.734,90.848,0.29,,,,,,,24.0459,148.305,0.47,,,,,,,,,,,,,,,,25.4869,141.477,0.45,,,,25.9672,116.384,0.37,,,,,,,,,,,,,,,,,,,,,,,,,,,
281,,,,3.0425,681.533,2.96,,,,,,,,,,,,,,,,,,,,,,,,,,,,,,,13.7542,151.565,0.66,,,,,,,14.7666,2914.587,12.66,,,,15.3845,107.729,0.47,,,,16.3714,155.77,0.68,16.6751,750.139,3.26,16.9615,1128.008,4.9,,,,,,,,,,17.9469,488.913,2.12,,,,,,,,,,,,,,,,19.7551,5090.847,22.11,,,,,,,20.072,1228.265,5.34,,,,,,,,,,,,,,,,,,,,,,,,,21.7168,148.364,0.64,21.9281,555.362,2.41,,,,,,,,,,23.1211,390.773,1.7,,,,,,,,,,,,,,,,,,,,,,24.0462,93.55,0.41,24.1394,3156.527,13.71,,,,,,,,,,,,,,,,,,,25.967,116.336,0.51,,,,,,,26.6182,203.425,0.88,,,,,,,,,,,,,,,,,,
387,,,,3.2376,1515.106,4.59,3.6777,5217.084,15.81,,,,,,,,,,,,,,,,,,,12.1647,4121.907,12.49,,,,,,,,,,,,,,,,14.8537,1727.829,5.24,,,,,,,15.8201,1009.174,3.06,,,,,,,16.972,1622.218,4.92,17.1565,213.609,0.65,,,,17.8255,5237.582,15.88,17.9484,353.212,1.07,,,,,,,18.5988,1702.391,5.16,18.6778,1052.62,3.19,18.8742,292.623,0.89,,,,,,,19.942,473.328,1.43,20.0287,365.583,1.11,,,,,,,20.8271,802.995,2.43,,,,21.3467,3017.507,9.15,21.4787,495,1.5,,,,,,,21.678,1335.936,4.05,21.9218,163.142,0.49,,,,,,,,,,23.1188,508.95,1.54,,,,23.4382,181.497,0.55,,,,23.6651,179.997,0.55,23.7394,125.944,0.38,,,,,,,24.0097,112.684,0.34,,,,,,,,,,,,,,,,,,,,,,25.9676,304.25,0.92,,,,26.5005,97.268,0.29,,,,,,,,,,,,,,,,,,,,,
391,,,,3.0574,676.869,2.34,3.673,3106.537,10.72,,,,,,,,,,,,,,,,,,,12.1366,1344.376,4.64,,,,13.1657,187.493,0.65,13.7568,482.328,1.66,,,,,,,14.9052,5845.966,20.18,,,,,,,15.7913,328.218,1.13,,,,,,,16.9805,2182.137,7.53,,,,,,,17.7658,1607.957,5.55,17.9539,1276.695,4.41,,,,,,,18.5559,450.168,1.55,18.6349,333.156,1.15,,,,,,,,,,19.9495,116.562,0.4,20.0302,267.966,0.93,,,,,,,20.8699,1950.976,6.73,21.1027,5136.517,17.73,21.3033,715.211,2.47,21.4516,234.261,0.81,,,,21.6097,153.281,0.53,21.6605,227.667,0.79,21.915,243.608,0.84,,,,22.6661,136.598,0.47,22.9811,113.391,0.39,23.1186,333.177,1.15,23.2739,59.483,0.21,23.4368,217.57,0.75,,,,,,,23.7333,120.555,0.42,,,,,,,24.0052,64.602,0.22,,,,,,,,,,,,,,,,,,,,,,25.9666,207.371,0.72,,,,26.4797,141.958,0.49,26.6139,85.247,0.29,,,,,,,,,,,,,,,,,,
401,,,,3.0397,760.501,8.03,,,,,,,,,,,,,,,,,,,,,,12.1227,273.098,2.89,,,,13.1617,254.593,2.69,13.7558,884.708,9.35,,,,,,,14.8445,1875.573,19.81,,,,,,,,,,,,,,,,16.9538,1134.304,11.98,,,,,,,,,,,,,,,,,,,,,,,,,,,,,,,,,,,,,,,,,,,,,,20.8135,366.296,3.87,21.0582,2904.006,30.68,,,,21.5151,175.369,1.85,,,,,,,,,,21.8971,119.681,1.26,,,,,,,,,,23.1448,222.511,2.35,,,,23.432,72.414,0.77,,,,,,,23.7325,82.39,0.87,,,,,,,24.0419,121.628,1.28,,,,24.3997,138.278,1.46,,,,,,,,,,,,,,,,,,,,,,,,,,,,,,,,,,,,,,,,,,,,,
413,,,,3.0539,576.536,1.26,3.6741,844.794,1.85,,,,,,,,,,,,,,,,,,,12.139,1305.78,2.86,,,,13.1714,171.284,0.37,13.7561,403.256,0.88,,,,,,,14.8793,3446.862,7.55,,,,,,,15.8981,2116.53,4.63,,,,,,,17.0096,3740.5,8.19,,,,,,,,,,,,,18.2732,24882.265,54.47,18.4424,67.073,0.15,18.5903,87.615,0.19,18.6632,78.354,0.17,18.9419,2270.793,4.97,,,,,,,,,,20.0379,110.39,0.24,,,,,,,20.892,464.235,1.02,21.0475,1289.585,2.82,,,,21.4546,163.338,0.36,,,,,,,21.6693,830.633,1.82,21.9199,280.166,0.61,22.0723,172.746,0.38,,,,,,,23.1671,619.566,1.36,23.2757,66.332,0.15,23.4355,69.87,0.15,,,,,,,,,,,,,,,,,,,24.095,110.592,0.24,,,,,,,,,,25.2694,83.658,0.18,,,,,,,25.9685,263.289,0.58,,,,26.4796,96.726,0.21,26.6146,169.98,0.37,,,,,,,,,,,,,,,,,,
42,,,,,,,3.6664,2152.866,15.22,,,,,,,,,,,,,,,,,,,12.1242,581.132,4.11,,,,13.1645,138.408,0.98,13.7504,178.474,1.26,,,,,,,14.8281,364.996,2.58,,,,,,,15.7946,772.194,5.46,,,,,,,16.9504,389.987,2.76,,,,,,,17.7571,1355.731,9.58,,,,,,,,,,18.6245,231.88,1.64,,,,18.8672,278.17,1.97,,,,19.926,139.26,0.98,20.0181,146.406,1.03,,,,,,,,,,20.811,142.275,1.01,21.0463,1892.552,13.38,21.3052,939.305,6.64,21.4511,174.99,1.24,21.5249,104.357,0.74,,,,21.7005,2729.7,19.3,21.9227,81.174,0.57,,,,,,,,,,23.123,337.164,2.38,,,,23.435,81.811,0.58,,,,23.6534,123.284,0.87,23.7344,88.819,0.63,,,,,,,,,,,,,,,,,,,,,,,,,,,,,,,25.9671,231.085,1.63,,,,,,,26.6145,131.879,0.93,,,,,,,,,,,,,,,,,,
423,,,,3.0472,292.766,1.62,3.6773,2290.793,12.67,,,,,,,7.3062,589.515,3.26,,,,,,,,,,12.1321,469.464,2.6,,,,,,,13.7594,406.592,2.25,,,,,,,14.8575,1827.418,10.11,,,,,,,15.7796,255.097,1.41,,,,,,,16.9832,2021.666,11.18,,,,,,,17.7938,2908.666,16.09,17.945,437.943,2.42,,,,,,,18.5544,319.032,1.76,18.6315,203.919,1.13,18.8573,168.894,0.93,,,,,,,,,,,,,,,,,,,20.8285,686.181,3.8,21.0464,1692.433,9.36,21.3058,771.696,4.27,21.4452,313.435,1.73,,,,,,,21.662,103.719,0.57,21.9107,143.489,0.79,,,,,,,,,,23.1361,195.645,1.08,23.2753,59.505,0.33,23.438,192.241,1.06,,,,23.6553,96.925,0.54,23.738,144.648,0.8,,,,,,,24.0077,83.482,0.46,,,,,,,,,,,,,,,,25.3958,151.533,0.84,,,,25.9695,253.049,1.4,,,,26.4831,186.473,1.03,26.621,439.102,2.43,,,,,,,,,,,,,,,,,,
43,,,,3.0319,784.843,3.04,3.6653,1099.363,4.26,,,,,,,,,,,,,,,,,,,12.1343,1308.216,5.07,,,,13.1703,454.582,1.76,13.7638,1049.64,4.07,,,,,,,14.8924,5027.877,19.48,,,,15.3983,114.369,0.44,,,,,,,16.6726,145.318,0.56,17.0241,5647.794,21.88,,,,,,,17.7335,84.517,0.33,17.9346,669.172,2.59,,,,18.5427,186.951,0.72,18.6231,188.614,0.73,,,,,,,,,,,,,20.0213,142.004,0.55,,,,,,,,,,20.8275,834.485,3.23,21.0844,4324.833,16.75,,,,21.445,142.299,0.55,21.5221,135.096,0.52,,,,21.674,228.992,0.89,21.9146,562.669,2.18,22.2431,198.984,0.77,,,,,,,23.146,188.285,0.73,,,,,,,,,,,,,,,,,,,,,,,,,,,,,,,,,,,,,,,,25.3939,93.257,0.36,,,,25.9771,979.117,3.79,26.3448,71.457,0.28,26.4858,463.721,1.8,26.6218,520.825,2.02,,,,,,,,,,,,,,,,,,
441,,,,3.1623,412.929,1.24,3.6757,4416.856,13.24,,,,,,,7.3123,731.449,2.19,9.931,366.98,1.1,11.6049,201.721,0.6,,,,12.1433,1403.379,4.21,,,,,,,13.7622,163.452,0.49,,,,,,,14.8437,784.856,2.35,,,,,,,15.8246,795.911,2.39,16.3826,367.01,1.1,,,,16.99,2208.415,6.62,,,,,,,17.8743,9313.589,27.91,17.9728,419.393,1.26,,,,,,,18.5766,597.481,1.79,18.6543,444.726,1.33,18.9,872.042,2.61,,,,,,,19.9426,171.406,0.51,20.0368,200.228,0.6,,,,20.5756,155.577,0.47,20.8257,299.919,0.9,21.2163,108.57,0.33,21.3323,1752.175,5.25,21.4711,420.035,1.26,,,,,,,21.7169,3237.421,9.7,21.9366,215.989,0.65,22.3188,181.3,0.54,,,,,,,,,,23.2803,71.744,0.22,23.4437,269.873,0.81,,,,23.6621,145.757,0.44,23.7426,175.341,0.53,,,,,,,24.0108,81.563,0.24,,,,,,,,,,,,,,,,,,,,,,,,,,,,,,,,,,,,,,,,,,,,,,,,,,,
442,,,,,,,3.6744,506.403,1.4,,,,,,,,,,,,,,,,,,,,,,,,,13.1782,611.293,1.69,13.7892,2762.112,7.65,,,,,,,14.881,3752.685,10.39,,,,,,,,,,16.3873,348.779,0.97,16.6827,220.826,0.61,17.0692,9497.406,26.3,,,,,,,17.7497,272.172,0.75,17.9534,1216.098,3.37,,,,,,,18.5559,276.231,0.77,18.6368,242.852,0.67,19.0306,114.008,0.32,19.5258,214.894,0.6,,,,,,,,,,,,,,,,20.8963,829.21,2.3,21.1748,11291.528,31.27,,,,21.4589,182.734,0.51,21.5414,154.663,0.43,21.6215,155.945,0.43,21.6971,515.447,1.43,21.9373,822.468,2.28,,,,,,,,,,23.1268,241.879,0.67,23.2793,60.391,0.17,23.4412,157.275,0.44,,,,,,,23.7392,70.711,0.2,,,,,,,24.0142,91.548,0.25,,,,24.3778,158.929,0.44,,,,,,,,,,25.4929,222.06,0.61,,,,25.9687,78.912,0.22,,,,26.4829,98.582,0.27,26.621,336.711,0.93,,,,,,,,,,,,,,,,,,
450,,,,3.2143,1339.318,4.55,3.6812,4123.605,14.02,,,,,,,,,,,,,,,,,,,12.1388,1572.185,5.35,,,,,,,13.7609,574.532,1.95,,,,,,,14.8424,1028.652,3.5,,,,,,,15.84,1576.135,5.36,,,,,,,16.9685,1361.606,4.63,,,,,,,17.7681,1609.929,5.47,17.9425,103.852,0.35,,,,,,,18.5885,1418.383,4.82,18.6686,998.443,3.39,18.893,479.659,1.63,,,,,,,19.9674,407.001,1.38,20.022,352.166,1.2,,,,,,,20.8293,329.886,1.12,21.0879,3904.951,13.28,21.3391,2360.524,8.03,21.4964,384.478,1.31,,,,,,,21.7026,2673.063,9.09,21.9347,282.861,0.96,,,,,,,22.991,138.207,0.47,23.124,847.653,2.88,23.2783,113.511,0.39,23.4408,166.738,0.57,,,,23.6736,233.246,0.79,23.741,176.003,0.6,,,,,,,24.0123,105.928,0.36,,,,,,,,,,,,,,,,,,,,,,25.9689,298.068,1.01,,,,,,,26.616,171.812,0.58,,,,,,,,,,,,,,,,,,
458,,,,,,,,,,,,,,,,,,,,,,,,,,,,12.1332,243.184,1.38,,,,13.1755,329.813,1.88,13.7711,886.498,5.04,,,,,,,14.8482,1096.891,6.24,,,,15.4043,122.232,0.69,,,,16.3795,179.391,1.02,,,,17.0366,6224.151,35.39,,,,,,,,,,17.9429,636.68,3.62,,,,,,,,,,,,,,,,,,,,,,,,,,,,,,,,,,20.814,105.563,0.6,21.0813,3578.371,20.35,,,,,,,21.5282,187.976,1.07,,,,21.68,460.68,2.62,21.92,533.348,3.03,22.2443,98.752,0.56,,,,,,,23.1368,122.339,0.7,,,,23.4369,74.893,0.43,,,,,,,,,,,,,,,,24.0488,280.106,1.59,,,,,,,24.9606,154.912,0.88,,,,,,,,,,,,,25.9814,1137.82,6.47,26.3477,65.733,0.37,26.4836,77.325,0.44,26.6254,680.82,3.87,,,,,,,,,,,,,,,,,,
459,,,,3.1371,638.075,1.51,3.673,627.575,1.49,,,,,,,,,,,,,,,,,,,12.1421,743.879,1.76,12.7016,171.092,0.41,13.19,1421.804,3.37,13.8047,3735.31,8.86,,,,,,,14.8665,2334.015,5.54,,,,15.4092,251.027,0.6,,,,16.3876,231.247,0.55,,,,17.0796,10543.548,25.01,,,,,,,17.7477,134.685,0.32,17.9538,1085.729,2.58,,,,18.3602,142.244,0.34,,,,,,,19.0322,94.116,0.22,,,,,,,,,,,,,,,,,,,20.8975,277.599,0.66,21.2053,14957.374,35.48,,,,,,,21.548,276.412,0.66,,,,21.6831,386.927,0.92,21.9287,493.16,1.17,22.2538,287.101,0.68,,,,,,,23.1239,128.671,0.31,23.2827,103.376,0.25,23.4428,144.073,0.34,23.6023,51.456,0.12,,,,23.7412,64.032,0.15,,,,,,,24.052,277.317,0.66,,,,,,,,,,,,,,,,,,,,,,25.9766,592.817,1.41,,,,26.4883,587.184,1.39,26.62,237.461,0.56,,,,,,,,,,,,,,,,,,
466,,,,,,,3.6825,2073.352,12.14,,,,,,,7.3688,925.625,5.42,9.9179,254.461,1.49,,,,,,,12.1346,367.652,2.15,,,,,,,13.7659,365.602,2.14,,,,,,,14.8388,364.77,2.14,,,,,,,15.778,242.959,1.42,16.3773,174.172,1.02,,,,16.9998,3025.036,17.71,,,,,,,17.8086,3776.735,22.11,17.9526,274.602,1.61,,,,,,,18.5547,275.538,1.61,18.6355,271.209,1.59,,,,,,,,,,,,,,,,,,,,,,20.8113,208.772,1.22,21.2955,475.846,2.79,,,,21.4263,121.799,0.71,,,,,,,21.662,278.646,1.63,21.9126,223.634,1.31,,,,,,,,,,23.128,134.451,0.79,,,,23.4387,183.658,1.08,,,,23.6517,98.295,0.58,23.7392,83.592,0.49,,,,,,,24.0492,386.549,2.26,,,,,,,,,,,,,,,,,,,,,,25.9746,557.196,3.26,,,,26.4824,71.929,0.42,26.6195,213.131,1.25,,,,,,,,,,,,,,,,,,
47,,,,3.0373,781.498,2.41,,,,,,,,,,,,,,,,,,,,,,12.1284,341.282,1.05,12.6905,153.022,0.47,13.1719,533.347,1.65,13.7884,3533.09,10.91,,,,,,,14.8482,1025.019,3.17,,,,15.399,177.491,0.55,,,,16.3718,159.169,0.49,16.6726,225.023,0.7,17.0685,9976.922,30.82,,,,,,,,,,17.947,390.163,1.21,,,,,,,,,,,,,,,,,,,,,,,,,,,,,,,,,,20.8689,90.218,0.28,21.1673,11102.693,34.29,,,,,,,21.5442,373.967,1.16,,,,21.7156,964.852,2.98,21.9301,686.619,2.12,22.2605,168.805,0.52,,,,,,,23.1193,467.815,1.45,,,,,,,,,,,,,,,,,,,,,,24.0455,122.284,0.38,,,,,,,,,,,,,,,,,,,,,,25.9713,542.724,1.68,,,,,,,26.6152,117.231,0.36,,,,,,,,,,,,,,,,,,
48,,,,,,,3.6794,1032.259,3.9,,,,,,,,,,,,,,,,,,,12.1371,684.104,2.58,,,,13.1767,627.418,2.37,13.7801,2148.734,8.11,,,,,,,14.8789,3632.736,13.71,,,,,,,,,,16.3776,144.112,0.54,,,,17.02,4761.979,17.97,,,,,,,17.7423,206.283,0.78,17.9479,1066.426,4.02,,,,,,,18.5491,160.469,0.61,18.6294,166.229,0.63,,,,,,,,,,,,,,,,,,,,,,20.8651,866.221,3.27,21.1361,7611.955,28.72,,,,21.4577,185.36,0.7,21.5376,258.298,0.97,,,,21.6937,460.384,1.74,21.9198,342.662,1.29,22.2597,109.578,0.41,,,,,,,23.1298,251.731,0.95,,,,23.4386,93.506,0.35,,,,,,,23.7374,119.456,0.45,,,,,,,24.0474,137.759,0.52,,,,24.404,168.793,0.64,,,,,,,,,,25.3955,79.243,0.3,,,,25.9733,538.467,2.03,,,,26.4828,235.761,0.89,26.6186,225.451,0.85,,,,,,,,,,,,,,,,,,
50,,,,3.0549,603.197,1.74,3.6815,2122.857,6.14,,,,,,,7.2943,622.135,1.8,,,,,,,,,,12.1355,301.891,0.87,,,,13.1774,362.327,1.05,13.7743,1371.364,3.96,14.1681,700.732,2.03,,,,14.8638,1649.157,4.77,,,,,,,,,,16.3882,397.898,1.15,16.6846,235.485,0.68,17.0894,11661.818,33.71,,,,,,,17.7407,1266.997,3.66,17.9685,949.061,2.74,,,,18.4161,1134.858,3.28,18.558,106.603,0.31,18.6375,91.686,0.27,19.034,145.921,0.42,,,,,,,,,,,,,,,,,,,20.8603,846.902,2.45,21.1211,5842.406,16.89,,,,21.4526,116.278,0.34,21.5411,318.708,0.92,,,,21.69,292.145,0.84,21.9392,1043.08,3.02,22.3558,93.406,0.27,,,,,,,23.1605,318.999,0.92,23.2798,89.48,0.26,23.4387,66.394,0.19,,,,,,,23.7326,130.775,0.38,,,,,,,,,,,,,,,,,,,,,,,,,,,,,,,,,,,,,,,,26.6173,110.049,0.32,,,,,,,,,,,,,,,,,,
53,,,,3.0479,363.502,1.64,3.6775,2630.05,11.86,,,,,,,7.3086,665.854,3,9.9298,337.212,1.52,,,,,,,12.1317,363.963,1.64,,,,,,,13.7666,696.536,3.14,,,,,,,14.8458,1023.007,4.61,,,,,,,15.7799,265.606,1.2,16.3786,179.368,0.81,,,,17.007,3758.795,16.95,,,,,,,17.7915,2621.813,11.82,17.9497,699.167,3.15,,,,,,,18.5478,129.689,0.58,18.6283,108.117,0.49,18.856,136.669,0.62,,,,,,,,,,,,,,,,20.5722,148.936,0.67,20.8287,511.946,2.31,21.1964,86.237,0.39,21.3008,598.924,2.7,21.4328,170.999,0.77,21.5293,89.568,0.4,,,,21.6633,186.528,0.84,21.9118,281.984,1.27,,,,,,,,,,23.1344,162.05,0.73,23.2766,91.637,0.41,23.4394,197.393,0.89,,,,23.6524,108.495,0.49,23.7384,147.462,0.67,,,,,,,24.0086,55.544,0.25,,,,,,,,,,,,,,,,25.4018,508.416,2.29,,,,25.9687,331.006,1.49,,,,26.4875,87.971,0.4,26.6294,1140.459,5.14,,,,,,,,,,,,,,,,,,
55,,,,,,,3.6725,2573.825,14.85,,,,,,,,,,,,,,,,,,,12.1306,710.624,4.1,,,,,,,13.7537,267.246,1.54,,,,,,,14.8385,833.12,4.81,,,,,,,15.7968,572.466,3.3,,,,,,,16.9712,1612.166,9.3,,,,,,,17.7739,2036.571,11.75,17.9366,217.142,1.25,,,,,,,18.5694,933.744,5.39,18.6489,686.246,3.96,18.8627,146.929,0.85,,,,,,,19.9331,226.514,1.31,20.0219,243.907,1.41,,,,,,,20.8181,271.269,1.57,21.2962,550.534,3.18,,,,21.4614,451.916,2.61,,,,,,,21.6613,566.704,3.27,21.9136,200.893,1.16,,,,,,,22.9139,136.493,0.79,23.1247,1112.253,6.42,,,,23.4359,85.731,0.49,,,,23.6595,182.59,1.05,23.735,90.216,0.52,,,,,,,,,,,,,,,,,,,,,,,,,,,,,,,25.9663,203.919,1.18,,,,,,,,,,,,,,,,,,,,,,,,,,,
6,,,,3.0663,1235.815,4.75,,,,,,,,,,,,,,,,,,,,,,,,,,,,13.167,502.906,1.93,13.7535,297.648,1.14,,,,,,,14.8743,206.777,0.79,,,,15.3838,147.918,0.57,,,,16.372,173.626,0.67,16.6752,816.807,3.14,16.9793,2148.899,8.26,,,,,,,,,,17.9471,524.292,2.02,,,,,,,,,,,,,,,,,,,,,,,,,20.0226,219.924,0.85,,,,,,,,,,21.0704,8973.818,34.5,21.3059,205.379,0.79,,,,,,,,,,21.7645,737.368,2.83,21.9379,749.351,2.88,,,,,,,,,,23.1121,376.622,1.45,,,,,,,,,,,,,,,,,,,,,,24.0505,166.496,0.64,24.1538,4742.624,18.23,,,,,,,,,,,,,,,,,,,25.9713,256.096,0.98,,,,,,,26.6225,153.164,0.59,,,,,,,,,,,,,,,,,,
64,,,,3.1932,4407.104,11.92,3.6666,2720.008,7.36,,,,,,,,,,,,,,,,,,,12.1351,664.128,1.8,,,,,,,13.7572,621.485,1.68,,,,,,,14.9039,5622.341,15.21,,,,,,,15.7952,496.118,1.34,16.3776,130.679,0.35,16.6773,175.21,0.47,17.044,7287.983,19.71,,,,,,,,,,17.9467,358.57,0.97,,,,,,,18.5475,256.614,0.69,18.6272,216.861,0.59,,,,,,,,,,,,,20.027,207.066,0.56,,,,20.6494,223.42,0.6,20.8638,2140.268,5.79,21.0788,3987.309,10.78,21.2953,443.729,1.2,21.4677,549.161,1.49,,,,,,,21.6817,1231.53,3.33,21.9336,926.839,2.51,,,,,,,,,,23.1577,285.679,0.77,,,,23.4345,68.162,0.18,23.6205,90.873,0.25,,,,23.7297,151.663,0.41,,,,,,,24.0456,138.035,0.37,,,,,,,,,,,,,,,,25.4855,139.237,0.38,,,,25.9813,1286.984,3.48,26.3476,78.024,0.21,26.4936,1153.216,3.12,26.6245,599.27,1.62,,,,,,,,,,,,,,,,,,
96,,,,3.0348,713.734,2.71,3.6662,2093.413,7.95,,,,,,,,,,,,,,,,11.9528,193.451,0.73,12.1331,906.205,3.44,,,,13.1671,196.272,0.75,13.7618,877.683,3.33,,,,,,,14.9004,5267.913,20,,,,,,,,,,,,,16.6689,146.909,0.56,17.0288,5838.069,22.16,,,,,,,17.7377,106.245,0.4,17.9375,688.483,2.61,,,,,,,18.5513,337.814,1.28,18.6313,310.664,1.18,,,,,,,,,,,,,,,,,,,,,,20.8505,1224.077,4.65,21.0929,4632.4,17.59,,,,21.4598,226.232,0.86,21.526,153.165,0.58,,,,21.6906,320.811,1.22,21.921,535.519,2.03,,,,,,,,,,23.1516,541.318,2.05,23.2752,81.18,0.31,23.435,125.045,0.47,,,,,,,23.7312,208.963,0.79,,,,,,,,,,,,,,,,,,,,,,,,,,,,,,,,,,,,,,,,,,,,,,,,,,,,,,,,,,,,
99,,,,3.0737,679.394,3.1,3.6645,1606.503,7.34,,,,,,,,,,,,,,,,,,,12.1234,408.958,1.87,,,,13.1662,273.861,1.25,13.7606,1067.758,4.88,,,,,,,14.8767,3674.295,16.78,,,,,,,15.7902,292.191,1.33,,,,,,,16.9509,134.785,0.62,,,,,,,17.7507,1010.422,4.61,17.9319,374.82,1.71,,,,,,,18.5527,479.128,2.19,18.6312,338.088,1.54,,,,,,,,,,19.9606,114.078,0.52,20.026,159.15,0.73,,,,,,,20.8683,1386.62,6.33,21.1205,6568.965,30,21.3092,844.407,3.86,21.4607,162.859,0.74,21.5347,87.761,0.4,,,,21.6616,176.256,0.8,,,,,,,,,,,,,23.124,352.685,1.61,23.2748,59.566,0.27,23.4358,150.408,0.69,,,,,,,23.7327,91.765,0.42,,,,,,,,,,,,,,,,,,,,,,,,,25.3962,360.632,1.65,,,,25.9619,135.725,0.62,,,,,,,26.6203,573.59,2.62,,,,,,,,,,,,,,,,,,
CT 0.5,,,,,,,3.5116,79270.7,98.25,,,,,,,,,,,,,,,,,,,,,,,,,13.2124,266.664,0.33,13.7973,261.139,0.32,,,,,,,14.8975,248.919,0.31,,,,,,,,,,,,,16.7013,245.981,0.3,16.9783,202.349,0.25,,,,,,,,,,,,,,,,,,,,,,,,,,,,,,,,,,,,,,,,,,,,,,,,,21.0318,187.006,0.23,,,,,,,,,,,,,,,,,,,,,,,,,,,,,,,,,,,,,,,,,,,,,,,,,,,,,,,,,,,,,,,,,,,,,,,,,,,,,,,,,,,,,,,,,,,,,,,,,,,,,,,,,
CT 10,,,,,,,3.4712,71132.948,76.06,,,,,,,,,,,,,,,,,,,,,,,,,13.2244,3829.886,4.1,13.8163,3784.575,4.05,,,,,,,14.9222,3684.323,3.94,15.0995,583.842,0.62,,,,,,,,,,16.7483,3987.767,4.26,17.0191,3405.6,3.64,,,,,,,,,,,,,,,,,,,,,,,,,,,,,,,,,,,,,,,,,,,,,,,,,21.0751,3113.399,3.33,,,,,,,,,,,,,,,,,,,,,,,,,,,,,,,,,,,,,,,,,,,,,,,,,,,,,,,,,,,,,,,,,,,,,,,,,,,,,,,,,,,,,,,,,,,,,,,,,,,,,,,,,
Empty,,,,,,,,,,,,,,,,,,,,,,,,,,,,,,,,,,,,,,,,,,,,,,,,,,,,,,,,,,,,,,,,,,,,,,,,,,,,,,,,,,,,,,,,,,,,,,,,,,,,,,,,,,,,,,,,,,,,,,,,,,,,,,,,,,,,,,,,,,,,,,,,,,,,,,,,,,,,,,,,,,,,,,,,,,,,,,,,,,,,,,,,,,,,,,,,,,,,,,,,,,,,,,,,,,,,,,,,,,,,,,