"Description","RT001","C001","RT002","C002","RT003","C003","RT004","C004","RT005","C005","RT006","C006","RT007","C007","RT008","C008","RT009","C009","RT010","C010","RT011","C011","RT012","C012","RT013","C013","RT014","C014","RT015","C015","RT016","C016","RT017","C017","RT018","C018","RT019","C019","RT020","C020","RT021","C021","RT022","C022","RT023","C023","RT024","C024","RT025","C025","RT026","C026","RT027","C027","RT028","C028","RT029","C029","RT030","C030","RT031","C031","RT032","C032","RT033","C033","RT034","C034","RT035","C035","RT036","C036","RT037","C037","RT038","C038","RT039","C039","RT040","C040","RT041","C041","RT042","C042","RT043","C043","RT044","C044","RT045","C045","RT046","C046","RT047","C047","RT048","C048","RT049","C049","RT050","C050","RT051","C051","RT052","C052","RT053","C053","RT054","C054","RT055","C055","RT056","C056","RT057","C057","RT058","C058","RT059","C059","RT060","C060","RT061","C061","RT062","C062","RT063","C063","RT064","C064","RT065","C065","RT066","C066","RT067","C067","RT068","C068","RT069","C069","RT070","C070","RT071","C071","RT072","C072","RT073","C073","RT074","C074"
"NMT.1.9_2021",NA,NA,3.0165,2315.351,4.239,125.069,NA,NA,5.1003,1068.185,NA,NA,NA,NA,11.6051,261.924,NA,NA,NA,NA,NA,NA,13.2388,97.543,NA,NA,NA,NA,NA,NA,NA,NA,NA,NA,15.2786,335.659,15.9155,101.324,16.5305,2787.727,NA,NA,NA,NA,NA,NA,NA,NA,NA,NA,17.929,549.442,18.1968,366.918,18.3897,126.632,NA,NA,NA,NA,NA,NA,19.5849,155.408,NA,NA,NA,NA,NA,NA,20.4442,1295.976,20.6208,1310.44,20.941,492.162,21.0278,443.872,21.3313,117.758,NA,NA,21.5562,201.962,NA,NA,NA,NA,NA,NA,NA,NA,22.6504,115.926,NA,NA,NA,NA,23.3226,113.597,NA,NA,NA,NA,NA,NA,NA,NA,NA,NA,NA,NA,NA,NA,NA,NA,NA,NA,NA,NA,25.1239,529.513,NA,NA,NA,NA,NA,NA,NA,NA,NA,NA,NA,NA,NA,NA,NA,NA,NA,NA,NA,NA,NA,NA,NA,NA,NA,NA
"COVW.2.2_2021",NA,NA,3.015,3412.864,4.2357,225.455,NA,NA,5.0121,834.076,NA,NA,NA,NA,11.6286,1533.888,NA,NA,12.1688,182.541,12.6577,217.217,13.2831,3128.403,NA,NA,14.2627,444.824,14.4428,4992.382,NA,NA,NA,NA,15.3094,124.82,15.9227,206.213,16.5584,4326.201,16.7699,287.948,NA,NA,NA,NA,17.3483,1297.332,NA,NA,17.9672,1824.524,18.2074,229.113,NA,NA,NA,NA,NA,NA,NA,NA,19.6272,846.316,19.8791,140.471,NA,NA,NA,NA,20.4586,901.521,20.5474,195.104,20.9415,266.4,21.2783,237.052,21.3291,118.968,NA,NA,21.5596,212.812,NA,NA,NA,NA,NA,NA,NA,NA,NA,NA,NA,NA,NA,NA,NA,NA,NA,NA,NA,NA,NA,NA,23.7534,85.964,NA,NA,NA,NA,NA,NA,NA,NA,NA,NA,NA,NA,25.116,143.55,NA,NA,NA,NA,NA,NA,NA,NA,NA,NA,NA,NA,NA,NA,NA,NA,NA,NA,NA,NA,NA,NA,NA,NA,NA,NA
"WAW.1.6_2021",NA,NA,3.0176,3617.929,4.2376,281.311,NA,NA,NA,NA,NA,NA,NA,NA,11.6095,632.93,NA,NA,12.1623,174.037,12.6519,250.07,13.2611,1499.607,NA,NA,NA,NA,NA,NA,NA,NA,NA,NA,15.3172,120.835,15.9232,427.842,NA,NA,16.6022,9124.639,NA,NA,NA,NA,NA,NA,NA,NA,17.9356,744.193,18.1843,194.346,NA,NA,18.5849,158.924,NA,NA,18.8978,113.829,19.4687,322.829,19.8767,538.108,NA,NA,NA,NA,20.2275,185.31,20.5863,510.453,20.9134,154.557,21.1629,206.106,21.2827,571.965,NA,NA,21.5858,1061.304,NA,NA,NA,NA,21.9907,252.95,NA,NA,22.6837,151.162,NA,NA,NA,NA,23.3126,83.006,NA,NA,NA,NA,NA,NA,23.7526,90.872,NA,NA,NA,NA,NA,NA,NA,NA,NA,NA,NA,NA,NA,NA,NA,NA,NA,NA,NA,NA,NA,NA,NA,NA,NA,NA,NA,NA,NA,NA,NA,NA,NA,NA,NA,NA,NA,NA,NA,NA
"WAT.2.1_2021",NA,NA,3.018,959.687,4.241,108.057,NA,NA,5.0943,621.247,NA,NA,NA,NA,NA,NA,NA,NA,NA,NA,NA,NA,NA,NA,NA,NA,NA,NA,NA,NA,NA,NA,NA,NA,15.2761,344.822,15.9157,134.024,16.5018,1209.591,16.6492,96.856,NA,NA,NA,NA,NA,NA,NA,NA,17.9197,334.93,18.1898,319.679,18.3986,286.009,NA,NA,NA,NA,18.9,137.459,19.5948,173.763,19.8693,311.468,NA,NA,NA,NA,20.4918,1995.71,20.5926,1109.328,20.9418,211.358,21.0599,706.024,21.356,1554.343,NA,NA,21.5699,336.343,NA,NA,NA,NA,NA,NA,NA,NA,22.659,322.458,22.9929,60.294,23.1557,92.71,NA,NA,NA,NA,NA,NA,NA,NA,23.7585,223.584,NA,NA,NA,NA,NA,NA,NA,NA,NA,NA,NA,NA,NA,NA,NA,NA,NA,NA,NA,NA,NA,NA,NA,NA,NA,NA,NA,NA,NA,NA,NA,NA,NA,NA,NA,NA,NA,NA,NA,NA
"AZT.1.3_2021",NA,NA,3.0175,1991.113,NA,NA,NA,NA,NA,NA,NA,NA,NA,NA,11.6037,275.235,NA,NA,12.1702,107.299,12.6546,288.732,13.2619,1916.415,NA,NA,NA,NA,NA,NA,NA,NA,NA,NA,15.2932,140.078,15.9182,204.613,16.5551,4410.158,16.7207,220.658,NA,NA,NA,NA,NA,NA,NA,NA,17.9395,1276.056,18.1884,126.147,NA,NA,NA,NA,NA,NA,NA,NA,NA,NA,19.8668,246.236,NA,NA,NA,NA,20.4351,580.051,20.6937,6137.343,20.9347,243.128,21.2667,233.994,21.325,108.547,NA,NA,21.5568,349.061,NA,NA,NA,NA,NA,NA,NA,NA,NA,NA,NA,NA,NA,NA,NA,NA,NA,NA,NA,NA,NA,NA,NA,NA,NA,NA,NA,NA,NA,NA,NA,NA,NA,NA,NA,NA,25.1157,163.999,NA,NA,NA,NA,NA,NA,NA,NA,NA,NA,NA,NA,NA,NA,NA,NA,NA,NA,NA,NA,NA,NA,NA,NA,NA,NA
"NMT.2.8_2021",NA,NA,3.0166,1777.491,NA,NA,NA,NA,NA,NA,NA,NA,NA,NA,11.6055,517.535,NA,NA,12.1606,102.774,12.6497,161.647,13.2559,1202.538,NA,NA,NA,NA,NA,NA,NA,NA,NA,NA,15.2548,140.161,NA,NA,16.4873,799.86,NA,NA,NA,NA,NA,NA,NA,NA,17.8992,161.416,NA,NA,18.1725,138.459,NA,NA,NA,NA,NA,NA,NA,NA,NA,NA,NA,NA,NA,NA,NA,NA,20.4299,766.846,20.675,5336.71,20.9289,222.916,21.2582,191.608,21.3182,81.635,NA,NA,21.5411,75.642,NA,NA,NA,NA,NA,NA,NA,NA,NA,NA,NA,NA,NA,NA,NA,NA,NA,NA,NA,NA,NA,NA,23.7486,66.572,NA,NA,NA,NA,NA,NA,NA,NA,NA,NA,NA,NA,25.1134,186.579,NA,NA,NA,NA,NA,NA,NA,NA,NA,NA,NA,NA,NA,NA,NA,NA,NA,NA,NA,NA,NA,NA,NA,NA,NA,NA
"MTW.3.4_2021",NA,NA,3.0167,1848.741,4.2375,152.221,NA,NA,5.0316,379.38,NA,NA,NA,NA,11.604,409.576,NA,NA,NA,NA,12.6505,292.679,13.2428,557.066,NA,NA,NA,NA,NA,NA,NA,NA,NA,NA,15.2908,277.767,15.9125,112.827,16.5573,4890.814,16.665,147.877,NA,NA,17.2102,424.553,NA,NA,NA,NA,17.9227,812.063,18.1792,134.014,18.3835,149.956,NA,NA,NA,NA,NA,NA,19.5746,106.554,NA,NA,NA,NA,NA,NA,20.4241,1321.156,20.6031,1377.346,20.8922,103.718,21.2562,169.705,21.3399,683.069,NA,NA,21.5526,383.181,NA,NA,NA,NA,NA,NA,NA,NA,NA,NA,NA,NA,NA,NA,NA,NA,NA,NA,NA,NA,NA,NA,23.7487,90.223,NA,NA,NA,NA,NA,NA,NA,NA,NA,NA,NA,NA,NA,NA,NA,NA,NA,NA,NA,NA,NA,NA,NA,NA,NA,NA,NA,NA,NA,NA,NA,NA,NA,NA,NA,NA,NA,NA,NA,NA
"WAT.2.9_2021",NA,NA,3.0188,2050.4,4.2405,210.689,NA,NA,NA,NA,NA,NA,NA,NA,11.6065,311.311,NA,NA,NA,NA,12.6526,107.488,13.2523,786.856,NA,NA,NA,NA,14.4677,8185.398,NA,NA,NA,NA,15.2701,117.442,15.9152,116.891,16.5293,2642.324,16.6504,121.353,NA,NA,NA,NA,NA,NA,NA,NA,17.9278,432.274,18.1927,340.501,NA,NA,NA,NA,NA,NA,18.9009,138.18,19.4474,247.092,19.8714,272.949,NA,NA,NA,NA,20.2362,224.112,20.5957,2316.296,20.9277,291.307,21.2472,279.364,21.3355,135.53,NA,NA,21.5717,327.346,NA,NA,NA,NA,NA,NA,22.3121,83.391,22.6589,254.642,23.0516,94.699,23.1589,116.176,23.3188,102.437,23.4548,84.812,NA,NA,NA,NA,NA,NA,NA,NA,NA,NA,NA,NA,NA,NA,NA,NA,NA,NA,NA,NA,NA,NA,NA,NA,NA,NA,NA,NA,NA,NA,NA,NA,NA,NA,NA,NA,NA,NA,NA,NA,NA,NA,NA,NA,NA,NA
"ORT.2.9_2021",NA,NA,3.0165,10862.413,3.9082,839.002,NA,NA,NA,NA,NA,NA,NA,NA,11.6072,690.377,NA,NA,NA,NA,12.6504,137.263,13.2476,920.035,13.6961,121.592,NA,NA,NA,NA,NA,NA,NA,NA,15.3129,1052.484,15.7554,957.098,16.5066,1545.835,NA,NA,NA,NA,NA,NA,17.391,5817.187,17.8609,472.971,17.9706,1089.71,18.2326,940.527,18.4354,889.506,NA,NA,NA,NA,18.9822,334.51,19.5974,225.773,19.8725,146.418,NA,NA,NA,NA,20.4307,252.938,20.6971,6064.9,20.8058,182.796,21.1464,113.217,21.3558,1253.213,NA,NA,NA,NA,NA,NA,NA,NA,21.9644,1586.499,22.3265,222.983,22.7823,379.714,NA,NA,23.1709,201.922,23.2811,66.741,23.4651,241.899,NA,NA,NA,NA,23.7662,489.414,NA,NA,23.853,125.279,NA,NA,NA,NA,NA,NA,NA,NA,NA,NA,NA,NA,NA,NA,NA,NA,NA,NA,NA,NA,NA,NA,NA,NA,NA,NA,NA,NA,NA,NA,NA,NA,NA,NA,NA,NA
"UTWV.2.1_2021",NA,NA,3.0162,3923.162,4.2372,177.403,NA,NA,NA,NA,NA,NA,NA,NA,11.604,193.661,NA,NA,12.1495,200.229,12.6586,416.288,13.2692,1771.506,NA,NA,NA,NA,NA,NA,NA,NA,NA,NA,15.343,232.902,15.9314,564.662,NA,NA,16.6251,11053.187,NA,NA,NA,NA,NA,NA,NA,NA,17.9163,178.867,18.1944,311.469,18.3945,107.437,18.592,202.311,NA,NA,NA,NA,19.5945,187.403,NA,NA,NA,NA,NA,NA,20.3597,186.667,20.7027,6647.752,NA,NA,21.1528,299.7,21.2849,670.364,NA,NA,21.5742,755.979,NA,NA,NA,NA,22.0069,137.733,NA,NA,NA,NA,NA,NA,NA,NA,NA,NA,NA,NA,NA,NA,NA,NA,23.7596,341.076,NA,NA,NA,NA,NA,NA,NA,NA,NA,NA,NA,NA,25.1199,344.541,NA,NA,NA,NA,NA,NA,NA,NA,NA,NA,NA,NA,NA,NA,NA,NA,NA,NA,NA,NA,NA,NA,NA,NA,NA,NA
"NMT.1.6_2021",NA,NA,3.0117,2737.233,4.2309,137.376,NA,NA,NA,NA,NA,NA,NA,NA,11.6014,425.832,NA,NA,NA,NA,NA,NA,13.2338,135.67,NA,NA,NA,NA,NA,NA,NA,NA,NA,NA,15.2635,266.962,NA,NA,16.4966,1214.072,NA,NA,NA,NA,NA,NA,NA,NA,NA,NA,17.9379,875.124,18.1808,131.306,18.3963,302.578,NA,NA,NA,NA,NA,NA,19.5803,95.315,NA,NA,NA,NA,NA,NA,20.4182,791.96,20.6277,2081.204,20.932,330.626,21.1357,72.471,21.3493,940.644,NA,NA,21.5517,159.266,NA,NA,NA,NA,21.9767,142.741,NA,NA,NA,NA,NA,NA,NA,NA,23.3211,132.551,NA,NA,NA,NA,NA,NA,NA,NA,NA,NA,NA,NA,NA,NA,NA,NA,NA,NA,NA,NA,25.1152,105.365,NA,NA,NA,NA,NA,NA,NA,NA,NA,NA,NA,NA,NA,NA,NA,NA,NA,NA,NA,NA,NA,NA,NA,NA,NA,NA
"WAT.1.6_2021",NA,NA,3.0179,6420.564,4.3821,124.224,NA,NA,NA,NA,7.2812,127.794,NA,NA,11.6181,839.952,NA,NA,NA,NA,NA,NA,13.2471,421.248,13.7059,103.604,NA,NA,NA,NA,14.9197,116.438,NA,NA,15.3566,2010.95,15.7512,478.951,16.5479,3584.148,16.683,177.048,NA,NA,NA,NA,17.3941,4989.049,NA,NA,17.9811,1256.904,18.1535,969.07,18.4782,2039.213,18.6084,131.601,NA,NA,NA,NA,19.5046,454.988,19.8858,328.098,NA,NA,NA,NA,20.4299,341.13,20.6879,4978.763,NA,NA,21.1007,683.376,21.2876,287.455,21.4171,4362.849,NA,NA,21.5985,324.554,NA,NA,21.9065,212.858,NA,NA,NA,NA,23.004,67.25,23.1672,167.322,23.2816,70.38,23.4666,163.3,NA,NA,NA,NA,23.7648,327.464,NA,NA,NA,NA,NA,NA,NA,NA,NA,NA,NA,NA,25.1205,80.692,NA,NA,NA,NA,NA,NA,NA,NA,NA,NA,NA,NA,NA,NA,NA,NA,NA,NA,NA,NA,NA,NA,NA,NA,NA,NA
"UTT.1.9_2021",NA,NA,3.0178,629.702,NA,NA,NA,NA,NA,NA,NA,NA,NA,NA,11.6007,125.054,NA,NA,NA,NA,NA,NA,NA,NA,NA,NA,NA,NA,NA,NA,NA,NA,NA,NA,NA,NA,NA,NA,16.4682,317.734,NA,NA,NA,NA,NA,NA,NA,NA,NA,NA,NA,NA,NA,NA,NA,NA,NA,NA,NA,NA,NA,NA,NA,NA,NA,NA,NA,NA,NA,NA,NA,NA,20.5661,528.303,20.9157,134.465,NA,NA,21.3295,526.92,NA,NA,NA,NA,NA,NA,NA,NA,21.8946,193.43,NA,NA,NA,NA,NA,NA,NA,NA,23.348,298.019,NA,NA,NA,NA,NA,NA,NA,NA,NA,NA,NA,NA,NA,NA,NA,NA,NA,NA,24.9789,88.819,NA,NA,NA,NA,NA,NA,NA,NA,NA,NA,NA,NA,NA,NA,NA,NA,NA,NA,NA,NA,NA,NA,NA,NA,NA,NA,NA,NA
"IDT.3.5_2021",NA,NA,3.0188,4194.44,4.2386,196.533,NA,NA,NA,NA,NA,NA,NA,NA,11.6051,387.158,NA,NA,NA,NA,NA,NA,13.2362,220.184,NA,NA,NA,NA,NA,NA,NA,NA,NA,NA,15.346,2137.651,NA,NA,16.5207,2157.467,NA,NA,NA,NA,NA,NA,NA,NA,NA,NA,17.9285,590.183,18.1943,400.721,18.4163,763.551,NA,NA,NA,NA,NA,NA,19.5836,141.379,NA,NA,NA,NA,NA,NA,20.4337,1117.307,20.6534,3923.778,20.9341,430.425,21.102,575.916,NA,NA,21.4276,6984.852,NA,NA,21.6121,304.532,NA,NA,21.9818,174.704,22.3168,136.153,NA,NA,22.9909,54.167,23.1521,70.854,23.3209,146.674,NA,NA,NA,NA,NA,NA,NA,NA,NA,NA,NA,NA,NA,NA,NA,NA,NA,NA,NA,NA,25.1125,99.5,NA,NA,NA,NA,NA,NA,NA,NA,NA,NA,NA,NA,NA,NA,NA,NA,NA,NA,NA,NA,NA,NA,NA,NA,NA,NA
"NMT.2.4_2021",NA,NA,3.0159,2113.387,4.2371,176.067,NA,NA,NA,NA,NA,NA,NA,NA,NA,NA,NA,NA,NA,NA,NA,NA,13.2384,129.507,NA,NA,NA,NA,NA,NA,NA,NA,NA,NA,15.268,236.273,15.9181,244.088,16.523,2361.011,NA,NA,NA,NA,NA,NA,NA,NA,NA,NA,17.9245,503.035,18.1908,303.682,NA,NA,18.5864,97.367,NA,NA,NA,NA,19.5925,182.12,19.8631,177.813,NA,NA,NA,NA,20.4592,1592.583,20.5685,1153.313,20.9441,390.289,21.1476,77.968,21.2871,316.944,NA,NA,21.5682,434.962,NA,NA,NA,NA,NA,NA,NA,NA,NA,NA,NA,NA,NA,NA,23.3164,83.337,NA,NA,NA,NA,NA,NA,23.7553,93.993,NA,NA,NA,NA,NA,NA,NA,NA,NA,NA,NA,NA,25.1226,474.106,NA,NA,NA,NA,NA,NA,NA,NA,NA,NA,NA,NA,NA,NA,NA,NA,NA,NA,NA,NA,NA,NA,NA,NA,NA,NA
"NVV.2.5_2021",NA,NA,3.0144,3659.919,4.2364,151.771,4.8348,548.261,NA,NA,NA,NA,NA,NA,11.6288,1349.769,NA,NA,12.1648,133.055,12.6695,707.196,13.2735,1729.285,NA,NA,14.2561,159.693,NA,NA,NA,NA,NA,NA,NA,NA,15.9478,883.674,16.2446,283.651,16.6837,18450.698,NA,NA,NA,NA,NA,NA,NA,NA,17.9743,1355.268,18.2057,197.537,NA,NA,18.606,323.155,NA,NA,NA,NA,19.6041,144.976,19.8714,238.642,NA,NA,NA,NA,20.4768,1551.751,NA,NA,NA,NA,21.1669,411.147,21.3023,947.947,NA,NA,21.5923,1215.5,NA,NA,NA,NA,21.9919,335.277,NA,NA,NA,NA,NA,NA,NA,NA,NA,NA,NA,NA,NA,NA,NA,NA,23.7598,183.416,NA,NA,NA,NA,NA,NA,NA,NA,NA,NA,NA,NA,25.1216,308.003,NA,NA,NA,NA,NA,NA,NA,NA,NA,NA,NA,NA,NA,NA,NA,NA,NA,NA,NA,NA,NA,NA,NA,NA,NA,NA
"ORT.1.1_2021",NA,NA,3.0148,12897.905,4.2342,159.96,NA,NA,5.0295,231.662,NA,NA,NA,NA,11.612,852.997,NA,NA,NA,NA,12.6522,150.968,13.2374,244.547,13.7048,212.369,NA,NA,NA,NA,NA,NA,NA,NA,15.3491,1904.499,15.7647,1189.132,16.5475,510.652,16.7336,251.548,NA,NA,NA,NA,17.4626,12778.09,NA,NA,18.008,1352.964,18.1811,1628.808,18.4528,943.448,NA,NA,NA,NA,NA,NA,19.5009,680.4,NA,NA,NA,NA,NA,NA,20.436,536.482,20.6921,5400.92,NA,NA,21.2599,470.647,21.3637,952.102,NA,NA,21.5889,82.957,NA,NA,NA,NA,21.9325,437.25,22.3227,126.874,NA,NA,23.0001,113.413,23.1702,262.815,23.2844,108.667,23.4651,207.771,NA,NA,NA,NA,23.7377,167.727,NA,NA,23.8549,128.489,NA,NA,NA,NA,NA,NA,NA,NA,25.1178,155.704,NA,NA,NA,NA,NA,NA,NA,NA,NA,NA,NA,NA,NA,NA,NA,NA,NA,NA,NA,NA,NA,NA,NA,NA,NA,NA
"AZT.1.7_2021",NA,NA,3.0151,4427.94,4.2349,167.614,4.848,567.036,NA,NA,NA,NA,NA,NA,11.6092,599.557,NA,NA,NA,NA,12.6529,135.666,13.2499,788.14,NA,NA,NA,NA,NA,NA,NA,NA,NA,NA,15.2959,609.706,15.9175,147.625,16.5296,2752.092,16.664,110.621,NA,NA,NA,NA,17.372,4000.412,NA,NA,17.9379,474.055,18.2215,772.422,18.4102,399.061,NA,NA,NA,NA,18.9037,129.935,19.4657,290.413,19.8664,167.868,NA,NA,NA,NA,20.4486,1333.352,20.5774,1215.762,20.9713,1279.914,21.2361,172.067,21.3151,291.244,NA,NA,21.5676,205.83,NA,NA,NA,NA,NA,NA,NA,NA,22.7668,117.765,NA,NA,23.1567,114.37,23.331,105.392,23.4554,52.837,NA,NA,NA,NA,23.7446,90.624,NA,NA,NA,NA,NA,NA,NA,NA,NA,NA,NA,NA,25.1187,274.029,NA,NA,NA,NA,NA,NA,NA,NA,NA,NA,NA,NA,NA,NA,NA,NA,NA,NA,NA,NA,NA,NA,NA,NA,NA,NA
"UTWV.2.8_2021",NA,NA,3.0151,1494.619,4.1727,109.172,4.9117,202.339,NA,NA,NA,NA,NA,NA,NA,NA,NA,NA,NA,NA,NA,NA,13.2419,462.41,NA,NA,NA,NA,NA,NA,NA,NA,NA,NA,15.3132,1138.07,NA,NA,16.4991,949.447,NA,NA,NA,NA,NA,NA,NA,NA,17.7125,9443.525,17.9309,116.255,NA,NA,18.4611,1781.843,NA,NA,NA,NA,NA,NA,NA,NA,19.8761,283.597,NA,NA,NA,NA,20.3959,143.848,20.6131,1672.479,NA,NA,21.2719,259.243,21.3669,2028.461,NA,NA,21.5519,128.95,NA,NA,21.7402,121.428,NA,NA,22.3939,111.439,NA,NA,NA,NA,NA,NA,NA,NA,NA,NA,NA,NA,NA,NA,23.7544,191.574,NA,NA,NA,NA,NA,NA,NA,NA,NA,NA,NA,NA,25.115,85.63,NA,NA,NA,NA,NA,NA,NA,NA,NA,NA,NA,NA,NA,NA,NA,NA,NA,NA,NA,NA,NA,NA,NA,NA,NA,NA
"IDT.1.10_2021",NA,NA,3.0184,5289.079,4.2389,139.655,NA,NA,5.0939,1163.351,NA,NA,NA,NA,11.6048,240.956,NA,NA,NA,NA,NA,NA,NA,NA,13.6997,89.277,NA,NA,NA,NA,NA,NA,NA,NA,15.338,1883.68,15.7354,358.543,16.4905,501.985,NA,NA,NA,NA,NA,NA,17.3499,2717.657,NA,NA,17.9313,356.653,18.2156,632.192,18.4252,769.827,NA,NA,NA,NA,NA,NA,19.4622,479.753,NA,NA,NA,NA,NA,NA,20.3975,266.193,20.6,1425.997,NA,NA,21.1417,610.538,NA,NA,21.4532,9528.307,NA,NA,NA,NA,NA,NA,NA,NA,NA,NA,22.777,335.811,22.8863,1126.51,23.1627,115.136,23.2773,98.957,23.4609,119.264,NA,NA,NA,NA,23.7331,67.059,NA,NA,NA,NA,NA,NA,NA,NA,NA,NA,NA,NA,NA,NA,NA,NA,NA,NA,NA,NA,NA,NA,NA,NA,NA,NA,NA,NA,NA,NA,NA,NA,NA,NA,NA,NA,NA,NA,NA,NA
"CAT.1.5_2021",NA,NA,3.0176,4464.509,NA,NA,NA,NA,5.0107,782.047,NA,NA,NA,NA,11.6057,274.444,NA,NA,NA,NA,NA,NA,13.2404,156.262,NA,NA,NA,NA,NA,NA,NA,NA,NA,NA,15.3349,1743.886,15.9207,159.604,16.5305,2576.322,NA,NA,NA,NA,NA,NA,NA,NA,NA,NA,17.9353,454.86,18.217,687.736,18.4216,670.833,NA,NA,NA,NA,NA,NA,19.4974,302.207,NA,NA,NA,NA,NA,NA,20.4085,380.688,20.6396,2956.044,20.9598,1227.549,21.1349,538.464,NA,NA,21.4528,9318.258,NA,NA,21.6417,298.077,NA,NA,NA,NA,22.3235,147.658,22.7781,107.53,NA,NA,NA,NA,23.2722,63.939,23.4581,78.177,NA,NA,NA,NA,NA,NA,NA,NA,NA,NA,NA,NA,NA,NA,NA,NA,NA,NA,25.1193,188.181,NA,NA,NA,NA,NA,NA,NA,NA,NA,NA,NA,NA,NA,NA,NA,NA,NA,NA,NA,NA,NA,NA,NA,NA,NA,NA
"AZTW.1.8_2021",NA,NA,3.0164,3320.935,4.2363,115.391,NA,NA,NA,NA,NA,NA,NA,NA,11.6038,381.242,NA,NA,12.1152,102.273,NA,NA,13.237,227.979,NA,NA,NA,NA,NA,NA,NA,NA,NA,NA,15.2737,402.401,15.715,248.039,16.4871,687.526,NA,NA,NA,NA,NA,NA,NA,NA,NA,NA,17.9184,425.625,18.1903,313.762,18.3865,156.37,NA,NA,NA,NA,NA,NA,19.5785,136.314,NA,NA,NA,NA,NA,NA,20.4033,521.832,20.6001,1108.457,20.799,116.46,NA,NA,21.3259,127.495,NA,NA,NA,NA,NA,NA,NA,NA,21.9698,84.837,NA,NA,22.7649,149.124,NA,NA,NA,NA,23.3297,146.012,NA,NA,NA,NA,NA,NA,NA,NA,NA,NA,NA,NA,NA,NA,NA,NA,NA,NA,NA,NA,25.1156,108.91,NA,NA,NA,NA,NA,NA,NA,NA,NA,NA,NA,NA,NA,NA,NA,NA,NA,NA,NA,NA,NA,NA,NA,NA,NA,NA
"NMT.2.5_2021",NA,NA,3.0165,2787.114,4.2379,177.494,NA,NA,5.0229,418.796,NA,NA,NA,NA,11.6024,105.877,NA,NA,12.1641,175.133,NA,NA,13.2655,1487.95,NA,NA,NA,NA,NA,NA,NA,NA,NA,NA,NA,NA,NA,NA,16.5004,1118.167,NA,NA,NA,NA,NA,NA,NA,NA,NA,NA,17.9058,113.621,18.177,104.288,NA,NA,NA,NA,NA,NA,NA,NA,19.4109,172.15,19.864,127.531,NA,NA,NA,NA,20.4705,1682.083,20.7117,7166.798,20.9062,133.153,21.2649,121.274,NA,NA,NA,NA,21.5466,87.789,NA,NA,NA,NA,NA,NA,NA,NA,NA,NA,23.0391,71.438,NA,NA,23.3104,85.122,NA,NA,NA,NA,NA,NA,23.7542,116.999,NA,NA,NA,NA,NA,NA,NA,NA,NA,NA,NA,NA,25.1163,156.628,NA,NA,NA,NA,NA,NA,NA,NA,NA,NA,NA,NA,NA,NA,NA,NA,NA,NA,NA,NA,NA,NA,NA,NA,NA,NA
"IDW.3.10_2021",NA,NA,3.0182,5537.024,4.2385,351.618,4.8659,876.274,NA,NA,NA,NA,NA,NA,11.6143,445.057,NA,NA,12.1408,186.569,12.6727,168.099,13.2588,1042.126,NA,NA,NA,NA,NA,NA,NA,NA,NA,NA,15.3011,424.994,NA,NA,16.5014,656.754,16.7599,341.096,NA,NA,NA,NA,17.3617,2256.244,NA,NA,17.9733,1768.169,18.2184,369.423,18.4113,204.333,NA,NA,NA,NA,18.9141,91.808,19.4571,94.776,NA,NA,NA,NA,NA,NA,20.4713,2254.971,20.6715,3172.34,20.8117,100.405,21.2284,121.459,21.3427,319.782,NA,NA,NA,NA,NA,NA,NA,NA,21.912,99.054,NA,NA,NA,NA,22.998,76.817,23.1625,107.724,23.334,132.626,23.4584,62.766,NA,NA,NA,NA,NA,NA,NA,NA,NA,NA,NA,NA,NA,NA,NA,NA,NA,NA,NA,NA,NA,NA,NA,NA,NA,NA,NA,NA,NA,NA,NA,NA,NA,NA,NA,NA,NA,NA,NA,NA,NA,NA,NA,NA,NA,NA
"ORT.2.5_2021",NA,NA,3.013,2209.271,3.4759,129.538,NA,NA,NA,NA,NA,NA,NA,NA,11.6589,129.342,NA,NA,NA,NA,NA,NA,NA,NA,NA,NA,NA,NA,NA,NA,NA,NA,NA,NA,15.2616,376.583,15.9948,124.499,16.47,132.761,NA,NA,NA,NA,NA,NA,NA,NA,17.8128,157.806,17.9034,222.82,18.1781,199.431,18.4284,1274.738,NA,NA,NA,NA,18.9405,160.882,NA,NA,NA,NA,NA,NA,NA,NA,20.3932,73.685,20.6208,2096.339,20.9401,598.334,21.2217,194.322,21.3576,1394.178,NA,NA,NA,NA,NA,NA,NA,NA,21.9282,722.157,22.3121,179.204,22.7694,322.906,NA,NA,23.1595,82.827,NA,NA,23.4554,74.626,NA,NA,NA,NA,NA,NA,NA,NA,NA,NA,NA,NA,NA,NA,NA,NA,NA,NA,25.1157,89.322,NA,NA,NA,NA,NA,NA,NA,NA,NA,NA,NA,NA,NA,NA,NA,NA,NA,NA,NA,NA,NA,NA,NA,NA,NA,NA
"UTT.1.5_2021",NA,NA,3.0151,16610.456,4.0143,332.98,4.9054,335.124,NA,NA,NA,NA,NA,NA,11.6071,578.544,NA,NA,NA,NA,NA,NA,13.2432,600.071,13.7028,206.611,NA,NA,NA,NA,NA,NA,NA,NA,15.3371,1675.623,15.776,1015.644,16.5489,3948.061,16.6629,97.748,NA,NA,NA,NA,17.3482,2402.887,NA,NA,17.9508,752.607,18.2149,632.237,18.4445,1240.769,NA,NA,NA,NA,18.9607,112.067,19.4493,187.503,NA,NA,NA,NA,NA,NA,20.4047,257.172,20.6322,2118.676,20.7973,85.293,21.1066,574.744,NA,NA,21.4254,6521.632,NA,NA,21.5997,175.969,NA,NA,21.9261,256.923,NA,NA,NA,NA,22.9968,71.308,23.1627,167.14,23.2748,129.192,23.4586,113.85,NA,NA,NA,NA,23.7351,119.39,23.8461,103.988,NA,NA,NA,NA,NA,NA,NA,NA,24.9821,116.119,25.1193,290.183,NA,NA,NA,NA,NA,NA,NA,NA,NA,NA,NA,NA,NA,NA,NA,NA,NA,NA,NA,NA,NA,NA,NA,NA,NA,NA
"COW.1.2_2021",NA,NA,3.0144,2620.046,NA,NA,4.8473,701.106,NA,NA,NA,NA,NA,NA,11.6125,415.842,NA,NA,12.1674,251.331,12.6795,1328.144,13.3033,3900.246,NA,NA,14.2637,266.742,NA,NA,NA,NA,NA,NA,15.4557,367.93,15.957,1286.464,16.2684,319.066,16.7061,21597.42,NA,NA,NA,NA,NA,NA,NA,NA,17.9571,179.654,18.2071,348.074,NA,NA,18.6085,443.382,NA,NA,18.9098,102.964,NA,NA,19.9055,246.11,NA,NA,NA,NA,20.2917,108.551,20.5461,2054.521,20.7994,14920.518,21.1862,757.079,21.3205,891.143,NA,NA,NA,NA,21.6129,1748.611,NA,NA,21.8881,133.398,NA,NA,NA,NA,22.9977,144.33,23.1612,169.784,23.3169,61,23.4627,150.931,NA,NA,NA,NA,23.7663,400.052,NA,NA,NA,NA,NA,NA,NA,NA,NA,NA,24.944,149.986,25.1197,166.972,NA,NA,NA,NA,NA,NA,NA,NA,NA,NA,NA,NA,NA,NA,NA,NA,NA,NA,NA,NA,NA,NA,NA,NA,NA,NA
"IDW.1.5_2021",NA,NA,3.0153,14922.591,4.233,687.307,4.8239,252.599,NA,NA,NA,NA,NA,NA,11.6383,2458.41,11.958,105.453,NA,NA,NA,NA,13.247,592.038,13.7087,207.202,NA,NA,NA,NA,NA,NA,NA,NA,15.3605,1147.159,15.7824,746.807,16.5518,4438.765,16.7476,162.868,NA,NA,NA,NA,17.4789,12486.552,17.9003,237.98,18.0445,2052.999,18.1886,1212.783,18.4534,701.675,NA,NA,NA,NA,18.9746,278.078,19.5303,76.698,19.8825,153.397,NA,NA,NA,NA,20.4496,1207.696,20.6609,3106.147,20.8118,187.077,21.2572,408.944,21.3768,1776.676,NA,NA,21.5693,94.294,NA,NA,NA,NA,21.9434,859.948,NA,NA,NA,NA,NA,NA,23.1647,176.759,23.2736,59.503,23.4597,103.61,NA,NA,NA,NA,23.7385,141.913,NA,NA,NA,NA,NA,NA,NA,NA,NA,NA,NA,NA,25.1202,215.14,NA,NA,NA,NA,NA,NA,NA,NA,NA,NA,NA,NA,NA,NA,NA,NA,NA,NA,NA,NA,NA,NA,NA,NA,NA,NA
"IDT.1.2_2021",NA,NA,3.0174,3971.067,NA,NA,NA,NA,5.0296,727.284,NA,NA,NA,NA,11.6,157.986,NA,NA,NA,NA,NA,NA,13.236,161.792,NA,NA,NA,NA,NA,NA,NA,NA,NA,NA,15.2953,838.991,15.7262,235.501,16.4952,993.81,16.6494,102.734,NA,NA,NA,NA,NA,NA,NA,NA,17.9338,641.637,18.2053,524.341,18.3972,288.081,NA,NA,NA,NA,NA,NA,19.4596,355.138,19.8652,212.449,NA,NA,NA,NA,20.4151,318.796,20.6682,4518.194,20.9759,1825.453,21.2286,103.917,21.3429,541.814,NA,NA,21.5704,272.488,NA,NA,NA,NA,21.9841,120.84,NA,NA,22.6975,78.731,NA,NA,NA,NA,23.2711,64.182,NA,NA,NA,NA,NA,NA,NA,NA,NA,NA,NA,NA,NA,NA,NA,NA,NA,NA,NA,NA,NA,NA,NA,NA,NA,NA,NA,NA,NA,NA,NA,NA,NA,NA,NA,NA,NA,NA,NA,NA,NA,NA,NA,NA,NA,NA,NA,NA
"UTWV.2.7_2021",NA,NA,3.0137,4033.546,4.2352,234.065,4.8743,700.718,NA,NA,NA,NA,NA,NA,11.6043,255.811,NA,NA,NA,NA,NA,NA,13.2518,480.154,NA,NA,NA,NA,NA,NA,NA,NA,NA,NA,15.3625,997.8,15.9213,167.134,16.5312,2512.75,16.8134,200.199,NA,NA,NA,NA,NA,NA,17.8174,21311.358,18.0346,1404.986,18.1593,117.671,18.5275,3480.531,NA,NA,NA,NA,NA,NA,19.6038,140.827,19.8934,212.729,NA,NA,NA,NA,20.4387,1060.118,20.5889,362.707,NA,NA,21.2684,117.345,NA,NA,21.4162,4958.329,21.591,102.906,NA,NA,21.7552,102.617,NA,NA,22.109,102.621,NA,NA,22.9938,74.432,NA,NA,NA,NA,NA,NA,NA,NA,NA,NA,23.732,81.053,NA,NA,NA,NA,NA,NA,NA,NA,NA,NA,NA,NA,25.1182,188.568,NA,NA,NA,NA,NA,NA,NA,NA,NA,NA,NA,NA,NA,NA,NA,NA,NA,NA,NA,NA,NA,NA,NA,NA,NA,NA
"UTW.1.10_2021",NA,NA,3.0075,2998.706,4.2363,524.145,NA,NA,NA,NA,NA,NA,NA,NA,11.6013,300.74,NA,NA,12.157,106.243,12.662,812.384,13.2708,2209.388,NA,NA,14.245,161.432,NA,NA,NA,NA,NA,NA,15.4421,95.117,15.9252,365.367,NA,NA,16.613,10147.25,NA,NA,NA,NA,NA,NA,17.8409,247.566,17.9723,137.077,18.1928,211.528,NA,NA,18.5909,162.181,NA,NA,19.0586,358.515,19.5585,270.325,19.9174,382.272,NA,NA,NA,NA,20.3374,111.711,20.5648,1512.323,20.8322,19772.135,21.1932,742.97,21.3174,1250.955,NA,NA,21.5778,591.168,NA,NA,NA,NA,21.8916,89.764,NA,NA,NA,NA,NA,NA,23.1562,149.235,NA,NA,23.456,65.349,NA,NA,NA,NA,23.7586,211.261,NA,NA,NA,NA,NA,NA,NA,NA,NA,NA,NA,NA,25.1191,221.616,NA,NA,NA,NA,NA,NA,NA,NA,NA,NA,NA,NA,NA,NA,NA,NA,NA,NA,NA,NA,NA,NA,NA,NA,NA,NA
"IDT.2.4_2021",NA,NA,3.0223,7300.003,4.2395,176.104,NA,NA,NA,NA,NA,NA,NA,NA,11.6154,834.483,NA,NA,12.2038,174.8,NA,NA,13.2382,300.719,13.7,118.808,NA,NA,NA,NA,NA,NA,NA,NA,15.3207,1434.474,15.7263,425.973,16.5222,247.009,16.6515,121.144,NA,NA,NA,NA,NA,NA,NA,NA,17.9279,422.98,18.2098,571.134,18.4039,429.796,NA,NA,NA,NA,NA,NA,19.5831,163.173,NA,NA,NA,NA,NA,NA,20.3944,182.188,20.6199,2417.751,20.8464,207.411,21.2472,197.299,21.3863,3014.946,NA,NA,NA,NA,NA,NA,NA,NA,21.9746,99.859,NA,NA,22.7672,188.135,22.9136,1494.586,23.1575,93.949,23.2717,70.148,23.4561,75.389,NA,NA,NA,NA,NA,NA,NA,NA,NA,NA,NA,NA,NA,NA,NA,NA,NA,NA,NA,NA,NA,NA,NA,NA,NA,NA,NA,NA,NA,NA,NA,NA,NA,NA,NA,NA,NA,NA,NA,NA,NA,NA,NA,NA,NA,NA
"UTT.1.6_2021",NA,NA,3.0131,3167.452,4.1258,195.616,NA,NA,NA,NA,NA,NA,NA,NA,11.6745,114.614,NA,NA,NA,NA,NA,NA,13.2321,114.251,NA,NA,NA,NA,NA,NA,NA,NA,NA,NA,15.2615,330.883,15.6757,389.524,16.4818,659.486,NA,NA,NA,NA,NA,NA,NA,NA,17.8102,140.592,NA,NA,18.1716,93.969,18.3849,227.624,NA,NA,NA,NA,18.9326,151.916,NA,NA,NA,NA,NA,NA,NA,NA,20.4976,156.92,20.582,826.307,20.9288,387.033,21.2525,122.701,21.355,1538.292,NA,NA,NA,NA,NA,NA,NA,NA,21.9191,571.192,NA,NA,NA,NA,NA,NA,NA,NA,23.2757,69.714,NA,NA,NA,NA,NA,NA,23.7541,104.711,23.8433,84.13,NA,NA,NA,NA,NA,NA,NA,NA,NA,NA,25.1151,77.672,NA,NA,NA,NA,NA,NA,NA,NA,NA,NA,NA,NA,NA,NA,NA,NA,NA,NA,NA,NA,NA,NA,NA,NA,NA,NA
"UTW.1.1_2021",NA,NA,3.0181,749.102,NA,NA,NA,NA,5.0042,204.905,NA,NA,NA,NA,11.6047,320.62,NA,NA,NA,NA,12.6566,530.895,13.2677,1946.537,NA,NA,NA,NA,NA,NA,NA,NA,NA,NA,NA,NA,15.9134,130.71,16.5408,3401.465,NA,NA,NA,NA,17.2033,301.046,NA,NA,17.8949,372.133,NA,NA,18.1772,113.8,NA,NA,NA,NA,NA,NA,NA,NA,NA,NA,19.8667,304.431,NA,NA,NA,NA,20.4705,1100.942,NA,NA,NA,NA,21.1466,150.825,NA,NA,NA,NA,21.5559,338.455,NA,NA,NA,NA,NA,NA,NA,NA,NA,NA,NA,NA,NA,NA,NA,NA,NA,NA,NA,NA,NA,NA,NA,NA,NA,NA,NA,NA,NA,NA,NA,NA,NA,NA,NA,NA,25.115,122.456,NA,NA,NA,NA,NA,NA,NA,NA,NA,NA,NA,NA,NA,NA,NA,NA,NA,NA,NA,NA,NA,NA,NA,NA,NA,NA
"AZTW.1.7_2021",NA,NA,3.0141,1150.067,NA,NA,4.8206,678.934,NA,NA,NA,NA,NA,NA,11.6004,131.489,NA,NA,NA,NA,12.7032,564.775,NA,NA,NA,NA,NA,NA,NA,NA,NA,NA,NA,NA,15.272,205.668,NA,NA,16.4913,750.456,16.6843,160.555,NA,NA,17.2376,927.496,NA,NA,NA,NA,17.9378,1168.17,18.2046,425.151,18.3948,118.17,NA,NA,NA,NA,NA,NA,NA,NA,NA,NA,NA,NA,NA,NA,20.4286,1152.442,20.5941,827.363,20.9286,138.514,21.0236,490.29,NA,NA,NA,NA,NA,NA,NA,NA,NA,NA,NA,NA,NA,NA,NA,NA,NA,NA,NA,NA,NA,NA,NA,NA,NA,NA,NA,NA,NA,NA,NA,NA,NA,NA,NA,NA,NA,NA,NA,NA,NA,NA,25.1212,356.251,NA,NA,NA,NA,NA,NA,NA,NA,NA,NA,NA,NA,NA,NA,NA,NA,NA,NA,NA,NA,NA,NA,NA,NA,NA,NA
"CAT.2.9_2021",NA,NA,3.0175,4452.624,4.2385,125.789,NA,NA,5.0238,383.998,NA,NA,NA,NA,11.6054,225.395,NA,NA,NA,NA,NA,NA,NA,NA,NA,NA,NA,NA,NA,NA,NA,NA,NA,NA,15.2929,567.766,15.9149,140.325,16.5338,2775.9,NA,NA,NA,NA,NA,NA,NA,NA,NA,NA,17.9218,392.439,18.1906,235.248,18.3885,150.044,NA,NA,NA,NA,NA,NA,19.5859,239.995,NA,NA,NA,NA,NA,NA,20.3911,276.534,20.5898,774.123,20.946,724.664,21.2267,171.57,21.3395,356.682,21.4779,259.383,21.5571,196.684,NA,NA,NA,NA,NA,NA,NA,NA,22.689,131.382,22.9568,337.71,NA,NA,23.2655,58.321,NA,NA,NA,NA,NA,NA,NA,NA,NA,NA,NA,NA,NA,NA,NA,NA,NA,NA,NA,NA,25.1157,71.089,NA,NA,NA,NA,NA,NA,NA,NA,NA,NA,NA,NA,NA,NA,NA,NA,NA,NA,NA,NA,NA,NA,NA,NA,NA,NA
"IDT.1.6_2021",NA,NA,3.0176,7748.054,4.2377,165.791,NA,NA,5.0106,1474.406,NA,NA,NA,NA,11.6058,263.785,NA,NA,NA,NA,NA,NA,13.2396,143.439,13.7059,161.708,NA,NA,NA,NA,NA,NA,NA,NA,15.3319,1550.977,15.7469,888.253,16.4975,849.985,16.7057,224.704,NA,NA,NA,NA,17.4242,8340.408,NA,NA,18.0029,1255.766,18.1854,2051.104,18.4414,670.674,NA,NA,NA,NA,NA,NA,19.5034,683.822,19.8798,240.921,NA,NA,NA,NA,20.437,459.966,20.6947,5677.916,NA,NA,21.2571,312.81,21.3618,946.049,NA,NA,21.5833,72.849,NA,NA,NA,NA,21.9168,217.751,NA,NA,22.7857,542.761,22.9035,1320.289,23.1701,203.603,23.2822,92.612,23.4658,171.652,NA,NA,NA,NA,23.7484,186.856,NA,NA,23.8527,88.545,NA,NA,NA,NA,NA,NA,NA,NA,25.1193,148.571,NA,NA,NA,NA,NA,NA,NA,NA,NA,NA,NA,NA,NA,NA,NA,NA,NA,NA,NA,NA,NA,NA,NA,NA,NA,NA
"IDT.1.3_2021",NA,NA,3.0208,10696.694,4.2383,236.796,NA,NA,NA,NA,NA,NA,NA,NA,11.6182,768.807,NA,NA,NA,NA,12.6605,126.838,13.2433,160.175,13.7089,171.747,NA,NA,NA,NA,NA,NA,NA,NA,15.3549,2197.887,15.7625,776.972,16.5206,1748.162,16.682,154.567,NA,NA,NA,NA,17.3881,4626.598,NA,NA,17.976,878.563,18.1614,1197.619,18.4702,1672.92,NA,NA,NA,NA,NA,NA,19.5012,456.524,NA,NA,NA,NA,NA,NA,20.4136,349.462,20.6361,2451.717,NA,NA,21.1678,791.703,NA,NA,21.4651,10322.121,NA,NA,NA,NA,21.6651,238.185,21.9365,161.567,22.3343,84.546,22.7831,144.038,23.0035,55.777,23.1685,183.453,23.2819,92.1,23.4652,173.171,NA,NA,NA,NA,23.7377,108.86,NA,NA,23.8523,87.626,NA,NA,NA,NA,NA,NA,NA,NA,25.1204,84.708,NA,NA,NA,NA,NA,NA,NA,NA,NA,NA,NA,NA,NA,NA,NA,NA,NA,NA,NA,NA,NA,NA,NA,NA,NA,NA
"UTW.2.3_2021",NA,NA,3.0171,3685.832,4.1787,159.125,NA,NA,NA,NA,NA,NA,NA,NA,11.6376,2075.341,NA,NA,NA,NA,NA,NA,13.2411,196.813,NA,NA,NA,NA,14.4501,6346.014,NA,NA,NA,NA,15.2781,372.38,NA,NA,16.4993,1131.234,16.6538,110.158,NA,NA,NA,NA,NA,NA,NA,NA,17.936,694.768,18.2029,443.783,18.3987,303.045,NA,NA,NA,NA,18.9045,204.449,19.5795,110.765,NA,NA,NA,NA,NA,NA,20.4535,2431.153,20.587,597,20.9364,263.206,21.2292,206.558,21.3347,223.115,NA,NA,NA,NA,NA,NA,NA,NA,21.902,276.837,NA,NA,NA,NA,22.9926,70.681,23.1553,127.481,NA,NA,NA,NA,NA,NA,NA,NA,23.7321,81.429,NA,NA,NA,NA,NA,NA,NA,NA,NA,NA,NA,NA,NA,NA,NA,NA,NA,NA,NA,NA,NA,NA,NA,NA,NA,NA,NA,NA,NA,NA,NA,NA,NA,NA,NA,NA,NA,NA,NA,NA
"IDW.1.4_2021",NA,NA,3.0209,14727.314,3.5581,165.04,NA,NA,NA,NA,NA,NA,NA,NA,11.6417,2375.969,NA,NA,12.1532,272.854,12.6568,146.667,13.2402,119.086,13.7134,224.256,14.2475,108.369,NA,NA,14.6956,119.16,NA,NA,15.4223,1224.074,15.8056,772.719,16.245,292.409,16.643,13092.401,NA,NA,NA,NA,17.4588,10031.797,NA,NA,17.9792,806.494,18.1688,1366.459,18.4398,728.724,18.6154,194.104,NA,NA,NA,NA,19.4768,610.846,NA,NA,NA,NA,NA,NA,20.4144,700.791,20.5882,1100.103,20.8755,93.998,21.1012,772.067,21.2815,393.48,NA,NA,NA,NA,21.597,472.853,NA,NA,21.9085,254.086,NA,NA,NA,NA,NA,NA,23.1601,100.548,23.2714,78.817,NA,NA,NA,NA,NA,NA,23.7322,90.14,NA,NA,NA,NA,NA,NA,NA,NA,NA,NA,NA,NA,25.1179,214.084,NA,NA,NA,NA,NA,NA,NA,NA,NA,NA,NA,NA,NA,NA,NA,NA,NA,NA,NA,NA,NA,NA,NA,NA,NA,NA
"WAT.1.3_2021",NA,NA,3.0125,1196.22,3.3751,428.414,NA,NA,NA,NA,NA,NA,NA,NA,11.6054,162.946,NA,NA,NA,NA,NA,NA,13.2318,118.138,NA,NA,NA,NA,NA,NA,NA,NA,NA,NA,15.2543,250.203,15.6416,128.712,16.4705,290.703,NA,NA,NA,NA,NA,NA,NA,NA,NA,NA,17.9026,275.744,NA,NA,18.3832,193.385,NA,NA,NA,NA,NA,NA,19.8516,111.821,NA,NA,NA,NA,NA,NA,20.3938,118.368,20.6367,3207.245,20.9358,540.443,21.2576,88.316,21.3375,670.149,NA,NA,NA,NA,NA,NA,NA,NA,21.9678,124.155,NA,NA,22.7676,288.132,NA,NA,23.1584,65.404,NA,NA,23.455,64.792,NA,NA,NA,NA,23.7538,111.568,NA,NA,NA,NA,NA,NA,NA,NA,NA,NA,NA,NA,NA,NA,NA,NA,NA,NA,NA,NA,NA,NA,NA,NA,NA,NA,NA,NA,NA,NA,NA,NA,NA,NA,NA,NA,NA,NA,NA,NA
"WAW.1.3_2021",NA,NA,3.0189,2940.833,4.2398,244.532,NA,NA,5.0951,324.117,NA,NA,NA,NA,11.6165,974.259,NA,NA,NA,NA,12.6515,183.471,13.2466,616.038,NA,NA,NA,NA,14.4463,6356.817,NA,NA,NA,NA,15.3301,150.049,15.9216,284.317,NA,NA,16.6125,10032.126,NA,NA,NA,NA,NA,NA,NA,NA,17.9382,852.528,18.1852,181,NA,NA,18.5838,112.876,NA,NA,18.8964,112.366,19.436,251.048,19.8744,470.909,NA,NA,NA,NA,20.493,1923.471,20.5896,806.396,NA,NA,21.158,138.057,21.3036,1024.23,NA,NA,21.5851,1023.315,NA,NA,NA,NA,21.9866,257.611,NA,NA,22.6806,165.554,22.9096,126.011,NA,NA,23.3125,79.732,NA,NA,NA,NA,NA,NA,23.7546,115.513,NA,NA,NA,NA,NA,NA,NA,NA,NA,NA,NA,NA,25.1125,86.644,NA,NA,NA,NA,NA,NA,NA,NA,NA,NA,NA,NA,NA,NA,NA,NA,NA,NA,NA,NA,NA,NA,NA,NA,NA,NA
"MTW.1.2_2021",NA,NA,3.0164,2792.733,4.2389,214.236,NA,NA,NA,NA,NA,NA,NA,NA,11.6115,407.696,NA,NA,12.162,103.757,12.6641,519.128,13.2607,1021.269,NA,NA,NA,NA,NA,NA,NA,NA,NA,NA,NA,NA,15.9412,779.05,16.2382,197.185,16.6466,13448.179,NA,NA,NA,NA,NA,NA,NA,NA,17.9304,320.381,18.21,431.472,NA,NA,18.6017,284.441,NA,NA,18.9056,93.599,19.6016,228.893,NA,NA,NA,NA,NA,NA,20.4699,1603.733,20.7129,6967.275,20.9104,79.545,21.1664,484.12,21.3006,826.181,NA,NA,NA,NA,21.5991,1403.986,NA,NA,21.8879,161.547,NA,NA,NA,NA,22.9974,135.79,23.1614,214.703,23.3188,54.716,23.4592,105.464,NA,NA,NA,NA,23.7579,231.046,NA,NA,NA,NA,NA,NA,NA,NA,NA,NA,24.946,157.488,25.124,392.239,NA,NA,NA,NA,NA,NA,NA,NA,NA,NA,NA,NA,NA,NA,NA,NA,NA,NA,NA,NA,NA,NA,NA,NA,NA,NA
"IDW.3.4_2021",NA,NA,3.0177,3480.45,4.2358,118.016,NA,NA,5.0649,435.177,NA,NA,NA,NA,11.6015,379.618,NA,NA,NA,NA,12.7337,608.564,NA,NA,NA,NA,NA,NA,NA,NA,NA,NA,NA,NA,15.2804,428.147,NA,NA,16.4751,206.818,16.7178,222.573,NA,NA,NA,NA,NA,NA,NA,NA,17.9512,1675.06,18.1987,311.423,18.389,151.132,NA,NA,NA,NA,NA,NA,19.5762,146.13,NA,NA,NA,NA,NA,NA,20.3986,563.712,NA,NA,20.7854,144.854,21.205,78.411,21.3259,254.435,NA,NA,NA,NA,NA,NA,NA,NA,NA,NA,NA,NA,NA,NA,NA,NA,NA,NA,23.3295,212.606,NA,NA,NA,NA,NA,NA,NA,NA,NA,NA,NA,NA,NA,NA,NA,NA,NA,NA,NA,NA,NA,NA,NA,NA,NA,NA,NA,NA,NA,NA,NA,NA,NA,NA,NA,NA,NA,NA,NA,NA,NA,NA,NA,NA,NA,NA,NA,NA
"COVW.2.7_2021",NA,NA,3.0175,2065.638,4.2402,120.665,NA,NA,5.0351,415.721,NA,NA,NA,NA,11.617,724.082,NA,NA,12.1714,162.884,12.672,927.575,13.2826,2382.554,NA,NA,14.2553,100.309,NA,NA,NA,NA,NA,NA,15.3773,216.98,15.9381,570.622,16.2384,280.047,16.6611,15582.903,NA,NA,NA,NA,NA,NA,NA,NA,17.9404,370.755,18.2035,368.648,NA,NA,18.5973,216.955,NA,NA,18.9038,84.462,NA,NA,19.8776,133.922,NA,NA,NA,NA,20.2509,145.439,NA,NA,20.7636,11842.026,21.1716,590.617,21.322,1209.846,NA,NA,NA,NA,21.5987,1287.808,NA,NA,21.9976,298.936,22.3191,89.781,22.6802,174.666,NA,NA,NA,NA,NA,NA,NA,NA,NA,NA,NA,NA,23.7639,364.048,NA,NA,NA,NA,NA,NA,NA,NA,NA,NA,NA,NA,25.1175,106.471,NA,NA,NA,NA,NA,NA,NA,NA,NA,NA,NA,NA,NA,NA,NA,NA,NA,NA,NA,NA,NA,NA,NA,NA,NA,NA
"ORT.2.4_2021",NA,NA,3.0175,5336.865,NA,NA,NA,NA,5.037,1212.86,NA,NA,NA,NA,11.6145,758.319,NA,NA,NA,NA,NA,NA,13.2645,1508.046,NA,NA,NA,NA,NA,NA,NA,NA,NA,NA,15.3199,1058.999,15.9195,154.248,16.546,3766.896,16.6643,101.632,NA,NA,NA,NA,17.3762,4103.94,NA,NA,17.9478,644.255,18.2171,592.617,18.4099,394.298,NA,NA,NA,NA,NA,NA,19.4917,539.827,NA,NA,NA,NA,NA,NA,20.4305,185.001,20.7051,6443.18,20.8485,170.838,21.2334,148.759,21.3406,507.484,NA,NA,21.5729,227.591,NA,NA,NA,NA,21.9092,245.36,22.3104,77.16,22.7806,456.078,22.8856,1171.682,23.161,75.319,23.2754,67.32,23.4587,74.441,NA,NA,NA,NA,23.7588,176.336,NA,NA,NA,NA,NA,NA,NA,NA,NA,NA,NA,NA,25.1169,71.907,NA,NA,NA,NA,NA,NA,NA,NA,NA,NA,NA,NA,NA,NA,NA,NA,NA,NA,NA,NA,NA,NA,NA,NA,NA,NA
"ORT.1.9_2021",NA,NA,3.0178,7470.65,4.2368,147.717,NA,NA,5.0409,1203.885,NA,NA,NA,NA,11.6291,1709.296,NA,NA,12.134,131.082,12.6532,228.182,13.2432,449.773,13.7003,100.791,NA,NA,NA,NA,14.9161,121.411,NA,NA,15.364,2084.621,15.7468,442.902,16.5585,4788.852,16.675,131.689,NA,NA,NA,NA,17.3843,4605.612,NA,NA,17.9736,1021.665,18.1537,1100.695,18.4651,1738.704,18.6066,135.269,NA,NA,NA,NA,19.4903,541.109,19.871,153.511,NA,NA,NA,NA,20.4197,273.786,20.6755,4717.438,NA,NA,21.1207,570.07,NA,NA,21.438,7372.214,NA,NA,21.6288,394.935,NA,NA,21.9846,76.776,22.3274,233.619,22.7807,516.012,23.0026,162.175,23.1644,173.156,23.2772,72.448,23.4619,129.389,NA,NA,NA,NA,23.7354,128.112,NA,NA,NA,NA,NA,NA,NA,NA,NA,NA,NA,NA,25.117,124.856,NA,NA,NA,NA,NA,NA,NA,NA,NA,NA,NA,NA,NA,NA,NA,NA,NA,NA,NA,NA,NA,NA,NA,NA,NA,NA
"IDW.1.2_2021",NA,NA,3.02,9886.513,4.2371,261.011,NA,NA,NA,NA,NA,NA,NA,NA,11.6424,2185.338,NA,NA,12.1511,129.068,NA,NA,NA,NA,13.711,192.807,NA,NA,NA,NA,14.6941,117.977,NA,NA,15.3405,1200.371,15.7441,494.12,16.5511,4016.031,16.7061,146.399,NA,NA,NA,NA,17.4336,8445.534,NA,NA,17.9902,1210.56,18.1701,1389.373,18.4256,435.425,NA,NA,NA,NA,NA,NA,19.4411,644.183,NA,NA,NA,NA,NA,NA,20.4112,562.628,20.5486,582.468,20.8499,272.896,21.2463,408.853,21.3581,801.263,NA,NA,21.5734,200.664,NA,NA,NA,NA,21.9126,368.111,NA,NA,22.7814,155.972,22.8953,1654.307,NA,NA,23.2731,59.396,NA,NA,NA,NA,NA,NA,NA,NA,NA,NA,NA,NA,NA,NA,NA,NA,NA,NA,NA,NA,25.117,102.556,NA,NA,NA,NA,NA,NA,NA,NA,NA,NA,NA,NA,NA,NA,NA,NA,NA,NA,NA,NA,NA,NA,NA,NA,NA,NA
"CAT.1.1_2021",NA,NA,NA,NA,NA,NA,NA,NA,NA,NA,NA,NA,NA,NA,NA,NA,NA,NA,NA,NA,NA,NA,NA,NA,NA,NA,NA,NA,NA,NA,NA,NA,NA,NA,NA,NA,NA,NA,NA,NA,NA,NA,NA,NA,NA,NA,NA,NA,NA,NA,NA,NA,NA,NA,NA,NA,NA,NA,NA,NA,NA,NA,NA,NA,NA,NA,NA,NA,NA,NA,NA,NA,NA,NA,NA,NA,NA,NA,21.3178,178.971,NA,NA,NA,NA,NA,NA,NA,NA,NA,NA,NA,NA,NA,NA,NA,NA,NA,NA,NA,NA,NA,NA,NA,NA,NA,NA,NA,NA,NA,NA,NA,NA,NA,NA,NA,NA,NA,NA,NA,NA,NA,NA,NA,NA,NA,NA,NA,NA,NA,NA,NA,NA,NA,NA,NA,NA,NA,NA,NA,NA,NA,NA,NA,NA,NA,NA,NA,NA
"IDW.1.6_2021",NA,NA,3.0208,10147.929,4.2379,309.634,NA,NA,NA,NA,NA,NA,NA,NA,11.6315,1458.132,NA,NA,12.1833,216.811,NA,NA,13.2459,322.047,13.7129,200.535,NA,NA,NA,NA,14.6929,111.204,NA,NA,15.3643,1521.287,15.7488,485.436,NA,NA,16.7167,100.765,NA,NA,NA,NA,17.4498,9801.085,NA,NA,17.9453,336.455,18.1584,1174.936,18.4538,1215.067,NA,NA,NA,NA,NA,NA,19.4541,672.019,19.8724,84.331,NA,NA,NA,NA,20.4166,598.028,20.6135,1563.571,20.8544,87.499,21.2506,408.702,21.3645,1091.207,NA,NA,21.5834,321.731,NA,NA,NA,NA,21.9881,207.254,NA,NA,NA,NA,NA,NA,23.1635,174.841,23.2739,103.633,23.4588,98.063,NA,NA,NA,NA,23.736,170.402,NA,NA,NA,NA,NA,NA,NA,NA,NA,NA,NA,NA,25.1173,72.979,NA,NA,NA,NA,NA,NA,NA,NA,NA,NA,NA,NA,NA,NA,NA,NA,NA,NA,NA,NA,NA,NA,NA,NA,NA,NA
"ORT.1.6_2021",NA,NA,3.1675,60.461,3.8453,206.688,NA,NA,NA,NA,7.2691,197.231,NA,NA,11.6212,1170.247,NA,NA,NA,NA,12.6577,265.433,13.2457,407.039,13.7068,170.784,NA,NA,NA,NA,NA,NA,NA,NA,15.349,1440.37,15.7983,1212.011,16.5371,3046.4,16.7102,143.087,NA,NA,NA,NA,17.4357,8940.324,17.8802,324.907,18.0163,1715.53,18.1719,971.448,18.4618,1155.2,NA,NA,NA,NA,18.9892,287.212,19.4881,131.837,NA,NA,NA,NA,NA,NA,20.4244,240.195,20.6779,4148.552,20.81,106.035,21.1292,783.999,NA,NA,21.431,6348.331,NA,NA,NA,NA,NA,NA,21.9797,1498.854,22.336,149.71,NA,NA,NA,NA,23.1749,172.453,23.2851,84.761,23.4642,163.694,NA,NA,NA,NA,23.7378,85.659,NA,NA,23.8568,146.996,NA,NA,NA,NA,NA,NA,NA,NA,25.1204,101.859,NA,NA,NA,NA,NA,NA,NA,NA,NA,NA,NA,NA,NA,NA,NA,NA,NA,NA,NA,NA,NA,NA,NA,NA,NA,NA
"ORV.1.10_2021",NA,NA,3.0143,3454.726,4.2362,198.716,4.9,495.021,NA,NA,NA,NA,NA,NA,11.6198,1046.776,NA,NA,12.1525,231.326,12.6591,365.615,13.2785,2258.85,NA,NA,14.2503,140.456,NA,NA,14.9205,145.926,NA,NA,15.2807,151.619,15.9177,157.897,16.5427,3627.649,NA,NA,NA,NA,NA,NA,NA,NA,NA,NA,17.9344,513.15,18.1966,322.518,NA,NA,NA,NA,NA,NA,18.9047,89.945,19.5276,165.316,19.8929,148.084,NA,NA,NA,NA,20.3026,137.953,20.5554,2371.966,20.8069,16221.829,21.1797,310.061,21.3113,1252.295,NA,NA,21.57,232.001,NA,NA,NA,NA,21.8867,130.58,NA,NA,22.6542,155.428,22.995,119.162,23.1575,112.124,23.318,76.726,NA,NA,NA,NA,NA,NA,23.7689,701.811,NA,NA,NA,NA,NA,NA,NA,NA,NA,NA,NA,NA,NA,NA,NA,NA,NA,NA,NA,NA,NA,NA,NA,NA,NA,NA,NA,NA,NA,NA,NA,NA,NA,NA,NA,NA,NA,NA,NA,NA
"UTW.1.4_2021",NA,NA,3.0177,894.973,NA,NA,NA,NA,5.0131,298.197,NA,NA,NA,NA,11.6007,100.43,NA,NA,NA,NA,12.652,141.555,13.2592,1236.799,NA,NA,NA,NA,NA,NA,NA,NA,NA,NA,NA,NA,15.9174,189.32,NA,NA,NA,NA,NA,NA,NA,NA,NA,NA,NA,NA,NA,NA,18.1732,86.368,NA,NA,NA,NA,NA,NA,NA,NA,NA,NA,19.8644,343.306,NA,NA,NA,NA,20.4321,428.224,20.6982,6663.758,NA,NA,21.1389,166.415,NA,NA,NA,NA,21.5632,617.169,NA,NA,NA,NA,NA,NA,NA,NA,NA,NA,NA,NA,NA,NA,NA,NA,NA,NA,NA,NA,NA,NA,23.7555,256.207,NA,NA,NA,NA,NA,NA,NA,NA,NA,NA,NA,NA,25.1201,437.619,NA,NA,NA,NA,NA,NA,NA,NA,NA,NA,NA,NA,NA,NA,NA,NA,NA,NA,NA,NA,NA,NA,NA,NA,NA,NA
"WAW.1.2_2021",NA,NA,3.0186,4227.835,4.2405,370.595,NA,NA,5.0533,481.259,NA,NA,NA,NA,11.62,764.632,NA,NA,12.1919,215.325,12.659,117.883,13.2517,576.622,NA,NA,NA,NA,14.4488,5840.044,NA,NA,NA,NA,15.2745,170.993,15.9201,174.23,16.5272,2285.747,16.6565,106.464,NA,NA,NA,NA,NA,NA,NA,NA,17.9444,834.81,18.197,306.896,NA,NA,NA,NA,NA,NA,18.9052,139.194,19.4446,415.284,19.8741,209.966,NA,NA,NA,NA,20.4955,2047.588,20.5779,499.298,20.9235,411.752,21.2458,508.518,NA,NA,NA,NA,21.5695,321.14,NA,NA,NA,NA,21.987,170.317,NA,NA,22.6943,213.051,22.9966,117.809,23.1602,193.411,23.3186,95.808,23.4559,79.793,NA,NA,NA,NA,23.7542,208.39,NA,NA,NA,NA,NA,NA,NA,NA,NA,NA,NA,NA,25.1169,100.679,NA,NA,NA,NA,NA,NA,NA,NA,NA,NA,NA,NA,NA,NA,NA,NA,NA,NA,NA,NA,NA,NA,NA,NA,NA,NA
"IDT.3.9_2021",NA,NA,3.0152,18655.679,3.8393,198.85,NA,NA,NA,NA,NA,NA,NA,NA,11.6458,3346.747,NA,NA,NA,NA,12.6529,296.632,13.2422,441.113,13.7052,170.674,14.2425,146.536,NA,NA,NA,NA,NA,NA,15.4162,1872.735,15.8413,1256.433,16.556,4804.414,16.8086,190.467,NA,NA,NA,NA,NA,NA,17.6656,816.392,18.0093,1230.338,18.1742,886.324,18.5187,3145.84,18.6265,142.354,NA,NA,19.0035,374.046,19.4998,176.213,19.8851,109.295,NA,NA,NA,NA,20.4378,883.988,20.6584,3668.189,20.8288,77.606,21.1733,1124.056,NA,NA,21.4618,9406.436,NA,NA,NA,NA,NA,NA,21.9843,1366.949,22.3438,200.048,22.6975,77.759,23.0028,122.45,23.1787,458.434,23.2877,92.737,23.469,352.511,NA,NA,NA,NA,23.738,170.252,NA,NA,23.8548,88.483,NA,NA,NA,NA,NA,NA,NA,NA,NA,NA,NA,NA,NA,NA,NA,NA,NA,NA,NA,NA,NA,NA,NA,NA,NA,NA,NA,NA,NA,NA,NA,NA,NA,NA,NA,NA
"NVTW.1.10_2021",NA,NA,3.0198,5762.229,4.2385,161.667,NA,NA,NA,NA,NA,NA,NA,NA,11.6161,956.37,NA,NA,12.1863,145.585,NA,NA,13.2436,588.831,13.6984,113.202,NA,NA,NA,NA,NA,NA,NA,NA,15.3311,1737.853,15.7277,290.375,16.5093,1660.523,16.6509,111.531,NA,NA,NA,NA,NA,NA,NA,NA,17.9447,598.351,18.2276,941.923,18.4159,615.695,NA,NA,NA,NA,NA,NA,19.465,655.962,19.8608,114.234,NA,NA,NA,NA,20.4061,190.57,20.6571,4072.33,20.845,122.058,21.248,279.167,21.3795,2505.806,NA,NA,21.5686,171.948,NA,NA,NA,NA,21.9849,235.468,NA,NA,22.7579,108.743,22.9925,70.002,23.1557,78.939,23.2701,79.615,23.4541,56.533,NA,NA,NA,NA,23.7538,176.897,NA,NA,NA,NA,NA,NA,NA,NA,NA,NA,NA,NA,NA,NA,NA,NA,NA,NA,NA,NA,NA,NA,NA,NA,NA,NA,NA,NA,NA,NA,NA,NA,NA,NA,NA,NA,NA,NA,NA,NA
"CAT.2.4_2021",NA,NA,3.0167,2656.284,3.3747,137.566,NA,NA,NA,NA,NA,NA,NA,NA,11.6023,195.209,NA,NA,NA,NA,NA,NA,13.2415,331.306,NA,NA,NA,NA,NA,NA,NA,NA,NA,NA,15.2787,374.706,15.9142,180.96,16.5304,2765.057,NA,NA,NA,NA,NA,NA,NA,NA,NA,NA,17.9091,212.733,18.194,370.499,18.3834,93.178,NA,NA,NA,NA,NA,NA,19.5767,96.446,NA,NA,NA,NA,NA,NA,20.3916,211.041,20.6093,1527.979,20.9367,497.423,NA,NA,21.3337,302.173,21.4679,117.512,21.5561,300.883,NA,NA,NA,NA,NA,NA,NA,NA,NA,NA,NA,NA,NA,NA,23.3296,181.774,NA,NA,NA,NA,NA,NA,23.7604,393.543,NA,NA,NA,NA,NA,NA,NA,NA,NA,NA,NA,NA,NA,NA,NA,NA,NA,NA,NA,NA,NA,NA,NA,NA,NA,NA,NA,NA,NA,NA,NA,NA,NA,NA,NA,NA,NA,NA,NA,NA
"NMT.2.3_2021",NA,NA,3.0145,3689.593,4.2358,188.875,NA,NA,NA,NA,NA,NA,NA,NA,11.6038,193.627,NA,NA,NA,NA,NA,NA,13.2559,975.169,NA,NA,NA,NA,NA,NA,NA,NA,NA,NA,15.282,429.666,15.9169,117.4,16.5311,2650.747,NA,NA,NA,NA,NA,NA,NA,NA,NA,NA,17.912,260.09,18.1822,121.834,18.3902,156.445,NA,NA,NA,NA,NA,NA,NA,NA,NA,NA,NA,NA,NA,NA,20.4226,553.133,20.6593,3627.05,20.9482,652.815,21.1392,70.108,21.3284,144.222,NA,NA,21.5534,154.991,NA,NA,NA,NA,NA,NA,NA,NA,NA,NA,NA,NA,NA,NA,23.3223,110.449,NA,NA,NA,NA,NA,NA,NA,NA,NA,NA,NA,NA,NA,NA,NA,NA,NA,NA,NA,NA,25.1231,538.04,NA,NA,NA,NA,NA,NA,NA,NA,NA,NA,NA,NA,NA,NA,NA,NA,NA,NA,NA,NA,NA,NA,NA,NA,NA,NA
"AZTW.1.5_2021",NA,NA,3.0146,1929.12,4.236,124.62,NA,NA,5.0092,478.214,NA,NA,NA,NA,11.5962,122.186,NA,NA,NA,NA,NA,NA,NA,NA,NA,NA,NA,NA,NA,NA,NA,NA,NA,NA,15.2595,220.57,NA,NA,16.5026,1543.429,NA,NA,NA,NA,NA,NA,NA,NA,NA,NA,17.924,680.681,18.1777,156.292,NA,NA,NA,NA,NA,NA,NA,NA,19.5787,145.016,NA,NA,NA,NA,NA,NA,20.4254,891.543,20.6216,1626.911,20.9311,382.059,NA,NA,21.3227,82.41,NA,NA,21.5448,139.889,NA,NA,NA,NA,21.9683,74.027,NA,NA,22.6413,93.672,NA,NA,NA,NA,23.3147,121.577,NA,NA,NA,NA,NA,NA,NA,NA,NA,NA,NA,NA,NA,NA,NA,NA,NA,NA,NA,NA,25.115,209.574,NA,NA,NA,NA,NA,NA,NA,NA,NA,NA,NA,NA,NA,NA,NA,NA,NA,NA,NA,NA,NA,NA,NA,NA,NA,NA
"UTWV.2.10_2021",NA,NA,3.0154,4760.549,4.2362,361.391,4.8277,827.053,NA,NA,NA,NA,NA,NA,11.612,328.121,NA,NA,12.1661,217.054,12.6782,1464.645,13.3049,4388.7,NA,NA,NA,NA,NA,NA,NA,NA,NA,NA,NA,NA,15.925,248.374,16.5535,3707.206,16.6714,97.408,NA,NA,17.2354,638.986,NA,NA,NA,NA,17.9309,808.113,18.2004,247.634,NA,NA,18.5946,93.599,NA,NA,18.9095,98.976,19.4937,217.065,19.8897,262.657,NA,NA,NA,NA,20.2654,150.364,20.5294,2229.733,20.9391,141.912,21.1956,915.328,21.3104,869.657,NA,NA,21.5719,305.528,NA,NA,NA,NA,22.0218,326.838,NA,NA,NA,NA,23.0446,225.452,23.1607,155.49,23.3193,63.876,23.459,57.421,NA,NA,NA,NA,23.7623,312.531,NA,NA,NA,NA,NA,NA,NA,NA,NA,NA,NA,NA,25.1207,208.465,NA,NA,NA,NA,NA,NA,NA,NA,NA,NA,NA,NA,NA,NA,NA,NA,NA,NA,NA,NA,NA,NA,NA,NA,NA,NA
"ORW.1.1_2021",NA,NA,3.0206,10309.772,3.664,221.019,4.8972,607.244,NA,NA,NA,NA,NA,NA,11.6548,2823.459,NA,NA,12.1426,183.122,12.6619,152.907,13.2521,486.065,13.7184,161.066,NA,NA,14.4487,5731.926,NA,NA,NA,NA,15.34,865.555,15.7475,230.349,NA,NA,16.6803,152.163,NA,NA,NA,NA,17.3836,3770.515,NA,NA,18.0161,2218.671,18.166,945.009,18.4278,399.637,18.6111,88.794,NA,NA,18.9207,177.79,19.4381,457.732,NA,NA,NA,NA,NA,NA,20.4848,1803.284,20.5773,457.542,20.8283,150.681,21.2537,398.834,21.3515,374.072,NA,NA,21.5803,354.699,NA,NA,NA,NA,21.9242,526.153,NA,NA,NA,NA,23.001,84.385,23.1656,190.908,23.3376,131.49,23.4618,101.614,NA,NA,NA,NA,23.7369,88.665,NA,NA,NA,NA,NA,NA,NA,NA,NA,NA,NA,NA,NA,NA,NA,NA,NA,NA,NA,NA,NA,NA,NA,NA,NA,NA,NA,NA,NA,NA,NA,NA,NA,NA,NA,NA,NA,NA,NA,NA
"IDW.2.3_2021",NA,NA,3.0156,16522.994,3.6574,204.346,NA,NA,NA,NA,7.2589,151.191,NA,NA,11.6681,4862.218,NA,NA,NA,NA,12.6525,138.463,13.2453,612.152,13.7089,270.422,NA,NA,NA,NA,14.9333,173.1,NA,NA,15.3531,1471.388,15.7568,839.99,16.5375,3496.648,16.7321,258.49,NA,NA,NA,NA,17.4662,12346.663,17.8754,89.138,18.0225,2352.296,18.1666,944.198,18.4439,731.996,NA,NA,NA,NA,18.9628,138.095,19.4626,410.181,NA,NA,NA,NA,20.056,100.329,20.4252,729.091,20.6357,2225.361,20.8054,124.504,21.2482,366.574,21.3624,966.293,NA,NA,21.5773,129.423,NA,NA,NA,NA,21.9243,695.232,NA,NA,NA,NA,NA,NA,23.1636,246.601,23.2735,75.153,23.4593,131.711,NA,NA,NA,NA,23.7333,87.807,NA,NA,NA,NA,NA,NA,NA,NA,NA,NA,24.979,73.219,NA,NA,NA,NA,NA,NA,NA,NA,NA,NA,NA,NA,NA,NA,NA,NA,NA,NA,NA,NA,NA,NA,NA,NA,NA,NA,NA,NA
"IDW.1.7_2021",NA,NA,3.02,6217.42,4.2375,171.867,NA,NA,NA,NA,NA,NA,NA,NA,11.6111,564.98,NA,NA,12.1466,132.762,NA,NA,13.2384,148.26,13.7,123.269,NA,NA,NA,NA,NA,NA,NA,NA,15.3086,841.65,15.9186,227.016,16.5493,4151.931,16.6511,91.752,NA,NA,NA,NA,NA,NA,NA,NA,17.9368,590.589,18.2104,542.36,18.3997,290.613,NA,NA,NA,NA,NA,NA,19.5849,152.341,NA,NA,NA,NA,NA,NA,20.3978,333.391,20.5955,1257.32,20.8123,145.754,21.2377,195.887,21.3605,1309.017,NA,NA,21.5743,478.351,NA,NA,NA,NA,21.9861,245.43,NA,NA,22.7676,158.843,NA,NA,NA,NA,23.2676,53.582,NA,NA,NA,NA,NA,NA,NA,NA,NA,NA,NA,NA,NA,NA,NA,NA,NA,NA,NA,NA,25.115,78.917,NA,NA,NA,NA,NA,NA,NA,NA,NA,NA,NA,NA,NA,NA,NA,NA,NA,NA,NA,NA,NA,NA,NA,NA,NA,NA
"WAT.2.8_2021",NA,NA,3.0162,2230.523,3.8828,806.021,NA,NA,NA,NA,NA,NA,NA,NA,11.6183,449.316,NA,NA,NA,NA,NA,NA,13.253,187.952,NA,NA,NA,NA,NA,NA,NA,NA,NA,NA,15.2763,138.055,NA,NA,16.5331,2167.523,NA,NA,NA,NA,NA,NA,NA,NA,17.8711,721.512,17.937,410.511,18.201,181.719,18.4161,356.952,NA,NA,NA,NA,18.982,600.023,19.3705,228.935,19.8846,207.937,NA,NA,NA,NA,20.4484,1158.018,20.6357,1161.845,20.951,237.896,21.2605,566.826,21.3639,730.539,NA,NA,21.572,72.908,NA,NA,NA,NA,21.917,219.959,NA,NA,NA,NA,23.0103,74.662,23.1738,225.009,23.3368,138.348,23.4709,149.609,NA,NA,NA,NA,23.7664,238.702,NA,NA,NA,NA,NA,NA,NA,NA,NA,NA,24.9512,109.249,25.1282,171.704,NA,NA,NA,NA,NA,NA,NA,NA,NA,NA,NA,NA,NA,NA,NA,NA,NA,NA,NA,NA,NA,NA,NA,NA,NA,NA
"IDW.3.6_2021",NA,NA,3.0193,3788.424,4.241,131.164,NA,NA,NA,NA,NA,NA,NA,NA,11.6181,572.795,NA,NA,NA,NA,NA,NA,13.2499,264.369,NA,NA,NA,NA,NA,NA,NA,NA,NA,NA,15.3173,1095.703,NA,NA,16.5116,1205.618,NA,NA,NA,NA,NA,NA,NA,NA,NA,NA,17.9689,1447.886,18.201,191.413,18.4178,464.044,NA,NA,NA,NA,NA,NA,19.5927,142.008,NA,NA,NA,NA,NA,NA,20.4019,182.068,20.6034,995.598,20.7961,91.385,21.0489,187.664,21.4037,4172.314,NA,NA,NA,NA,NA,NA,NA,NA,21.9809,124.073,NA,NA,NA,NA,NA,NA,NA,NA,23.3345,174.228,NA,NA,NA,NA,NA,NA,NA,NA,NA,NA,NA,NA,NA,NA,NA,NA,NA,NA,NA,NA,NA,NA,NA,NA,NA,NA,NA,NA,NA,NA,NA,NA,NA,NA,NA,NA,NA,NA,NA,NA,NA,NA,NA,NA,NA,NA,NA,NA
"COVW.2.3_2021",NA,NA,3.0182,1321.569,3.3825,307.897,NA,NA,5.1002,500.823,NA,NA,NA,NA,11.6047,172.397,NA,NA,NA,NA,12.6569,115.888,13.252,652.968,NA,NA,NA,NA,NA,NA,NA,NA,NA,NA,15.3811,2266.636,15.9282,155.645,16.5639,4366.584,NA,NA,NA,NA,NA,NA,NA,NA,17.8886,32882.307,18.0307,120.759,NA,NA,NA,NA,18.5444,3899.306,18.6462,170.304,NA,NA,NA,NA,19.9108,172.083,NA,NA,NA,NA,20.4358,753.792,20.665,3246.678,NA,NA,21.2005,262.225,NA,NA,21.5037,16826.43,NA,NA,NA,NA,21.7026,275.445,NA,NA,NA,NA,NA,NA,NA,NA,NA,NA,NA,NA,NA,NA,NA,NA,NA,NA,NA,NA,NA,NA,NA,NA,NA,NA,NA,NA,NA,NA,NA,NA,25.121,270.631,NA,NA,NA,NA,NA,NA,NA,NA,NA,NA,NA,NA,NA,NA,NA,NA,NA,NA,NA,NA,NA,NA,NA,NA,NA,NA
"UTWV.2.6_2021",NA,NA,3.0108,5089.097,4.2306,327.76,NA,NA,5.019,74.562,NA,NA,NA,NA,11.6057,340.003,NA,NA,NA,NA,12.6544,197.587,13.2522,875.251,NA,NA,NA,NA,NA,NA,NA,NA,NA,NA,15.2865,196.584,15.9278,536.763,16.5558,4672.983,16.6537,102.443,NA,NA,NA,NA,NA,NA,17.834,107.428,17.9449,725.182,18.2117,549.156,18.4047,118.574,18.5971,192.484,NA,NA,18.9102,102.711,19.4415,298.412,19.8736,179.259,NA,NA,NA,NA,20.4893,1393.843,20.5846,830.618,NA,NA,21.1681,220.338,21.3402,233.074,NA,NA,21.5763,612.669,NA,NA,NA,NA,22.0087,221.082,NA,NA,NA,NA,22.9961,124.268,23.1598,136.712,23.3204,110.943,23.4558,59.092,NA,NA,NA,NA,23.7599,246.525,NA,NA,NA,NA,NA,NA,NA,NA,NA,NA,NA,NA,25.1197,273.616,NA,NA,NA,NA,NA,NA,NA,NA,NA,NA,NA,NA,NA,NA,NA,NA,NA,NA,NA,NA,NA,NA,NA,NA,NA,NA
"ORT.2.3_2021",NA,NA,3.0154,9346.135,4.232,186.268,NA,NA,5.0313,2414.553,NA,NA,NA,NA,11.6011,395.129,NA,NA,NA,NA,NA,NA,13.2409,622.021,13.6969,129.883,NA,NA,NA,NA,NA,NA,NA,NA,15.3259,1668.598,15.8456,67.559,16.4961,981.402,16.6715,156.466,NA,NA,NA,NA,17.3787,4637.873,NA,NA,17.9471,680.278,18.2147,641.552,18.4651,1947.346,NA,NA,NA,NA,NA,NA,19.4778,376.733,NA,NA,NA,NA,NA,NA,20.4285,526.465,20.6825,5109.818,NA,NA,21.2653,214.806,21.4012,3688.008,NA,NA,21.5812,116.203,NA,NA,NA,NA,21.9231,204.747,22.3164,84.099,22.7817,354.898,22.9964,70.007,23.1627,168.791,23.2766,93.697,23.4612,173.652,NA,NA,NA,NA,23.7548,172.483,NA,NA,NA,NA,NA,NA,NA,NA,NA,NA,24.9801,78.688,NA,NA,NA,NA,NA,NA,NA,NA,NA,NA,NA,NA,NA,NA,NA,NA,NA,NA,NA,NA,NA,NA,NA,NA,NA,NA,NA,NA
"IDW.3.8_2021",NA,NA,3.0191,6706.571,4.2365,256.822,NA,NA,NA,NA,NA,NA,NA,NA,11.6271,1518.453,NA,NA,NA,NA,NA,NA,NA,NA,13.7124,87.654,NA,NA,NA,NA,NA,NA,NA,NA,15.2922,633.957,15.7254,171.857,16.4919,884.724,16.6711,203.55,NA,NA,17.2308,627.895,NA,NA,NA,NA,17.9812,2005.299,18.2153,490.453,18.4002,218.607,NA,NA,NA,NA,NA,NA,19.585,173.557,NA,NA,NA,NA,NA,NA,20.4243,1179.416,20.5819,465.706,20.8053,151.919,21.2263,310.108,21.337,385.218,NA,NA,NA,NA,NA,NA,NA,NA,21.9794,186.398,NA,NA,NA,NA,NA,NA,NA,NA,23.3332,220.611,NA,NA,NA,NA,NA,NA,NA,NA,NA,NA,NA,NA,NA,NA,NA,NA,NA,NA,NA,NA,NA,NA,NA,NA,NA,NA,NA,NA,NA,NA,NA,NA,NA,NA,NA,NA,NA,NA,NA,NA,NA,NA,NA,NA,NA,NA,NA,NA
"NMT.2.6_2021",NA,NA,3.0102,9527.422,4.2308,571.353,4.8604,204.378,NA,NA,NA,NA,NA,NA,11.6117,837.94,11.9608,102.25,12.1594,168.177,12.6611,696.876,13.2843,3049.809,NA,NA,NA,NA,NA,NA,NA,NA,NA,NA,15.4463,299.342,15.7472,349.685,16.4858,287.448,16.6758,139.472,NA,NA,NA,NA,17.3751,4346.766,NA,NA,17.9319,264.266,18.2028,419.542,18.4186,309.451,NA,NA,NA,NA,18.9075,143.758,19.4844,186.708,NA,NA,NA,NA,NA,NA,20.2633,211.434,20.5337,2777.569,20.7754,12617.542,21.1785,223.775,21.3422,557.966,NA,NA,NA,NA,NA,NA,NA,NA,21.9169,149.087,NA,NA,NA,NA,22.9975,111.69,23.1621,249.838,23.3303,129.9,23.4583,97.263,NA,NA,NA,NA,23.737,118.259,NA,NA,NA,NA,NA,NA,NA,NA,NA,NA,24.9301,68.909,25.1211,433.714,NA,NA,NA,NA,NA,NA,NA,NA,NA,NA,NA,NA,NA,NA,NA,NA,NA,NA,NA,NA,NA,NA,NA,NA,NA,NA
