"Garden Plant ID","C001","C002","C003","C004","C005","C006","C007","C008","C009","C010","C011","C012","C013","C014","C015","C016","C017","C018","C019","C020","C021","C022","C023","C024","C025","C026","C027","C028","C029","C030","C031","C032","C033","C034","C035","C036","C037","C038","C039","C040","C041","C042","C043","C044","C045","C046","C047","C048","C049","C050","C051","C052","C053","C054","C055","C056","C057","C058","C059","C060","C061","C062","C063","C064","C065","C066","C067","C068","C069","C070","C071","C072","C073","C074","C075","C076","C077","C078","C079","C080","C081","C082","C083","C084","C085","C086","C087","C088","C089","C090","C091","C092","C093","C094","C095","C096","C097","C098","C099","C100","C101","C102","C103","C104","C105","C106","C107","C108","C109","C110","C111","C112","C113","C114","C115","C116","C117","C118","C119","C120","C121","C122","C123","C124","C125","C126","C127","C128","C129","C130","C131","C132","C133","C134","C135","C136","C137","C138","C139","C140","C141","C142","C143","C144","C145","C146","C147","C148","C149","C150","C151","C152","C153","C154","C155","C156","C157","C158","C159","C160","C161","C162","C163","C164","C165","C166","C167","C168","C169","C170","C171","C172","C173","C174","C175","C176","C177","C178","C179","C180","C181","C182","C183","C184","C185","C186","C187","C188","C189","C190","C191","C192","C193","C194","C195","C196","C197","C198","C199","C200","C201","C202","C203","C204","C205","C206","C207","C208","C209","C210","C211","C212","C213","C214","C215","C216","C217","C218","C219","C220","C221","C222","C223","C224","C225","C226","C227","C228","C229","C230","C231","C232","C233","C234","C235","C236","C237","C238","C239","C240","C241","C242","C243","C244","C245","C246","C247","C248","C249","C250","C251","C252","C253","C254","C255","C256","C257","C258","C259","C260","C261","C262","C263","C264","C265","C266","C267","C268","C269","C270","C271","C272","C273","C274","C275","C276","C277","C278","C279","C280","C281","C282","C283","C284","C285","C286","C287","C288","C289","C290","C291","C292","C293","C294","C295","C296","C297","C298","C299","C300","C301","C302","C303","C304","C305","C306","C307","C308"
53,NA,NA,61254.828,NA,NA,14244.472,12613.271,NA,23887.501,42861.051,257505.71,116665.884,NA,10852.13,NA,NA,1098966.212,NA,NA,NA,51516.304,NA,21486.835,554395.331,518846.076,12822.474,NA,21173.682,NA,NA,34269.493,NA,295806.471,11426.136,NA,99822.712,42769.025,10005.919,25817.215,151886.929,11457.042,NA,NA,21733.61,NA,11504.184,13401.048,58523.744,85760.47,NA,4465634.843,584733.944,NA,39777.82,141359.489,NA,92614.346,1315179.673,209097.432,NA,263754.596,13208.797,183762.757,NA,642747.2,NA,36509.915,160052.17,79553.562,102023.975,10343.43,437834.511,71621.924,18035.335,19116.913,18569.331,634548.857,NA,69656.908,NA,NA,151916.709,NA,51579.783,157552.499,79352.279,210842.224,NA,615644.221,NA,NA,NA,1704203.687,284215.96,12436.206,NA,101706.62,594025.212,38313.556,NA,41416.734,260504.513,26070.833,107255.447,102412.021,NA,40353.892,NA,21171.453,NA,23885.467,79548.34,132592.441,NA,28999.507,209976.727,10832.19,14212.824,27933.589,NA,61147.725,25896.318,13860.79,158064.284,25555.421,NA,NA,NA,27169.068,NA,18964.262,54590.388,138546.218,409568.618,49111.992,192376.313,NA,406825.306,NA,58031.741,254512.065,16725.807,32152.127,16562.012,227479.171,NA,100036.981,85140.9,10784.384,NA,13664.63,216330.184,104589.982,NA,25592.527,NA,3549825.273,247004.832,71499.579,NA,345822.452,674690.147,NA,217282.29,15020.274,NA,12458.096,19475.656,105976.563,33809.108,245390.352,40217.16,35172.551,NA,11651.928,NA,222441.543,21887.347,22782.755,73156.875,NA,266399.267,52031.917,NA,93911.185,22792.554,64487.243,232086.618,151123.432,109461.328,325628.264,381545.841,742765.328,386948.762,787970.795,11158.445,302307.757,1302920.809,10917245.17,8156071.865,15991587.96,23239.662,32964.691,96706.818,18235.423,11265.626,10009.511,785164.232,19288.133,1351772.957,2652956.777,27793.755,NA,17398.59,NA,91346.233,47527.404,15219.266,58359.691,NA,11817.765,NA,NA,11924.739,20016.918,110201.618,NA,291374.97,15883.259,1486348.003,1990771.463,31762.63,1152819.162,2016786.622,3747999.641,15765.367,42999.183,88278.269,NA,NA,56073.043,132423.899,391663.553,52733.64,13530.731,96371.793,72894.069,36000.412,15265.285,NA,169102.444,NA,57449.736,NA,222357.644,78015.542,NA,79507.165,NA,52618.783,NA,351381.67,1173321.215,164036.16,NA,NA,NA,NA,152234.286,58947.691,29463.056,436955.794,NA,19561.816,NA,13743.602,31405.361,NA,NA,NA,196407.527,NA,NA,28483.006,18315.199,NA,31972.185,11553.363,NA,57828.111,35461.973,61593.511,NA,NA,NA,800228.709,NA,53661.301,NA,677902.769,12115.687,79741.47,NA,NA,281890.138,14595.725,30786.59,118703.079
56,NA,NA,23066.296,245223.27,NA,129016.842,47546.971,10451.264,NA,206401.815,275947.936,NA,NA,73151.145,3630513.071,36361.094,43591.259,NA,1718500.915,NA,119722.046,NA,224546.716,277689.117,289451.524,NA,NA,22466.786,NA,89354.882,1256524.601,133061.743,317730.774,76340.835,NA,64719.879,28220.198,11618.76,105586.404,266162.781,45235.56,NA,359745.489,20033.125,28756.293,NA,27952.393,88175.908,240449.622,72503.296,20102.844,32630.511,NA,24123.238,122865.965,NA,146357.533,197205.248,229673.737,10535.358,30067.298,77241.318,373372.93,NA,57468.159,NA,76935.897,NA,10633.158,13763.402,13893.095,190511.142,207176.47,23478.492,51321.25,402755.061,1369224.53,NA,325398.888,13383.27,184190.917,NA,26057.632,127095.343,NA,306927.83,10570.605,10610.585,1546823.128,NA,NA,NA,NA,54006.688,356110.684,NA,340437.387,12958.622,1575604.612,NA,16492.482,203314.018,11840.16,90020.202,NA,NA,61653.645,NA,14493.814,19593.44,15445.73,36904.754,24411.883,NA,NA,60084.189,11489.361,462431.305,39567.023,NA,234308.133,119831.44,83310.558,19972.009,41423.971,29914.957,10600.783,NA,12466.287,NA,12152.397,25143.733,440726.726,NA,NA,346898.216,330392.941,NA,NA,NA,265201.662,NA,57560.142,20847.235,NA,3567695.851,24230.984,NA,10700.485,NA,NA,53709.535,67027.965,11460.878,249202.579,NA,3557377.301,NA,52165.557,31781.751,101084.523,14934.657,NA,26863.566,33533.779,32736.345,39127.411,12501.544,26304.361,56598.215,11033.393,87884.035,30671.094,13216.452,47417.862,37528.226,19750.921,43955.955,15480.112,NA,10081.178,10053.49,NA,NA,NA,20075.162,NA,68320.613,28080.657,493970.618,990280.969,NA,686316.524,83615.357,74540.381,300745.402,225693.854,2326365.381,25998.959,43410.237,10602.893,31491.733,326153.308,15831.773,24992.535,403093.074,46159.714,NA,93812.072,20192.74,16131.326,55487.9,NA,71180.352,14992.551,29397.266,524231.324,NA,150230.706,21703.648,238206.401,251815.626,137241.549,37394.895,NA,664664.001,359671.321,649321.444,241328.52,312847.251,NA,12132.294,360639.238,512484.412,NA,NA,80224.769,76660.939,NA,NA,100732.268,307085.946,590699.987,357937.871,130262.4,40937.208,359126.821,74742.729,71975.722,25293.468,1343971.758,NA,NA,NA,11773.167,NA,NA,215709.43,NA,175208.28,50844.971,127513.988,NA,290182.861,54118.767,67123.342,23236.273,301725.378,658587.978,82226.544,63911.498,171493.26,NA,74658.877,25631.272,51015.577,138944.29,NA,NA,NA,38396.991,NA,124429.107,36939.083,61842.012,21949.662,19440.023,121273.566,37222.674,838490.637,197636.381,45403.688,25881.409,NA,12151.85,1701998.941,NA,57621.416,NA,1559559.506,15142.366,1549746.939,43775.563,10559.631,387947.086,NA,NA,12557.557
57,NA,60287.292,110583.596,NA,485945.898,10217.211,NA,NA,21156.831,20665.034,502523.869,55143.59,NA,NA,12643.965,12851.947,1392514.409,NA,NA,NA,261131.42,657358.032,272493.833,362549.417,436782.082,23116.817,13616.817,586738.591,457495.922,NA,NA,319588.203,710845.668,NA,NA,31874.736,NA,1448946.174,13251.462,181297.601,47773.528,NA,NA,98729.442,NA,265082.289,NA,134882.141,NA,53219.171,NA,NA,NA,168609.26,215425.908,NA,128048.156,25086.129,342654.218,23565.91,10310.082,NA,NA,NA,11507.762,NA,347671.607,508848.869,378281.664,73062.588,29028.71,484167.316,299536.086,NA,54175.083,13309.244,2139308.525,NA,22487.007,NA,NA,NA,NA,85853.008,NA,591704.712,56701.436,NA,2085324.545,NA,15250.832,NA,NA,637833.455,37222.915,NA,808268.823,970780.452,NA,14362.698,100256.088,448195.258,186544.07,701430.27,NA,NA,29571.234,NA,13684.762,164112.091,15700.341,17702.771,20268.258,NA,141272.335,18582.894,152745.132,NA,36805.868,497412.863,19930.802,301187.342,24461.764,206402.283,NA,53683.322,27378.283,NA,1043494.844,NA,NA,17883.482,151841.524,35586.457,11420.389,875963.227,42519.069,48245.131,NA,NA,582475.997,NA,24276.085,110596.611,47743.924,NA,26678.307,10936.976,72010.35,NA,NA,33546.457,294871.78,44591.052,49643.916,NA,2611112.46,NA,228493.289,242562.273,15491.961,56290.405,20776.177,11956.734,51547.937,NA,43752.113,10242.249,33593.144,58530.044,NA,382861.456,16857.676,NA,NA,25225.622,NA,15759.644,101283.105,56403.681,12538.883,NA,21696.494,NA,23432.949,67813.22,NA,140138.062,378211.362,975245.905,298075.702,NA,2302027.689,922397.197,189512.657,315738.023,1135438.747,10403447.35,13067.595,70784.249,325464.376,379193.559,290346.309,20001.699,12191.685,504975.271,74929.751,85715.015,50877.882,15267.572,12987.606,281828.959,NA,316011.995,13398.385,13783.019,297578.903,190092.708,101456.711,NA,10292.828,NA,NA,NA,741074.572,NA,NA,21451.18,227835.586,17140.588,19836.164,19644.388,153911.359,25134.599,NA,NA,275997.189,70116.068,NA,NA,NA,335587.092,727472.822,995300.518,55242.88,173125.422,143397.817,125824.811,NA,97841.997,2408058.573,70908.803,NA,35293.265,196622.906,NA,204947.24,NA,NA,44558.94,67815.7,NA,337018.497,NA,NA,NA,23730.029,519723.992,289555.452,320454.69,98087.896,NA,NA,NA,NA,96417.721,NA,NA,NA,363693.64,NA,NA,499055.169,NA,NA,126173.484,NA,NA,NA,130927.96,94719.077,NA,NA,NA,2299539.457,NA,123871.917,66087.906,2116138.842,NA,NA,NA,96990.015,399157.046,108057.438,934923.748,19290.502,NA
99,NA,10112.454,NA,34924.436,12595.779,16313.375,212127.686,NA,19006.157,11115.691,323421.808,17616.369,11540.413,48778.433,37683.404,NA,748140.905,NA,NA,NA,38268.152,NA,139630.177,524212.883,546903.634,NA,NA,10414.31,NA,NA,141682.033,11838.797,238618.139,18245.45,NA,412177.707,NA,15880.282,10146.67,206973.296,18955.525,NA,NA,263815.818,NA,NA,134694.914,49272.508,341882.218,52957.082,5143872.205,655426.874,NA,74271.028,93418.102,NA,144792.877,1656597.664,279237.93,NA,76833.769,125495.566,126999.924,NA,2735643.975,39166.363,66152.691,146140.884,175525.451,126366.819,10147.576,484420.938,86263.896,51034.587,11224.466,62577.994,1059365.418,18455.392,64935.524,NA,NA,1525447.365,126199.03,11275.684,97436.657,398648,570535.749,NA,1059163.047,NA,NA,96535.929,2093737.652,291225.085,17278.998,27797.483,490703.043,476321.382,336048.534,NA,63340.14,36859.991,64452.453,153223.363,164302.381,NA,67507.801,NA,29857.79,60741.858,NA,62866.804,240788.504,NA,34224.45,194686.014,46603.891,35250.156,103775.889,10831.044,30161.525,65892.005,12858.678,90366.88,22790.295,15041.131,NA,NA,NA,NA,14053.507,201135.866,161580.636,12398.127,59561.312,561463.375,28354.874,656071.061,213104.969,41724.397,587859.305,26046.655,31967.199,122203.387,244932.135,115485.618,107491.871,154390.518,NA,NA,236512.191,165400.262,78585.045,17956.693,45120.075,NA,3882873.337,332112.016,48704.698,191184.052,261288.906,568792.587,20057.659,266154.283,23556.971,NA,32266.031,21783.98,92543.092,136614.528,508338.524,76475.231,36037.499,13465.067,54678.575,140328.303,70759.154,12825.663,40509.437,87260.006,NA,66184.32,62692.746,NA,102221.065,NA,57378.012,127986.384,18976.411,278781.565,329030.364,282385.727,3244821.521,839180.111,401648.036,521589.722,1265813.21,4439779.635,11681521.65,7335694.48,5310873.054,13459.558,127110.998,27169.519,22310.04,620437.535,12566.423,939922.938,12909.012,2525170.093,3724545.745,109433.422,NA,68995.069,20918.186,262912.971,11646.34,76213.7,64006.591,NA,19685.822,37800.933,12602.888,NA,19500.812,771810.755,271866.121,306899.982,231380.565,1502995.592,1539653.568,14602.715,1076063.276,2146752.454,3361359.267,25113.004,33736.446,119711.048,NA,NA,62612.317,148654.942,356451.39,77730.57,36070.583,66576.849,230277.416,104476.004,198114.376,24949.71,445123.268,NA,34608.627,NA,NA,162930.705,NA,55277.513,NA,165822.88,67448.333,299795.379,908323.946,218896.195,NA,NA,267503.435,20975.102,409493.576,94006.422,112648.907,62832.92,NA,119242.354,381874.545,850661.256,90202.576,NA,10790.784,NA,313148.014,NA,10034.624,417972.64,138342.787,66065.229,18946.542,111618.643,10733.031,242018.472,155605.91,67084.632,NA,NA,12201.234,1743661.578,NA,14768.147,NA,1401969.163,254810.005,27270.02,12431.237,23652.22,268899.346,21780.627,NA,25523.159
113,NA,NA,52244.963,16257.148,10408.731,NA,15002.458,NA,NA,30577.767,451053.072,63170.686,19470.494,35777.91,14959.204,NA,1047698.629,NA,NA,NA,NA,NA,122456.616,422570.278,270733.302,NA,NA,11447.937,NA,NA,122583.278,NA,584020.659,16217.402,NA,608379.105,14901.256,NA,10520.89,196816.472,33711.242,NA,NA,33414.416,NA,NA,111677.153,32949.391,327333.255,30257.208,4741012.74,398475.056,NA,42191.892,93487.138,12141.774,34875.085,749823.778,277008.959,NA,149677.045,42811.076,152253.08,NA,1815554.62,35029.729,40701.993,201550.902,87902.054,99696.666,15492.983,440739.826,232664.68,317967.084,11184.469,59192.445,1524515.561,11484.271,16999.398,NA,27082.928,769851.288,43503.257,29610.807,49188.481,501214.129,494302.587,NA,1317323.507,NA,NA,21423.353,2101573.317,288297.17,16056.078,77404.174,391115.775,487231.028,228864.297,NA,11458.394,558969.916,33533.039,220661.606,727872.639,NA,57538.38,NA,18329.786,NA,21770.945,86612.456,35274.562,NA,19786.345,134398.109,NA,16615.122,12258.275,11006.375,46819.685,132191.446,53899.884,288427.477,104395.929,13190.805,17261.714,37605.097,19252.527,NA,17773.367,22926.484,60875.872,20114.249,56600.466,186408.661,18624.791,531546.344,NA,45153.628,317627.111,NA,48293.163,56596.966,211354.379,95244.658,258282.513,59304.982,NA,NA,18001.072,191494.627,41505.423,NA,33750.693,NA,4010025.395,310938.486,155547.518,28156.61,876251.174,555413.036,NA,217873.508,NA,NA,42625.139,10048.743,27584.967,92203.031,399049.532,42757.14,71873.173,11254.869,30487.101,22839.45,322082.42,40881.887,62554.206,175870.506,16724.015,196714.284,20925.032,NA,183080.334,24664.467,32533.348,407181.287,152380.822,314232.904,364591.324,263729.501,3593092.719,486168.655,481118.483,363731.913,1263037.793,950893.725,10878408.51,2175533.861,6801038.521,10962.301,74832.788,226204.912,116685.363,419538.357,NA,866703.722,81313.531,2686705.616,3793964.875,41593.651,NA,38852.771,11703.493,61202.305,10542.433,21886.121,41112.146,10570.688,34217.554,36488.216,NA,NA,13017.28,399086.788,68439.52,292040.171,41049.805,1605398.477,1971656.752,19354.994,1035397.949,2037776.911,3400995.424,34595.239,21254.196,130020.623,NA,NA,37696.492,109305.446,341993.44,124013.918,100898.997,21850.855,172481.38,77950.735,18390.712,25610.854,1429970.674,NA,24416.265,NA,NA,29784.568,NA,183174.324,NA,150505.604,55691.104,230202.664,611168.376,235837.515,11211.517,13306.908,NA,13416.26,757501.673,184079.393,81951.409,279510.547,NA,37815.149,10947.29,14722.518,57116.954,NA,NA,NA,200513.754,NA,NA,261741.475,23929.51,31360.12,34135.066,99328.896,NA,133565.229,146977.18,58802.71,11644.203,NA,10739.8,1349129.624,NA,NA,NA,1214573.257,NA,114341.848,NA,NA,807560.29,44618.184,11841.06,99262.178
131,NA,11289.683,126994.028,27807.371,NA,76433.358,NA,24761.685,NA,11965.94,310457.619,53773.198,13663.473,39359.098,28899.908,644628.557,317901.407,29993.808,NA,NA,61409.268,NA,240523.222,168122.05,143141.467,14610.852,NA,37221.45,NA,NA,24224.217,42165.978,692422.75,31716.768,43522.137,16175.937,38163.781,35392.999,45921.548,298672.055,57164.814,14188.205,500457.334,58331.318,70821.383,NA,24135.403,115503.508,194565.586,59360.579,4012619.022,177668.961,27271.957,NA,30894.247,167211.732,18477.058,1413808.712,88101.879,33857.893,21272.714,17333.284,321496.449,NA,2302650.129,46482.487,32780.75,54845.276,177135.537,157433.852,88268.973,83577.566,98297.081,249371.299,NA,397025.215,650253.883,NA,27627.993,NA,11048.492,113535.178,NA,35026.144,10070.503,134143.218,413164.269,NA,505735.272,NA,NA,30961.77,1445156.098,53010.821,16851.864,NA,419754.187,244185.564,167826.959,34808.944,NA,371322.704,28947.526,70643.894,172498.975,11835.99,17679.774,NA,214926.371,31421.958,NA,NA,35782.713,15841.018,31681.805,77473.395,NA,NA,NA,NA,10582.349,93229.318,91533.912,14892.967,46408.284,28023.476,20799.89,10209.787,10976.32,NA,56274.483,96480.877,552410.113,130576.8,22995.198,16251.098,679152.073,228588.144,10423.337,16389.773,521771.863,46689.801,NA,10327.45,150518.29,35686.019,58010.23,248916.292,NA,NA,41198.041,32683.376,45481.584,NA,980189.173,NA,3984091.774,181490.016,134700.927,101445.693,293507.05,267771.57,NA,475325.258,39690.327,510106.128,154475.641,20757.461,125551.68,42611.327,101274.373,55136.747,52309.977,23126.609,10567.665,12823.508,209146.093,118138.635,18236.518,211822.467,13715.775,129963.584,64505.172,NA,167613.934,NA,NA,172731.546,859011.607,1143044.22,3503381.91,92905.916,1371740.92,581076.386,51711.483,228356.458,206678.12,2805564.117,11122459.57,6810771.651,13337333.54,18695.226,159128.161,61881.649,1531960.851,456225.34,NA,1170867.842,51831.195,350342.695,1090488.067,40705.43,NA,412876.741,35921.823,167213.034,3109175.865,275814.684,26862.471,58216.321,620888.867,576621.616,780619.049,28709.046,333057.758,344837.702,49480.644,1038891.965,73630.997,1385845.022,1231912.753,12495.983,1123030.911,4730481.488,2220509.044,41036.024,22021.927,87445.376,43754.633,NA,73355.79,112086.442,384088.525,210244.153,NA,149859.851,463383.373,35982.842,81940.021,28845.406,1630231.505,NA,12650.908,NA,NA,51658.219,NA,21694.082,NA,31902.623,35509.63,124615.982,955892.301,209248.586,252038.857,275639.87,67947.798,702948.702,732947.399,76378.311,80934.469,85842.176,NA,104235.388,68288.363,23894.444,70573.513,NA,1046292.781,803104.797,55559.34,NA,313977.46,81801.591,28672.343,NA,29551.392,57471.734,NA,120948.297,301178.067,69007.315,44051.525,51839.558,207257.527,2112352.869,NA,72667.049,569846.425,1916255.512,80678.713,12773.661,13969.027,NA,341694.146,NA,16884.434,NA
135,23075.723,NA,106509.106,NA,NA,191393.702,107960.924,90626.614,NA,51804.917,209742.143,NA,NA,13226.182,NA,80455.513,167618.943,NA,NA,NA,53769.658,NA,233627.613,558075.673,541712.271,103229.1,NA,NA,NA,NA,54643.881,46288.185,271455.146,19043.478,208605.886,NA,56565.394,NA,283439.541,210523.452,12188.639,NA,NA,20999.006,262110.012,NA,NA,97086.912,NA,NA,NA,20931.385,NA,12302.188,274395.443,33208.366,122711.028,47379.009,215672.122,NA,19108.737,83553.22,NA,NA,22029.299,NA,133764.518,10258.191,66687.049,75890.221,20194.246,180063.385,391409.859,48118.015,NA,10962.999,823926.705,18688.501,14413.546,NA,29645.582,12521.806,59073.147,40272.858,NA,366838.818,11554.791,237141.141,2081568.052,NA,NA,NA,NA,46719.031,130864.751,26935.734,244720.602,82696.409,NA,15557.851,NA,538484.388,12572.865,119374.052,NA,49682.919,10058.541,NA,NA,116641.216,NA,13048.991,11663.539,NA,38453.948,NA,85820.967,NA,28013.179,NA,49076.68,375259.615,NA,115731.869,11545.941,611890.866,41616.212,NA,NA,NA,69815.512,122505.574,45830.249,18427.785,11684.618,71468.847,16203945.61,NA,31951.564,10519.471,147313.009,520040.078,11423.286,42722.174,257103.926,NA,43267.513,NA,NA,NA,NA,15382.221,47092.155,36706.407,30390.527,NA,1534019.593,NA,144714.482,55118.222,35829.829,10868.014,12142.525,13587.254,34123.072,145926.884,NA,50555.771,27700.145,37422.569,NA,NA,11396.157,11807.909,NA,128751.686,NA,NA,37564.657,78025.383,105122.435,NA,23149.454,35419.339,NA,187584.069,NA,125548.399,NA,150324.051,NA,NA,2372400.467,1243794.509,12065.324,304522.911,593108.693,8598027.838,NA,59009.609,27072.159,NA,186803.572,25166.357,18275.042,596239.294,11161.842,33055.264,43610.907,NA,21214.52,337150.87,NA,344543.461,NA,11664.92,NA,153032.215,17414.413,NA,1400232.773,1589740.344,2815383.346,NA,35277.871,786726.2,455185.409,73282.751,10391.292,339729.208,NA,22014.045,NA,29548.979,11760.359,79762.822,11993.431,29060.827,NA,NA,NA,611192.506,820968.145,469284.593,97729.661,159709.291,379386.834,81972.36,NA,25572.919,2208912.154,NA,NA,NA,60498.43,NA,NA,120173.481,NA,88043.443,14399.965,124656.613,NA,203790.979,395228.458,366370.478,NA,14324.266,570414.45,269389.075,125785.913,72736.965,NA,NA,NA,NA,55594.436,73152.633,NA,NA,10481.375,NA,NA,NA,NA,48057.246,10421.267,NA,14461.521,NA,98746.259,110771.628,21331.744,NA,160976.389,1661919.9,NA,55583.43,31216.406,819801.784,44637.994,NA,NA,27637.485,1128387.424,NA,NA,22215.347
158,21214.898,NA,110528.38,NA,NA,191592.717,69003.448,99042.955,NA,93475.221,608861.989,NA,27199.564,36527.279,NA,66553.41,676767.747,NA,NA,NA,150105.829,NA,232263.109,713524.984,356496.495,101970.72,NA,NA,NA,NA,45990.478,87787.213,1470101.008,13823.8,440796.264,NA,50535.844,NA,268318.572,362724.767,55840.042,10206.763,NA,146863.824,14984.471,NA,NA,126935.275,NA,52631.629,NA,NA,NA,71437.555,306297.44,37983.364,167838.778,50894.745,778413.486,NA,37725.037,91609.431,22866.274,NA,18413.013,NA,224710.787,128229.212,59018.827,40417.182,32630.007,733491.57,458194.912,37444.245,NA,10659.316,2084284.545,17370.767,11656.989,NA,16093.678,18138.27,118806.996,12394.636,NA,301866.112,10028.416,423336.726,2800772.953,NA,NA,NA,NA,440909.506,31114.667,22611.848,149282.824,533364.574,NA,46056.387,NA,946673.963,57910.889,121257.992,NA,48570.906,90943.639,NA,21831.616,241825.689,63029.801,47243.564,25304.334,NA,13625.939,14376.961,385450.919,10820.946,22683.701,NA,15320.956,270857.116,10064.485,212377.888,52840.55,16240.405,69456.108,NA,35311.38,NA,122440.811,170342.809,96656.513,18604.264,11013.034,88462.651,29043260.66,58027.666,54773.72,51764.192,192779.184,65957.838,19977.762,244908.662,12106.505,NA,139958.339,NA,28792.409,NA,NA,43290.649,182881.974,39137.955,115801.273,19075.761,3452313.228,NA,345670.772,1021908.747,29920.041,15204.896,40793.938,36743.473,101708.569,284901.871,16699.977,204136.205,39700.846,156668.774,NA,13932.105,227695.071,78488.5,31586.261,33779.54,10174.869,NA,78309.406,63057.907,233273.328,19994.181,763274.99,49766.229,12869.736,25946.985,NA,253587.476,28310.525,788439.573,28484.072,NA,5393114.849,1174331.255,223188.201,763312.764,12784.947,10941526.33,NA,51525.283,23572.308,10759.907,676763.972,60642.045,610135.135,760854.053,57334.022,104547.121,95030.129,24015.654,20217.204,982695.11,NA,1246060.43,19778.427,61257.897,NA,184229.689,129620.549,NA,3892237.208,2299315.61,6221514.655,11159.259,27187.029,1821111.691,1731036.086,140174.219,340006.116,818687.848,13242.652,19044.806,19286.327,2371342.885,14843.592,88681.179,25514.063,395324.664,NA,NA,NA,919021.524,1297852.817,112534.13,101966.326,158401.434,641280.946,41838.2,NA,49557.866,1965797.964,NA,37714.126,13792.779,152028.692,108026.773,NA,196650,NA,140918.103,159989.517,192643.311,NA,305771.241,438977.757,469267.1,NA,11413.944,1577028.476,294367.037,228669.205,135114.707,NA,NA,NA,NA,60387.701,193859.888,24173.039,NA,87453.991,12056.449,NA,129794.81,NA,77201.876,22384.057,13400.802,14908.98,NA,109666.104,88804.275,NA,NA,233015.365,2680331.728,NA,22081.969,55191.419,2251604.191,37054.945,NA,NA,49774.79,1048517.425,10896.265,12369.105,NA
190,NA,NA,21098.089,NA,NA,30258.747,14694.17,NA,19758.425,21392.124,370153.669,137538.767,NA,NA,NA,NA,998435.476,NA,NA,NA,38353.304,NA,294838.67,425934.965,452659.464,NA,NA,19071.25,NA,NA,21053.563,16394.883,1278441.832,NA,NA,10863.136,11587.889,10727.317,22202.35,378058.378,13324.425,NA,NA,183063.756,NA,NA,44653.905,111737.03,51095.18,89456.54,6525125.271,892197.726,NA,19007.417,113635.247,40492.653,83398.647,2500348.016,404359.569,NA,89777.086,33618.356,203600.108,NA,697533.871,13992.441,160137.939,506275.309,366443.097,245513.005,45627.058,641304.949,468171.847,NA,NA,48088.595,1639559.466,21153.833,22608.406,19321.69,NA,446058.187,16971.048,19837.7,43464.068,392952.898,125433.488,NA,2161497.516,NA,NA,12370.183,2391175.234,307482.455,16035.758,NA,419785.53,452282.379,40107.974,NA,115035.941,328028.562,180215.98,733272.875,269055.394,NA,24557.592,NA,46780.818,30968.947,64277.178,224650.718,251869.17,NA,67935.546,58734.864,87015.528,NA,36788.557,11725.904,64501.132,416364.088,14946.337,173080.261,111390.658,11396.154,136330.374,NA,24021.747,NA,18005.744,18338.268,67578.599,30890.895,31551.429,714202.744,57853.241,950001.09,NA,55054.061,102579.629,38238.559,153897.548,107566.201,286243.464,13283.76,43582.532,569007.921,10402.068,78964.276,12066.162,22000.84,175775.521,27828.584,21186.782,NA,4918702.248,423730.851,130137.7,12189.136,353092.448,705677.16,21426.514,423341.69,23314.284,10532.653,12817.851,28613.831,52538.81,268286.354,1021358.782,62507.862,224380.081,96331.208,13703.28,37191.053,229202.095,13860.804,66233,107881.125,10914.68,233020.229,71646.721,NA,251867.19,14631.486,32768.268,240988.718,969990.321,326523.211,248644.667,446591.619,2772338.858,569529.106,48494.793,355815.641,1148092.972,3787939.047,9705974.369,4649065.818,7834019.964,90071.04,93376.182,73078.069,16322.682,412444.606,90084.041,967405.815,39819.056,4713070.639,5336121.008,253127.712,NA,175691.273,13173.146,64376.492,12817.321,169479.245,105841.395,10237.497,26906.535,NA,NA,NA,210410.386,66820.367,NA,293149.414,164798.878,1468081.393,1888382.789,32225.963,1023188.559,1806391.776,2713744.325,107727.321,11094.973,47358.432,NA,NA,118701.161,495247.727,807060.689,353389.876,43071.4,177140.261,603166.925,51613.507,195403.524,21281.601,1966734.204,32837.757,NA,36387.554,60226.084,NA,90377.517,NA,14803.598,16705.534,215181.74,1937573.343,320775.266,NA,NA,NA,64281.664,1612888.291,218390.735,182932.985,26291.984,NA,15146.152,NA,NA,61114.645,NA,10114.364,NA,77681.814,NA,NA,212254.202,NA,10734.008,33560.938,13141.566,NA,52222.327,331981.315,80134.829,NA,NA,NA,2762301.105,NA,41677.62,NA,2273461.57,NA,80063.906,NA,40108.048,622385.854,48972.999,13999.917,NA,NA
192,39930.99,NA,36717.293,NA,NA,71030.368,22549.978,71479.696,48377.902,166241.05,209240.986,NA,124301.332,17031.029,NA,13272.446,2989166.905,16393.354,NA,19660.099,51411.44,NA,523987.662,101190.676,85200.166,10286643.04,NA,NA,NA,19162.001,13539.186,56406.347,1021867.965,NA,12639.293,NA,11930.973,11848.295,93292.075,193651.788,123818.928,NA,NA,175365.967,68285.5,NA,NA,151862.898,NA,112056.12,10851.347,13784.502,NA,329112.983,313710.385,12109.796,221204.331,NA,460193.449,14684.83,64798.467,164409.835,131372.914,NA,26707.485,NA,321669.749,371564.016,56874.176,24899.044,29650.367,2271854.16,20569.276,64713.803,112623.734,61778.213,1966240.285,13219.028,NA,16844.218,NA,19436.836,216642.706,215616.251,NA,498657.358,119899.323,56263.852,721128.034,314056.514,13011.792,12284.264,NA,1010523.8,NA,22762.291,262967.193,2256424.373,45542.833,44810.779,277746.895,90766.733,95234.4,383570.404,NA,39193.687,15393.781,NA,157453.76,135847.9,NA,NA,15851.161,NA,15049.786,NA,72945.439,12842.922,22809.677,NA,191384.728,12229.728,NA,717563.383,NA,NA,NA,12665.388,14822.339,NA,100939.999,145462.576,294897.408,48363.577,25336.602,1564949.669,3815849.56,11559.988,56508.911,42116.326,367140.892,30651.608,NA,244269.586,13018.945,10071.669,113876.002,11428.024,14788511.95,NA,13912.994,113416.601,118179.952,33160.965,41894.611,41888.553,4539874.976,NA,55713.221,16915.916,43218.726,14175.558,42040.789,17204.661,NA,NA,30785.079,15491.186,376350.548,139715.589,NA,102490.479,12277.371,22865.746,22427.35,30073.887,17171.803,NA,16877.118,95571.207,13080.843,NA,41949.4,NA,NA,18271.523,NA,151452.65,445121.29,984723.08,35294.732,46973.4,7355838.428,1000025.929,202184.667,321797.023,17717.231,10927301.67,10509.457,187692.749,102992.445,16610.203,498230.448,15934.439,22297.644,557623.987,197949.32,27340.363,33276.12,13589.04,48361.717,290367.427,17358.692,285851.081,NA,67001.705,10053.151,128785.038,26413.169,NA,1944363.754,12442.465,2730990.06,1519203.451,415530.268,1331668.763,1024943.767,97938.92,503722.959,607833.609,18122.544,24169.397,18731.627,95335.101,NA,151230.311,74242.305,43362.871,14461.188,NA,NA,293268.759,659871.725,1076430.76,67800.09,95472.844,63922.938,223074.505,12769.68,76840.382,1380017.106,20524.721,158304.084,78499.007,19025.388,NA,35517.475,33420.976,61125.041,716621.568,83897.882,NA,191323.45,393528.157,424901.5,NA,28204.485,934946.101,207736.017,222184.195,114538.593,NA,NA,NA,NA,104893.736,469312.189,17697.715,NA,699664.231,NA,NA,974230.068,NA,122388.03,50250.528,17262.281,31186.273,NA,159633.476,149589.939,11759.692,NA,269202.593,2672471.095,10771.116,31182.846,11302.358,2629367.723,18445.361,NA,NA,725347.446,180777.968,364792.186,NA,226927.833,NA
199,NA,NA,45103.717,NA,NA,19920.586,168767.616,62591.931,NA,82067.656,133052.356,NA,168347.28,NA,10166.58,39213.464,56378.875,12147.734,NA,22589.549,135364.142,NA,199498.222,231362.785,225887.594,7154774.268,NA,NA,NA,NA,76978.667,85560.936,487771.188,16003.325,13520.994,NA,43257.369,12700.126,301088.321,224262.58,44438.007,NA,NA,166932.478,13535.199,NA,NA,150020.554,NA,51903.494,NA,27314.529,NA,87808.1,193104.608,29558.9,103022.814,NA,115204.339,16205.513,NA,186849.745,NA,NA,NA,NA,155127.099,66637.527,270641.749,231277.611,NA,325892.332,58272.806,20065.025,99742.364,13364.201,1210107.228,12045.024,NA,NA,NA,NA,96057.422,NA,NA,190582.75,11953.653,51103.588,1320036.906,64642.649,NA,NA,NA,70108.535,NA,13249.667,138424.442,144462.36,NA,21218.981,160283.165,28839.643,141223.017,111196.313,NA,50446.753,51173.321,NA,15609.878,89361.144,NA,NA,21949.839,NA,16567.904,NA,46836.499,12128.784,34140.765,NA,38660.73,85305.73,NA,NA,NA,18221.774,NA,17086.926,10116.343,NA,46065.57,72261.529,314406.395,NA,24942.989,517206.015,4157638.265,15150.622,94944.158,NA,118551.771,74739.699,NA,100534.821,74704.009,NA,73714.75,NA,7545252.114,NA,NA,29080.271,63695.983,30574.568,48691.276,37494.173,2272077.014,NA,31874.125,NA,12618.596,14487.998,20811.875,14670.464,77371.633,NA,12146.969,20965.306,60634.814,24081.217,NA,52486.278,NA,25094.031,NA,61858.175,15385.809,NA,24472.673,98957.117,48382.73,NA,10353.091,NA,NA,NA,NA,133274.532,37582.946,70273.842,NA,NA,273928.47,882078.826,47643.751,75522.522,10283.57,7548841.141,NA,20948.388,13707.449,17888.219,298753.715,NA,14648.904,208535.747,19256.495,14454.833,116858.628,NA,32731.794,135029.865,NA,163836.029,NA,26417.501,NA,286272.366,14778.742,NA,1082524.914,1288446.814,1994540.236,47577.175,38399.733,717356.842,362198.136,57152.047,121857.97,279542.413,NA,24449.846,NA,14641.052,NA,142171.268,227455.315,34194.851,NA,NA,246754.557,288324.345,603175.282,80642.846,117594.395,83584.294,116847.079,148814.843,216295.924,22312.487,1046172.705,NA,NA,123441.111,NA,25274.483,NA,14986.62,NA,93472.347,442681.164,235847.823,NA,104731.136,373331.839,418201.446,NA,59520.084,433400.649,61220.179,33930.139,125399.303,NA,NA,NA,NA,102644.831,228760.534,13290.042,NA,221205.482,NA,NA,152965.565,NA,37863.444,29089.899,12378.044,NA,NA,215120.242,113516.622,16556.509,NA,178088.131,1924130.946,NA,35297.968,29628.471,1745906.582,79756.334,17429.939,NA,16705.49,68067.031,NA,NA,NA
211,NA,NA,68211.662,547700.581,NA,69453.113,381444.501,NA,283733.356,106558.577,389873.432,10107.022,43312.478,83030.91,3552140.948,27371.468,763191.977,NA,1667512.171,NA,70233.202,18494.056,609589.919,308832.818,176958.815,24507.32,NA,NA,NA,67042.865,2546901.542,18208.928,735834.977,49575.647,NA,119424.856,12075.421,10325.008,146599.159,246814.941,26950.617,NA,NA,154788.829,NA,NA,230605.613,77536.166,80310.06,76504.279,802312.642,14142.348,29078.7,212246.428,170110.098,11383.737,104754.487,181996.169,296107.133,NA,11421.45,135804.768,NA,NA,430741.612,NA,164412.068,645853.215,257020.166,177421.762,13477.644,570102.34,209893.166,119436.945,NA,147733.059,1531575.66,20156.347,747565.521,NA,240242.06,373930.132,99065.186,24700.149,30876.701,351974.879,58023.818,10848.623,1013774.568,NA,NA,12208.966,258061.537,546383.661,455331.986,37182.389,685584.248,884331.431,4466478.985,NA,54827.327,202066.95,83172.2,538091.203,11948.437,NA,28405.79,NA,40201.862,12099.293,12874.359,234143.877,60275.728,NA,136680.645,509120.091,NA,68513.535,16402.541,NA,69434.17,131448.233,23623.857,137362.674,97154.852,37271.868,24623.373,NA,17628.996,NA,NA,21462.32,190085.397,239766.613,NA,657776.932,54320.141,79404.84,NA,NA,110135.011,10415.133,112011.99,113881.606,20908.467,5276920.064,246860.322,NA,30596.072,NA,39761.948,NA,105898.55,14098.88,46842.739,NA,4388673.494,23031.872,95331.428,53436.192,65761.461,27905.748,14339.795,11524.079,68252.942,47705.517,27521.708,17864.028,95245.32,120243.424,58328.818,78683.007,84656.306,45751.569,96998.915,196856.763,58242.583,NA,28574.798,58033.102,11589.182,NA,22390.035,NA,27804.741,NA,11832.734,197076.514,3669665.578,464051.822,NA,24028.025,3055187.745,270235.456,144880.345,876872.204,58133.766,421981.408,1058070.712,7554013.569,5500518.713,12458.268,429283.343,79796.294,NA,1005198.838,15009.885,180205.355,61876.792,249743.96,889570.576,386652.92,NA,411011.953,10195.015,25064.9,NA,219921.268,15033.305,NA,47791.348,NA,NA,55019.494,167033.283,876945.331,447542.027,93975.854,147731.518,467609.122,198029.018,38704.509,133710.731,396456.877,471532.214,NA,26190.311,243142.065,NA,NA,221302.151,18267.564,183998.419,264153.6,NA,184419.514,888590.006,26836.046,246441.163,28316.405,1806285.682,NA,NA,NA,2323772.028,NA,NA,49196.642,NA,216057.297,122848.014,218140.052,139323.477,262505.621,18020.992,15703.909,NA,61164.868,1147719.511,98418.053,116882.156,396572.469,NA,87575.9,309224.838,446863.245,35919.814,NA,NA,NA,637182.96,16552.444,NA,778150.738,30325.853,30673.951,19057.07,70475.148,12275.883,854182.54,130848.111,76844.764,19683.137,NA,16235.094,1985384.363,8865556.067,44064.819,NA,2115527.355,460301.319,13784.166,19062.918,50780.979,138753.303,82567.858,NA,13752.157
233,36857.656,NA,27384.004,NA,80012.576,14926.844,NA,NA,NA,69845.113,437525.16,12245.284,NA,NA,15486.942,NA,1153815.499,NA,NA,NA,18096.063,606957.927,176023.863,385930.718,288135.961,17127.934,NA,309099.592,736565.331,NA,NA,13081.878,237873.125,NA,NA,NA,NA,388933.86,NA,319059.012,18047.281,NA,997231.521,33026.599,NA,13070.475,NA,229408.368,307307.435,24913.197,NA,NA,NA,89005.213,111829.824,NA,30943.624,378964.374,173657.458,18653.147,98765.532,NA,433305.276,NA,11704.221,16637.46,57405.732,93099.672,42797.052,68492.452,28136.947,295383.458,96610.973,NA,NA,473969.583,1575873.565,NA,NA,NA,NA,NA,NA,14392.702,NA,106391.239,10026.31,NA,965991.693,NA,11487.668,NA,NA,267329.664,NA,NA,96460.75,439383.776,NA,NA,25100.213,373202.237,21327.543,97099.454,NA,NA,37085.694,NA,153962.466,74273.818,NA,NA,14575.051,NA,19927.768,NA,57774.368,NA,52469.439,12973.399,52005.074,44499.551,21781.856,190609.604,NA,10149.321,NA,NA,458664.554,NA,NA,13714.199,59515.682,NA,15796.392,216716.127,20797.228,NA,NA,NA,132241.787,NA,NA,12184.685,34340.134,NA,56766.895,NA,39509.357,NA,12977.421,99477.126,34944.869,NA,470101.458,NA,2445385.686,NA,27230.099,205261.573,NA,35863.424,NA,165763.306,24808.286,NA,301403.818,33208.946,14398.121,24413.867,50147.312,169956.568,NA,NA,NA,21988.41,NA,82896.028,871240.94,47086.099,13137.744,87177.247,NA,NA,NA,1463692.403,NA,126222.013,83078.918,1372419.296,2328100.487,NA,1877368.718,614823.558,112236.946,100441.083,12250.765,5330024.919,NA,19276.016,14629.165,31208.066,793219.098,47136.748,30730.043,140025.833,12388.601,NA,47523.854,NA,10911.929,13685.607,NA,21140.49,25118.182,33972.033,1267091.161,80709.332,781318.414,57961.54,NA,76314.462,NA,NA,74860.608,NA,NA,1765594.522,39570.259,16665.265,32084.592,21001.149,998891.134,293807.827,11170.262,16352.991,105221.673,29601.676,NA,NA,26810.686,134895.458,157483.699,67003.718,18648.268,48573.086,133062.877,30324.342,30224.328,157633.414,639296.319,NA,31534.585,NA,NA,134513.494,NA,194340.762,NA,NA,21357.097,62632.261,NA,337912.706,NA,NA,NA,624176.902,123136.229,116067.507,73026.147,200826.288,NA,NA,NA,NA,38254.822,NA,NA,NA,290241.894,NA,421963.688,272227.625,NA,NA,50204.114,NA,NA,NA,43946.365,67488.14,NA,NA,NA,1478197.368,NA,13951.154,NA,1345900.587,NA,NA,NA,NA,366466.652,NA,894775.313,72171.599
252,NA,72610.018,464229.969,NA,NA,24410.184,NA,166851.991,NA,13423.455,271263.943,NA,NA,38942.935,NA,962098.994,25431.935,187163.019,NA,10328.462,106308.698,NA,118913.171,128761.225,105178.203,24502.83,NA,NA,NA,10259.097,NA,33990.28,1112495.998,246341.132,50780.319,40553.278,156733.024,NA,63131.908,77178.905,11259.526,300823.55,NA,11510.153,294723.467,NA,27876.382,24750.109,11110.565,33640.778,34431.33,1503631.544,NA,12574.648,75067.616,1480171.992,87990.772,11012.104,97142.997,NA,501742.873,NA,16761.47,NA,13945.935,316588.253,17504.384,NA,NA,NA,11895.802,75870.205,171554.838,74012.498,NA,13547.259,620086.916,105269.671,41923.65,NA,97148.606,14760.532,NA,12390.739,NA,295487.475,14211.845,54829.311,746619.21,NA,15906.703,NA,NA,124788.927,64179.113,29156.915,376408.354,121258.104,NA,209842.437,11923.726,1016623.452,NA,79256.654,NA,54016.033,26620.249,NA,10140.588,32053.712,66813.455,28227.616,69809.201,72662.733,11116.054,NA,103604.076,15559.136,NA,NA,10271.401,88432.266,NA,86551.116,66523.833,1082358.976,48501.201,10215.432,15019.183,37997.506,374059.846,670642.313,25151.379,85106.333,NA,138046.647,38430.967,NA,205802.383,12287.721,184409.214,49307.252,16522.593,33692.622,10156.891,NA,83560.925,NA,18271.759,NA,28990.257,416026.336,82232.991,13221.633,15701.952,NA,4804241.351,NA,877286.563,80491.162,15482.473,16143.481,NA,15741.786,93896.465,1585212.247,31955.72,NA,NA,37131.203,NA,NA,34289.451,208335.888,20097.534,NA,NA,NA,20593.22,220611.321,25348.629,15031.017,1080819.823,19331.92,11521.423,19582.891,NA,182544.282,26389.048,531852.715,NA,27605.47,2481832.846,403164.55,230726.191,372601.215,1165972.579,4570675.297,NA,78552.653,52995.458,14330.157,493824.118,10042.038,2238573.678,470906.419,40436.794,10033.385,129044.516,NA,NA,NA,92742.698,NA,NA,28464.401,NA,11068.575,21298.75,NA,1787478.681,2077719.794,4122480.648,NA,NA,151716.191,40159.86,15675.827,142002.852,29476.478,NA,59179.565,NA,19344.664,NA,80804.087,41309.058,38569.073,216240.705,NA,41659.59,222791.862,553236.996,131195.401,NA,32552.698,182233.45,50556.397,NA,NA,1012669.779,NA,18995.114,35992.502,NA,23780.498,23289.436,158910.538,128004.791,14956.716,30325.102,267180.735,NA,87157.461,625879.975,631616.578,27930.985,NA,1965918.597,74070.487,83155.143,35149.878,NA,18093.547,208046.883,10641.482,20621.038,84990.856,1403281.715,987037.419,35538.431,67987.181,NA,11084.911,NA,47363.122,220105.939,NA,NA,NA,66398.612,60440.33,23439.11,1866203.154,2244296.146,1563768.04,NA,118226.551,2108435.392,1524659.207,10961.722,NA,41914.188,NA,621599.96,NA,16581.769,NA
262,76134.447,11466.606,19926.848,NA,344850.647,13045.958,NA,NA,14666.947,16104.062,402136.806,31789.948,NA,NA,131464.388,NA,218972.287,NA,NA,NA,146569.673,691902.77,322303.456,17775.227,54234.569,NA,18043.336,620386.712,602017.836,NA,NA,146347.688,503473.515,NA,NA,22399.201,NA,1125642.182,NA,111358.408,27080.057,NA,NA,33283.705,NA,239613.215,NA,137042.815,NA,32186.295,NA,NA,NA,124411.753,114486.984,NA,86391.949,NA,247614.046,491021.981,23905.63,NA,NA,NA,25739.286,NA,233205.21,320079.807,318477.215,118350.772,12266.549,246758.055,103794.892,NA,52439.444,14604.71,1196629.063,NA,NA,NA,NA,NA,NA,12363.731,NA,73969.131,16551.684,NA,673660.852,NA,14048.227,11363.933,NA,63580.926,NA,NA,72404.832,325504.923,11100.895,NA,229919.149,44121.247,84212.429,283625.822,NA,NA,39040.284,NA,37254.924,221523.54,NA,18900.372,15479.517,NA,33764.284,NA,194745.108,NA,19757.644,88931.474,26556.412,80045.375,10416.002,41910.685,NA,NA,NA,NA,258227.853,NA,NA,NA,49168.949,NA,NA,335007.792,13045.604,33987.021,NA,NA,263980.111,NA,10186.885,54595.81,14267.306,NA,51425.274,NA,NA,NA,NA,19098.686,27739.275,NA,29052.472,30716.976,1251373.958,NA,141373.225,549898.25,NA,25771.483,NA,53421.9,39246.737,NA,58819.456,23543.365,30666.659,75033.296,NA,13610.582,NA,NA,NA,33642.617,13866.241,NA,297060.114,46361.672,28233.325,16192.247,11174.618,NA,20325.615,3384941.663,NA,91841.625,114878.647,1642412.986,158070.214,NA,323533.391,1264738.094,68804.924,425572.311,209844.439,9727522.969,NA,39639.819,25484.337,88628.34,785738.215,1074793.331,26242.328,670571.726,33483.498,24090.723,17949.42,13531.132,NA,472499.369,NA,400387.536,101259.81,11271.853,104784.754,15774.335,58717.582,NA,NA,NA,NA,NA,1105060.428,NA,NA,34214.271,130873.402,NA,NA,14884.473,11420.173,10022.8,NA,146027.383,211290.715,33002.371,NA,NA,30299.854,237880.143,332386.97,352124.459,41493.792,23413.682,216730.499,105574.537,20104.972,57315.4,1020893.975,NA,40950.412,NA,15273.788,129306.818,NA,21053.168,NA,NA,32058.47,42501.165,NA,224908.471,NA,NA,NA,19480.779,429444.682,123525.198,185896.554,131412.949,NA,NA,NA,NA,41930.72,NA,NA,NA,361160.455,NA,NA,447561.982,NA,13367.918,33015.43,NA,NA,NA,75093.3,97060.228,NA,NA,NA,2070969.777,NA,28894.373,10044.886,1890502.923,NA,NA,NA,NA,66511.564,15980.827,902467.805,NA
268,NA,NA,47991.091,NA,NA,156021.88,59369.19,76427.852,NA,193813.729,558588.084,NA,NA,41819.435,11370.023,131715.379,64890.586,NA,NA,10766.331,112936.478,NA,210714.106,642723.89,584158.248,43605.055,NA,NA,NA,NA,24559.467,54467.279,615786.741,NA,694501.944,NA,23236.247,NA,138553.633,249627.175,39164.697,14597.633,NA,14494.465,33382.956,NA,NA,88289.754,NA,42856.592,12925.931,NA,NA,12434.281,325480.952,NA,166774.663,NA,205168.586,15018.567,13310.719,112398.915,NA,NA,29234.815,NA,119112.724,NA,45608.718,26057.142,NA,123590.429,138844.291,41331.609,40712.097,NA,1798185.224,58491.969,NA,NA,41983.708,17043.833,76427.325,31300.031,NA,231861.057,11233.213,531802.813,2275959.638,NA,NA,NA,NA,175792.604,79346.359,15899.57,151757.263,16402.958,21302.631,10540.878,NA,406674.859,NA,59533.61,NA,16730.187,126876.658,NA,NA,71871.318,146717.746,20256.668,19577.65,NA,48799.529,NA,204517.931,17356.277,183820.166,NA,11914.867,213632.765,NA,66387.648,11048.544,17873.487,274599.387,NA,19526.23,NA,144997.643,247143.135,447968.81,34822.822,11338.799,64748.924,25926600.65,11502.225,NA,45421.405,525218.802,892507.191,25260.139,50854.94,410886.255,NA,136047.925,NA,NA,NA,NA,44737.014,32044.016,15400.94,28905.821,NA,3661789.297,NA,66678.87,62756.12,NA,38440.106,13944.836,10124.653,145259.282,169439.092,15716.734,56902.791,15643.071,125678.394,NA,11512.666,58457.895,11609.572,24039.208,18284.287,NA,11759.821,105585.714,58467.092,344436.219,NA,40528.811,117101.465,NA,103658.643,NA,21827.588,65642.092,99541.735,10279.067,20029.174,1180656.395,855988.016,85000.23,306936.827,19932.716,6532823.572,NA,46773.668,35539.662,73144.151,335966.8,15138.548,29267.966,862663.33,105195.802,102805.845,137807.023,35515.168,12039.378,321652.675,NA,351413.028,NA,16214.467,NA,104437.947,10736.937,NA,1149389.84,570258.522,2063650.004,563054.343,51627.162,1613114.545,1556844.573,141702.162,256867.935,666946.464,NA,NA,NA,10125.969,NA,69435.625,12531.157,62070.498,NA,NA,NA,430014.202,733753.401,438405.785,33895.04,87123.77,77905.195,54923.11,NA,55469.046,966951.919,NA,24960.601,14228.882,79387.227,40124.613,NA,20448.28,NA,329446.273,19592.891,39468.434,NA,219381.214,432094.956,459323.565,11363.196,17260.681,579048.928,126875.931,91334.937,60551.633,NA,NA,32201.656,12005.875,61840.819,151353.164,NA,NA,20647.921,NA,NA,41429.138,NA,119221.915,12787.204,22426.171,24788.104,NA,83794.463,100849.083,17555.981,NA,176587.295,1560634.581,NA,88863.332,46383.684,1439190.206,21325.73,NA,NA,41584.389,508511.78,NA,25250.297,NA
269,15227.427,NA,29992.406,NA,NA,21164.621,16259.494,55609.915,28707.762,151110.598,221726.686,NA,66629.796,26957.918,NA,NA,1270625.134,22205.437,NA,NA,53965.712,NA,266184.861,50670.53,69886.961,8082831.455,NA,NA,NA,19402.444,20145.56,60963.743,729606.945,NA,21941.946,NA,NA,26533.684,101390.406,192374.595,12755.751,NA,NA,484053.482,39902.743,13266.617,NA,155042.899,NA,83115.304,NA,NA,NA,161940.321,265752.509,NA,144127.041,NA,597109.033,NA,22440.836,247085.453,50176.474,NA,12408.431,NA,192618.964,289955.562,330429.103,117531.796,21595.317,788613.195,12709.125,15797.765,104437.763,36545.892,983357.666,NA,NA,NA,NA,NA,111037.577,143306.18,NA,153282.78,56085.678,29409.924,906623.322,114328.33,10458.998,10301.707,NA,768649.715,NA,82802.418,170060.155,1700414.94,11284.842,34769.509,147357.016,32063.147,232091.409,224975.624,NA,56517.86,15768.516,NA,89960.743,53381.717,NA,NA,19951.847,NA,133194.454,NA,162159.558,14559.457,10183.886,NA,154837.062,13402.159,NA,384560.717,NA,NA,NA,15758.66,12394.256,NA,13121.468,57522.69,368046.749,26786.072,33629.42,859061.556,2807793.032,33552.829,108227.393,14570.687,148151.013,27901.77,NA,117475.653,39199.367,12194.864,48808.937,NA,12527657.2,NA,NA,34395.994,63608.296,13501.926,111346.142,40468.467,3901288.133,NA,17047.831,NA,NA,61727.279,83572.12,32248.346,65584.556,NA,14000.313,99344.203,164873.747,28302.866,NA,11997.13,37616.553,10745.75,18173.549,355011.77,19864.172,NA,28807.907,35930.569,NA,NA,NA,NA,NA,15233.193,NA,88676.053,243511.469,849097.011,11354.809,NA,7171903.452,715966.317,18991.622,103756.093,86279.465,8246265.175,NA,133214.005,75000.584,32000.606,572504.93,12743.359,27689.905,148832.27,134202.389,54997.885,44046.128,NA,11615.064,231241.843,NA,291094.378,13346.236,38671.532,NA,197147.129,13820.276,NA,1603681.968,1771916.126,3726248.642,53366.38,350301.005,1653891.073,1542934.622,171444.706,282292.157,728773.132,NA,20032.212,13705.38,10151.348,NA,87991.787,234347.905,71786.517,NA,NA,10172.835,675487.621,1024244.771,152884.347,30174.059,83769.713,68433.144,103720.158,25448.492,87955.532,1635502.928,NA,23532.478,139654.524,64794.924,93345.259,NA,29120.321,20467.276,87784.45,473184.26,38316.069,NA,123506.542,321399.044,300917.868,NA,12458.308,437438.526,138962.662,182209.472,41644.778,NA,NA,NA,NA,95156.285,325878.905,11576.998,NA,424085.487,NA,NA,583890.833,NA,57685.14,12065.096,NA,11349.319,NA,77311.584,105654.239,15125.999,NA,151035.626,1481096.199,NA,39920.728,16289.696,1558402.303,15763.003,NA,NA,201420.245,125581.031,184746.521,NA,82444.872
272,108367.357,633091.593,216151.022,10060.969,12462.645,32069.232,36840.121,225845.971,NA,40381.248,351223.059,NA,NA,175901.236,34108.862,2214256.431,47539.355,292516.373,NA,230163.906,57660.065,NA,239366.258,164639.766,143032.111,131554.3,NA,NA,NA,NA,49514.663,14511.498,1124829.684,1918441.304,311799.054,145174.283,22844.107,NA,94553.94,158534.488,16688.833,344297.408,NA,14676.529,19600.325,NA,NA,11622.66,10274.183,64381.33,118639.604,5470977.409,29549.716,14993.176,15536.092,2886487.278,93999.533,22174.106,127319.808,NA,248122.397,23777.934,21599.992,NA,NA,20386.741,68769.606,NA,32303.72,12859.683,39205.247,107518.911,291452.551,111967.573,10159.193,13021.537,1010342.082,NA,91245.758,11872.365,104594.008,NA,21217.676,44993.672,NA,551679.324,10973.803,29162.565,1277670.005,NA,NA,NA,NA,138824.245,254241.322,82074.398,793543.13,15318.729,NA,460893.517,13597.527,353356.094,11656.113,151752.591,NA,198241.414,25468.496,108766.825,NA,35633.526,233741.167,70793.668,274011.041,10218.856,119409.575,NA,NA,11811.784,60916.773,NA,28787.439,277952.606,NA,67405.139,721495.541,15268.041,370198.828,NA,10513.556,135807.087,342692.893,508885.489,46036.281,72584.943,NA,383742.315,33299.274,NA,388647.325,19731.548,321348.509,882489.073,41746.845,107666.159,11826.321,15270.373,119780.931,NA,52723.165,17108.274,145428.219,274038.824,142495.075,19082.661,11015.017,NA,6629857.384,NA,250925.158,31014.881,17500.624,16214.681,NA,17360.996,144445.011,2644982.416,10635.022,56814.048,NA,66444.779,NA,NA,19045.496,90348.915,10450.306,15160.663,NA,14748.954,11331.275,802635.278,63566.715,59658.544,2547002.613,296161.352,38581.524,18637.361,NA,326121.865,1220208.071,436846.934,NA,12474.593,1318988.19,380676.557,222449.95,786919.059,321328.509,3523215.327,30695.546,79180.924,12354.892,10331.604,139833.74,14669.079,5519273.24,1127056.661,51607.149,18682.193,119913.91,NA,NA,302767.281,640745.01,286391.093,NA,11136.66,NA,212265.1,39924.413,NA,3098781.537,11929.281,8093289.241,3012191.793,118623.713,261047.579,75617.547,32019.835,272867.359,110533.486,36901.343,45781.541,10118.762,18891.938,NA,78055.515,227936.32,46222.376,360855.071,NA,15352.108,65320.502,291700.658,364877.946,21962.447,126844.295,636689.781,133321.969,22659.863,NA,1511899.223,29192.384,NA,17426.091,82678.148,NA,98345,NA,24350.284,21747.21,275282.943,NA,133331.268,867803.777,1010063.337,27468.401,NA,2120329.198,157411.949,147397.126,198639.828,NA,NA,48548.749,131903.239,85665.977,NA,1481075.252,1376217.465,54788.872,391126.413,NA,56957.045,11706.224,30199.46,100536.493,NA,10825.014,15546.651,291200.198,42884.949,13284.444,5569208.639,4658491.178,2747910.45,NA,50601.533,3041794.607,2708744.971,55346.355,11078.222,83026.633,NA,459327.147,10400.528,12916.219,63336.331,NA
300,NA,NA,18920.789,588704.222,11621.288,NA,450996.457,NA,NA,36664.822,381795.273,NA,NA,65266.451,5725154.015,25607.924,700884.559,NA,2416375.706,NA,19363.184,NA,285745.812,144021.348,136603.403,NA,NA,10383.469,NA,138755.092,1601807.277,NA,901584.105,48659.234,NA,65555.626,NA,20904.599,23579.576,362246.989,45232.164,NA,733679.739,58084.893,15554.511,NA,666631.752,168026.336,493333.386,38689.275,1807414.532,115361.264,NA,10553.299,47079.828,12770.169,39590.097,725597.501,114030.557,30108.042,108626.357,136188.584,361884.053,NA,207361.381,14438.009,76867.434,303374.769,99733.467,202599.681,62266.942,108840.118,213777.878,32596.547,17988.305,432630.617,1146890.234,NA,478669.816,16478.557,127265.951,37902.31,29453.628,13278.501,NA,242499.728,20170.423,NA,827678.217,NA,11668.124,10138.586,508012.889,489761.92,472570.849,30378.387,187101.866,796457.85,4409561.272,NA,18782.611,370905.734,36167.792,415774.414,41502.484,NA,44736.296,NA,65947.906,55221.178,NA,134640.062,11784.692,NA,24554.91,1071877.583,31508.389,57098.952,88058.169,NA,11379.583,170753.404,79741.33,162954.252,70785.885,14346.532,21883.599,NA,10945.703,NA,12424.096,42255.347,84212.206,87243.092,NA,191737.057,27162.454,102048.671,NA,NA,135556.593,12887.92,92717.914,34651.741,12673.626,4571629.868,141727.452,NA,26683.234,13098.353,12987.878,78652.224,178864.063,11529.654,1240214.789,NA,4842463.875,36712.205,47530.859,NA,30673.858,54693.388,13304.67,74492.961,53970.714,15435.349,292241.388,NA,355681.042,77667.766,74219.04,147632.555,54522.253,15299.978,53467.043,29543.09,26333.759,11027.284,14904.046,41946.483,14219.394,18409.048,35177.414,NA,51632.438,10551.223,98578.972,309276.458,52112.973,976451.425,2164521.027,23030.791,3009059.168,648108.63,221845.003,584406.022,25253.608,3633677.397,3266593.761,9731473.466,8276006.833,110092.11,423674.916,129696.801,36012.149,941856.912,NA,473290.337,169119.357,334139.4,1099019.972,147383.794,NA,157217.875,NA,68305.513,1505078.883,NA,11838.974,76694.125,10815.816,16970.656,NA,17111.744,18696.211,405268.118,123096.457,980079.102,229590.865,593977.882,496228.13,35872.655,1109025.431,1734293.89,803920.436,NA,28095.899,108152.9,NA,NA,154078.821,217588.965,559717.267,484040.09,NA,240942.012,237513.962,103956.138,226689.81,134164.433,1920155.506,NA,NA,NA,30300.216,NA,NA,105228.781,NA,358048.744,38016.318,446891.013,257869.567,307772.263,16931.779,15184.43,NA,474393.561,1244371.353,112241.875,81394.014,158256.732,NA,49146.813,225262.271,NA,34331.019,NA,16649.388,NA,274684.02,NA,307814.369,428273.934,31956.967,30123.19,35861.745,110745.879,20161.256,953540.002,83973.637,51449.703,22572.549,NA,NA,1604470.642,NA,75626.913,NA,1587057.475,401412.134,17985.685,NA,NA,426630.299,11430.644,21885.803,NA
311,13853.593,NA,13773.492,NA,NA,NA,11766.781,47747.134,12911.561,22897.591,145866.889,NA,446146.586,24501.428,21386.432,41339.979,1215796.659,NA,NA,NA,106024.752,NA,123381.361,242494.764,253566.853,67385.074,NA,NA,NA,NA,NA,225323.147,571510.561,NA,503035.798,NA,NA,NA,18648.555,110594.757,NA,14115.644,NA,112300.581,17428.112,NA,NA,113680.25,NA,38459.357,NA,11088.82,NA,84540.458,184771.598,NA,52422.838,NA,147588.951,NA,37475.266,NA,16085.204,NA,50151.428,NA,91483.326,167197.183,192135.589,193755.149,14845.161,596319.543,NA,119339.904,60515.663,NA,636198.634,20727.558,NA,NA,10165.457,14712.329,NA,92081.648,NA,110416.482,20953.923,631914.153,247309.747,NA,11603.136,NA,NA,380290.655,43974.939,28851.617,79869.506,438051.884,16471.268,NA,174747.27,309703.698,106063.947,215648.983,NA,NA,17887.553,NA,20220.011,NA,11756.43,16301.432,14612.19,NA,20697.56,NA,NA,NA,NA,NA,98532.134,NA,NA,129779.125,10896.136,NA,50326.714,NA,12630.742,NA,191064.573,356039.947,223416.781,49015.825,NA,47499.766,20945527.34,NA,NA,69757.385,NA,735820.654,10324.193,28708.789,278558.684,NA,28304.114,NA,13333.161,NA,NA,34698.216,101081.659,17455.267,13729.672,NA,2458228.491,NA,25433.329,149484.57,NA,35496.171,10486.511,41726.107,73933.75,80369.966,10686.087,15629.927,70282.375,40950.42,NA,34679.24,29556.32,10578.05,NA,30178.43,11153.216,11097.58,10640.455,15109.284,187571.559,NA,33093.309,118677.937,NA,15211.473,NA,52416.86,56853.937,14402.314,NA,NA,1247912.594,73758.33,100075.773,185657.544,11123.968,230275.879,NA,31126.647,11802.019,21476.539,256273.82,NA,22350.279,367340.087,38160.239,NA,10226.153,NA,16698.323,89101.14,NA,61355.569,NA,NA,15003.27,274947.751,55332.463,28967.52,135218.954,NA,NA,NA,NA,NA,NA,NA,164540.237,NA,66213.349,NA,19672.208,64202.917,NA,90318.99,12708.005,NA,NA,NA,NA,NA,NA,480597.697,20490.258,170421.974,130222.675,113095.968,NA,59712.355,639607.073,13635.811,NA,NA,19616.654,NA,NA,61817.786,NA,170160.956,858726.111,138466.641,NA,109262.73,362088.238,459949.018,NA,48681.658,389185.839,33287.393,41258.594,192404.696,NA,NA,NA,NA,52540.356,137800.785,NA,NA,213750.922,10362.757,NA,275670.94,NA,45895.765,26939.141,10614.223,NA,NA,68263.111,83042.431,NA,NA,116353.548,1420418.082,NA,78575.277,18666.605,1296008.891,NA,NA,NA,12020.008,94719.195,32897.534,NA,34597.107
322,106400.4,NA,NA,10841.052,NA,23411.202,35794.753,49334.976,16931.841,96843.851,627924.315,NA,56775.38,21951.31,NA,NA,1150367.056,16890.118,NA,NA,18299.095,NA,233132.382,25447.873,48895.673,7817645.303,NA,NA,NA,NA,24336.167,47197.352,672750.876,NA,24562.16,NA,15866.671,11596.181,110626.367,211473.796,13384.256,NA,NA,289123.037,23402.901,NA,NA,132291.016,NA,94253.9,NA,NA,NA,186765.359,170984.065,NA,99810.197,NA,373574.579,NA,16198.364,288070.686,NA,NA,NA,NA,175270.716,308982.923,267104.251,252812.149,18918.283,582774.973,13496.063,10062.482,10393.065,16446.354,1052267.007,NA,NA,NA,NA,NA,146102.109,46269.276,NA,210540.258,67494.141,62024.772,692140.916,160607.538,NA,NA,NA,469888.511,34460.549,10566.672,282256.133,950122.321,NA,22502.951,262911.073,11738.716,118690.513,241486.882,NA,58920.858,10617.827,NA,53343.566,24709.57,NA,NA,13838.098,NA,134582.876,NA,84297.259,NA,NA,NA,159186.821,11931.472,NA,135044.163,NA,NA,22775.057,NA,11817.898,NA,48797.105,62814.44,73606.778,29173.726,35356.404,427024.43,4545613.902,19934.936,84736.087,19091.601,110539.965,66720.754,NA,92106.249,17895.033,NA,80506.13,NA,11501999.24,NA,NA,91037.277,76239.73,10850.978,29889.498,23831.032,4079194.111,NA,42841.095,NA,NA,83112.695,33151.462,21364.872,NA,11177.154,NA,76157.918,128630.195,NA,NA,34968.951,10956.863,16324.463,20212.441,101588.325,36852.707,NA,28966.875,80596.379,15209.279,NA,102388.61,NA,NA,17566.716,NA,148810.551,238625.727,343658.05,NA,NA,2044477.023,518951.072,35050.617,11702.044,12965.911,3782577.332,NA,34631.071,53139.767,63949.677,487883.597,NA,15926.347,NA,310719.799,33984.909,22054.845,11647.002,10436.488,320061.281,11379.815,315191.497,NA,44032.647,NA,375624.942,54918.499,NA,1387470.099,1369603.776,2082828.523,21125.976,195808.293,1235385.994,861509.376,93187.993,231371.789,504172.854,NA,10164.971,17495.427,210250.041,NA,160462.618,130794.618,49670.071,NA,NA,NA,469546.223,809919.386,366448.905,35109.299,140273.91,300309.239,73924.823,NA,86120.631,1117694.595,NA,NA,125378.553,22558.233,40148.632,NA,43863.795,14434.628,107570.474,378647.179,267347.256,NA,157666.792,311267.26,319698.719,NA,50081.701,622193.36,89766.947,129640.233,106581.652,NA,NA,NA,NA,60952.32,264941.684,NA,NA,552216.083,NA,NA,662197.277,NA,20013.147,31114.191,NA,NA,NA,68367.358,103925.147,10951.191,NA,110078.134,1695849.222,NA,64494.721,21458.149,1561134.052,29000.409,NA,NA,32009.143,89696.019,44839.374,NA,30336.823
328,15455.051,NA,42020.344,NA,NA,12976.615,11549.3,102327.907,16960.912,72514.217,694670.365,NA,23179.609,28687.067,NA,14733.508,2071582.514,26083.677,NA,NA,249255.883,NA,431188.145,143674.771,205533.52,10870311.04,NA,NA,NA,NA,49085.329,142750.142,1077263.872,NA,155001.961,NA,11601.337,19168.077,214537.299,284498.149,66576.959,NA,NA,537550.729,14643.008,28503.658,NA,200782.311,NA,181910.66,NA,NA,NA,293950.808,259979.592,13627.917,121376.569,NA,489857.384,NA,47070.14,239387.489,16030.336,NA,23834.88,NA,240637.686,638713.362,626071.683,140690.451,14902.727,1088616.163,41363.216,85745.298,129812.681,33223.596,2495124.471,12216.5,NA,NA,NA,20484.854,227062.28,86208.616,NA,106133.336,41344.433,265574.807,819667.214,212847.45,NA,19077.141,NA,736534.946,122201.768,23722.099,148016.275,1494714.043,NA,12042.537,450500.971,244582.228,113276.101,488382.955,NA,51365.556,49512.073,NA,53314.235,121021.842,19385.054,NA,15480.688,NA,324582.667,NA,209063.893,NA,14386.793,NA,257277.494,25837.19,15284.927,291562.123,16845.633,NA,135981.214,NA,10470.072,NA,72767.469,117671.688,454601.004,11813.584,19100.916,1111383.339,11882119.86,NA,138522.575,32475.669,93770.159,250518.59,NA,246313.471,25349.234,NA,67781.211,NA,14749788.85,38581.122,NA,27700.084,41329.126,36592.44,80355.608,47859.071,6040817.285,NA,76218.121,108003.278,15692.393,15745.108,87472.365,26040.941,47053.777,12303.344,21923.918,18321.637,236368.218,86905.886,NA,75700.254,17963.509,29661.325,23252.603,333449.973,85109.299,NA,33414.128,67814.869,42364.969,NA,NA,12229.53,NA,10777.268,NA,139656.932,120986.217,661235.879,27756.835,NA,4589766.411,644264.45,88492.136,313568.241,11240.537,9071747.651,NA,31815.038,19195.488,16928.861,546206.172,21242.284,19999.032,392008.758,397500.503,62119.175,12757.054,24600.15,20115.002,218786.275,15767.66,241392.218,NA,10595.906,NA,371535.503,13304.299,NA,1934654.75,2154875.039,4083513.718,28018.084,33202.415,1935227.476,1752561.273,169758.886,473876.78,831385.869,NA,33801.342,NA,10970.412,11332.097,217488.2,17386.711,40923.697,NA,NA,62661.306,874508.782,1173165.925,1031623.614,11055.794,94626.565,141430.382,152265.957,57752.679,43602.956,1266665.45,NA,19025.872,201766.593,NA,52436.314,NA,38931.684,15719.63,192337.272,282999.575,86505.687,NA,255861.978,566030.081,573538.428,NA,247291.512,1008534.989,189652.866,260819.572,271646.784,NA,NA,NA,12723.651,204260.2,485218.626,13028.117,NA,892462.828,NA,NA,1173547.657,NA,123538.964,28322.503,16289.517,13345.05,NA,96493.524,142196.819,16038.276,11601.089,244741.907,2499337.578,NA,134599.524,52765.661,2340512.673,26825.215,14009.562,NA,220370.999,167434.896,196370.246,NA,57755.692
333,NA,NA,15353.628,NA,NA,29881.601,33996.659,56314.815,22408.25,76736.606,165953.64,NA,NA,15207.936,NA,84288.729,1032139.933,NA,NA,10527.331,18195.906,NA,156521.34,347975.505,399498.486,93290.675,NA,NA,NA,NA,15471.335,16284.965,897723.891,NA,474149.492,NA,25205.606,NA,98348.682,143349.716,32899.176,12789.326,NA,107052.829,250377.003,NA,NA,143601.763,NA,NA,NA,10813.907,NA,105744.269,198179.173,NA,84731.267,NA,140568.525,16173.61,48000.923,95513.448,NA,NA,NA,NA,100287.784,136803.62,335757.908,277090.075,NA,995869.315,NA,12865.489,23051.918,NA,751701.866,NA,NA,NA,14347.624,NA,32588.024,29067.871,NA,61980.513,11722.119,1102872.51,294076.858,NA,15800.09,12826.916,NA,114570.836,30278.272,NA,134940.499,798365.242,NA,NA,244320.54,15389.773,148863.779,191692.884,NA,14766.49,NA,NA,47741.578,95211.98,19532.179,31066.561,19518.003,NA,55351.134,NA,44357.073,NA,NA,NA,188413.147,11584.039,NA,152246.551,NA,13811.43,61245.473,NA,12450.578,NA,94503.383,182499.384,122662.93,28467.684,25115.977,30818.885,18376925.87,NA,42987.779,24386.974,98152.15,621800.429,27157.818,57285.711,227129.42,NA,19496.66,NA,12454.678,17902.072,NA,102149.565,74440.125,10080.362,39546.682,NA,2978715.914,NA,28520.589,NA,NA,67273.654,16825.747,10850.936,66692.274,99113.054,NA,48045.271,194149.389,58189.044,NA,51501.336,38293.207,37542.139,NA,74249.391,26559.457,16669.15,12129.596,NA,262764.487,NA,17143.187,58334.122,NA,12605.492,NA,45802.91,371553.429,262095.807,NA,NA,1218351.068,410961.209,234570.827,22522.876,793145.495,5645175.703,14559.188,21075.499,16319.311,NA,101894.765,NA,21314.718,52011.151,44711.638,20982.776,10912.639,NA,16148.266,31795.363,NA,39564.766,NA,12170.199,NA,12338.178,20561.22,NA,482518.785,606249.626,523059.543,NA,549111.316,485506.241,201236.346,42782.745,337403.496,186336.237,NA,14106.367,14845.233,NA,NA,98986.766,18036.8,47135.989,NA,NA,67669.122,62960.403,245904.757,166305.889,12749.958,75029.76,238487.257,72812.891,250830.273,12025.352,442352.845,NA,NA,NA,204571.354,NA,NA,33173.558,NA,148801.976,18561.635,421355.689,NA,106848.983,320746.844,361545.128,13226.436,22715.938,718194.603,28064.957,38375.502,79158.844,NA,NA,NA,12857.286,19866.748,144873.074,18064.855,NA,256870.216,13977.631,NA,319418.188,NA,27562.574,10563.968,NA,NA,NA,47966.185,98492.57,NA,NA,135341.175,1394313.937,NA,16413.561,23105.955,1247694.383,19371.916,NA,NA,17328.17,92766.59,37847.992,NA,25825.146
343,25264.504,35508.12,29857.912,NA,205899.611,15937.23,NA,NA,57094.334,49434.924,496639.175,45260.589,41194.539,NA,185653.76,14081.348,97939.628,NA,NA,NA,56350.182,662597.769,253282.533,209318.104,204067.629,NA,NA,608099.202,601996.757,NA,NA,43013.332,905958.872,19547.324,NA,31860.79,NA,1449443.007,13241.255,142853.601,58674.124,NA,NA,23120.643,NA,282391.832,NA,118640.212,NA,118152.442,NA,NA,NA,10341.436,130948.199,NA,79993.301,76221.961,322969.958,140268.979,64626.863,NA,47306.018,NA,46908.327,NA,241046.787,54851.796,139976.173,48286.159,NA,325318.628,151519.849,10931.6,108942.735,35393.811,1417192.086,NA,NA,NA,NA,NA,NA,10350.972,10340.358,140049.749,10877.157,NA,1649039.042,NA,12047.588,NA,NA,427606.929,NA,NA,115008.702,266971.761,14071.432,NA,37449.168,352214.729,99591.734,84187.526,NA,NA,12293.912,NA,14694.645,183721.328,NA,NA,10876.804,NA,85520.989,NA,194966.402,NA,37750.199,68718.04,11828.966,122419.599,15056.448,23399.862,NA,19402.727,21481.649,NA,437928.74,NA,NA,40832.284,177381.973,10647.174,NA,792215.979,44652.881,41632.667,NA,NA,225360.659,NA,NA,161152.008,27856.138,NA,53822.901,NA,NA,NA,NA,235464.78,93021.769,11710.12,510150.556,NA,3717433.116,NA,52574.55,62945.008,22660.442,45849.146,NA,69723.792,17632.909,10980.615,1756028.425,29863.997,26115.557,86591.035,NA,13458.094,25615.122,17559.338,11668.97,28045.041,11496.709,NA,200688.363,19608.258,12464.203,10948.792,10396.172,NA,34306.378,2073030.05,NA,79696.354,140318.784,2417849.269,447985.77,NA,425678.196,868874.69,175751.795,238525.384,242516.291,8692656.592,NA,157447.079,65799.168,32981.677,1389325.215,399342.016,13013.902,292827.542,11726.653,101323.022,138907.647,NA,NA,47446.604,NA,67515.396,32219.032,13453.401,156589.861,105101.51,128735.335,NA,27985.366,47971.947,NA,NA,170917.202,13422.549,NA,NA,165769.935,14565.892,NA,33362.399,24988.934,16163.224,NA,43018.195,279726.521,60732.951,NA,NA,NA,328210.062,800963.506,728718.697,39479.923,68692.963,67573.564,99850.039,NA,74350.771,412413.707,NA,NA,NA,NA,26764.965,NA,112875.016,NA,NA,446863.616,65773.683,NA,282706.558,NA,NA,NA,126968.095,993247.628,129386.569,194421.913,24966.796,NA,NA,NA,NA,65244.556,NA,NA,NA,361326.998,NA,18670.958,451256.148,NA,22717.634,35931.337,NA,NA,NA,316491.44,115361.444,NA,NA,NA,2829668.818,NA,171357.548,33810.99,2368465.445,NA,NA,NA,NA,71822.225,NA,1054666.102,NA
349,61658.401,NA,37787.181,NA,NA,14386.66,16725.536,26569.914,21282.722,28024.894,722343.935,NA,56182.78,21875.144,NA,NA,1347786.978,12326.344,NA,NA,63333.388,NA,247361.345,140008.175,91310.464,6238641.351,NA,NA,NA,NA,10988.811,50633.41,882013.087,NA,21886.674,NA,22228.356,25029.808,84495.072,161362.534,18886.488,NA,NA,81152.211,11119.581,NA,NA,110728.773,NA,17237.131,NA,NA,NA,136341.636,164980.601,10505.906,117846.718,NA,283191.732,NA,32339.773,145204.969,11448.869,NA,NA,NA,113019.965,112521.183,335277.672,240239.795,NA,828562.014,NA,39359.729,86932.872,15017.955,1059388.323,NA,NA,NA,NA,NA,67734.812,69416.394,NA,85740.582,30247.025,39367.411,596560.927,142437.738,NA,NA,NA,555481.179,49583.678,13061.976,89595.678,1162833.825,NA,NA,248550.802,10712.726,159044.737,80372.277,NA,22191.164,12562.993,NA,54167.96,130071.237,19261.704,17179.499,NA,NA,128764.095,NA,206642.845,NA,22967.903,NA,174061.026,NA,NA,278994.479,NA,NA,103702.027,NA,13390.215,NA,64214.89,82874.548,300263.413,NA,11953.683,482658.269,2793944.81,NA,51752.371,14388.862,483924.495,28984.595,NA,75283.429,44517.694,NA,34530.212,NA,9772938.783,12315.965,NA,101857.852,24085.926,50314.68,46670.331,26628.874,3074533.907,NA,71443.29,12590.862,NA,68875.352,55745.325,29136.049,NA,10783.068,12585.368,76903.563,217016.688,42539.691,NA,14588.16,13730.099,13529.809,NA,143452.77,55486.986,25388.631,NA,16061.436,19590.536,NA,NA,NA,NA,10743.229,NA,69266.097,20271.023,108032.249,NA,NA,5868732.68,573411.435,176791.566,162824.097,35034.019,7583879.359,NA,67185.662,21178.12,14565.56,503900.272,16673.591,22573.841,229266.202,89068.268,36590.329,19004.651,NA,12143.406,87052.577,NA,112015.122,NA,25443.219,NA,119719.388,29628.175,NA,1189957.283,1260593.42,2040683.307,NA,30278.294,1475372.809,1295085.313,132874.382,376769.479,643162.596,NA,14008.011,NA,NA,NA,76368.753,89438.375,13693.097,NA,NA,NA,369577.42,710412.524,263419.925,37324.443,52858.284,43114.026,120889.972,NA,39454.578,820453.613,NA,NA,111228.338,17714.646,NA,NA,45223.278,NA,156629.995,151320.476,57702.383,NA,148421.891,211836.756,227691.276,NA,12490.088,689532.476,61540.956,60568.041,27347.806,NA,NA,NA,NA,61273.062,287744.763,NA,NA,476463.974,NA,12706.935,49689.835,NA,39468.303,78284.714,NA,NA,NA,66815.515,92290.262,NA,NA,47905.765,1877251.014,NA,16648.277,18618.404,1813292.982,20006.715,NA,NA,35907.514,122430.034,45635.722,NA,14208.655
356,NA,NA,155614.092,NA,NA,20368.239,93197.037,52342.219,NA,16372.499,414803.182,NA,NA,10790.596,NA,94061.263,123051.357,NA,NA,NA,35042.279,NA,215157.775,654427.625,569590.795,108855.68,NA,NA,NA,NA,55162.255,12384.906,505461.142,21296.334,397244.715,NA,52581.436,NA,299929.789,222601.519,28399.449,NA,NA,13983.503,223974.456,NA,NA,103524.592,NA,32948.993,NA,17419.965,NA,13568.97,257760.467,33594.541,118668.421,29543.397,309339.477,NA,NA,16737.035,NA,NA,NA,NA,157354.469,NA,21663.874,17432.461,10071.033,262271.286,258757.877,11813.979,NA,NA,1264602.353,17487.174,NA,NA,13835.528,NA,21097.875,38049.355,NA,23286.879,NA,307306.096,2211954.669,NA,NA,NA,NA,34551.719,329276.716,NA,152952.799,153216.702,14550.577,NA,NA,1171189.254,NA,61346.909,NA,NA,64477.637,NA,NA,114818.12,119814.309,20351.876,10946.918,NA,25257.204,12264.851,220258.456,NA,NA,NA,25466.246,218379.984,NA,100407.046,25145.275,NA,239808.87,NA,37899.625,NA,246102.216,409269.758,57269.764,46048.012,12508.694,51227.444,22787242.97,NA,NA,65983.585,174147.572,749036.241,14819.217,39976.678,16312.28,NA,29194.486,NA,NA,11285.952,NA,NA,74905.757,23901.282,23441.727,NA,953634.621,NA,158339.7,138097.211,NA,40145.47,NA,11881.398,72918.132,148498.033,13813.829,60403.328,10379.885,92531.299,NA,24116.66,84662.997,60915.018,52749.758,NA,17873.498,NA,NA,62079.024,117393,30537.908,744804.897,69221.904,NA,29738.655,NA,51389.528,NA,402171.295,NA,NA,1523529.681,793799.345,30364.613,451795.126,12615.046,9177626.161,NA,141206.367,40404.152,88163.427,172749.139,12793.316,478955.655,618374.5,108971.2,16401.765,167645.242,NA,67156.691,599601.426,NA,648131.653,59399.545,15743.679,10349.518,96019.633,103922.616,NA,2561080.966,746605.705,977056.965,11305.52,27885.46,578573.145,298507.158,43516.154,18113.715,219714.964,NA,19958.157,22672.438,906407.088,NA,74895.12,154628.902,23275.156,NA,NA,20792.599,791734.034,749024.166,306729.771,75644.715,157586.157,320060.442,20526.71,25628.777,48774.069,1944918.382,NA,NA,NA,NA,22795.081,NA,37916.329,NA,86312.258,11605.812,132091.158,NA,210814.426,273714.352,287762.847,NA,14013.142,663912.711,269070.352,157615.861,39213.131,NA,NA,NA,NA,28700.453,97352.004,NA,NA,51043.514,NA,NA,49474.87,NA,40126.523,35423.303,NA,15050.201,NA,241199.185,107327.871,19200.432,NA,124160.193,1794201.415,NA,37049.629,24046.122,1582077.493,35772.159,NA,NA,32440.079,1357601.176,10421.94,NA,38594.178
366,NA,NA,323420.174,383750.786,NA,15169.263,172197.887,11038.625,NA,99767.129,265091.176,NA,195760.698,131019.303,3543281.375,31820.768,82312.471,NA,1574813.762,78841.745,49746.065,NA,453763.874,146931.375,50918.421,11521.877,NA,NA,NA,67696.979,2221494.372,31526.953,562814.947,20371.783,NA,86121.234,38913.769,44043.531,11397.007,184893.622,12672.299,NA,NA,17466.052,57111.372,NA,49898.906,10542.422,10005.415,51787.151,10603.19,45077.86,NA,40038.987,276250.282,NA,108701.56,94624.559,140035.072,NA,185784.75,175379.126,NA,NA,94641.736,NA,114597.866,11477.442,10001.052,20012.635,12257.899,107972.422,404242.777,12972.502,89972.418,26630.864,1612025.716,NA,405567.328,NA,298730.433,61027.106,189686.063,164100.987,NA,910338.457,13649.651,14427.499,1143998.245,NA,NA,NA,NA,114073.509,510982.748,10057.414,537818.337,23474.308,4361988.084,NA,13486.84,797586.782,10378.604,264568.316,NA,NA,35922.886,NA,13185.89,12939.84,48312.623,11565.467,136080.309,10932.624,37614.464,111316.679,NA,431884.911,35915.629,NA,20621.987,303444.895,71366.402,145558.091,21146.802,12787.559,25020.713,15387.317,13259.319,NA,17543.679,33613.484,90102.442,24531.611,22228.067,328428.858,151429.749,14153.687,21293.318,NA,162587.69,13156.723,21945.096,67683.954,19692.541,4434457.076,298745.487,NA,13501.095,NA,16824.248,104402.397,221119.781,19580.536,16421.131,NA,5436723.207,NA,689147.096,NA,24387.074,42438.913,NA,12820.811,46192.141,149061.234,10611.374,37374.78,NA,NA,NA,NA,32192.403,14330.377,61111.605,12084.442,11972.754,NA,11648.256,153400.872,14425.059,36146.415,NA,NA,NA,22768.112,NA,216449.558,56325.773,674909.245,NA,NA,4567523.956,1010712.25,133631.964,19045.643,1314644.509,3656393.809,24208.584,49291.141,25448.092,13559.761,572881.122,28219.3,10764.289,79377.578,10284.732,NA,151428.19,28595.597,NA,32022.923,NA,27431.795,NA,10892.249,13102.382,15537.889,17667.56,11424.045,281757.734,355422.281,198916.172,NA,NA,1184809.836,853238.366,91693.936,27134.79,482580.88,NA,23325.453,13051.123,472328.171,NA,NA,12148.899,58110.421,NA,NA,15757.164,NA,NA,534305.36,19777.067,210922.29,98500.159,122119.218,25058.204,29966.668,1262870.33,NA,301427.919,NA,NA,286145.84,NA,339801.258,NA,283906.867,386111.554,107728.742,NA,144152.773,114385.905,104956.884,36948.535,11419.29,620307.572,253459.144,156280.956,129323.309,NA,119884.165,27789.934,45337.684,41051.043,NA,10088.536,NA,28872.972,12717.561,NA,52020.486,32461.606,202442.098,68158.023,198575.519,58193.594,1059981.895,190838.883,101204.805,13126.634,NA,67980.363,1673106.958,NA,29145.901,NA,1530743.626,495842.522,12291.946,119286.783,13030.324,1387082.354,NA,19641.512,14688.919
372,NA,NA,NA,NA,128935.608,NA,NA,NA,13083.168,16858.903,41565.935,NA,20300.509,NA,49966.429,NA,741499.398,NA,NA,NA,141898.877,538497.588,154594.984,573623.824,42547.204,NA,NA,704587.634,707853.805,NA,NA,152583.815,315392.252,NA,NA,NA,11339.68,606310.591,10582.961,142995.841,59381.859,NA,224887.742,373651.782,NA,49995.78,NA,122429.657,228800.187,22486.782,NA,NA,NA,14186.785,46392.387,NA,31475.312,397306.855,81919.884,35054.643,25855.092,NA,336510.322,NA,10848.124,15184.135,69071.609,220259.97,346167.854,227402.209,12490.171,211794.503,41958.848,12269.22,25427.476,523373.233,501186.322,NA,33523.527,25233.543,NA,NA,NA,76359.885,NA,320474.837,36047.663,NA,402926.564,NA,38792.516,34963.592,NA,208346.767,NA,NA,401350.724,363099.766,23707.889,NA,35268.326,188777.356,67739.708,181827.226,NA,NA,11969.934,NA,81127.462,81897.353,NA,NA,NA,NA,NA,NA,57465.032,NA,24851.375,54729.69,145140.166,25890.267,11550.257,30767.505,NA,NA,NA,NA,440504.714,NA,NA,NA,244393.075,14516.191,NA,216060.142,31332.283,11264.564,NA,NA,53516.336,NA,NA,NA,21552.341,NA,75336.104,NA,17539.729,NA,NA,74271.258,19688.966,NA,2675923.797,NA,1272322.036,NA,11767.598,163986.277,NA,NA,NA,25499.027,12875.715,NA,676592.557,30431.102,24482.984,14052.974,NA,153700.027,46213.052,17585.049,NA,20799.774,13746.772,33517.375,59961.951,32640.73,12777.845,NA,NA,NA,10457.081,1914056.139,NA,203361.366,596325.087,1288531.715,3109039.178,NA,293041.617,839826.728,53890.419,114845.055,113159.809,5636019.538,NA,42357.726,26537.33,694062.825,178912.593,33455.134,39600.846,163974.266,14775.674,NA,24138.743,NA,NA,39398.435,NA,50476.529,45622.631,823308.903,1780908.299,48440.87,1054324.858,10513.699,NA,19953.825,NA,14652.471,1081600.413,NA,NA,297980.879,105050.723,NA,17280.233,12775.935,219762.106,562757.119,57301.007,NA,44781.996,19313.922,NA,NA,32586.193,320510.344,629078.059,488991.057,NA,107558.329,181240.442,18933.333,36839.615,123450.252,1637024.837,NA,32819.709,NA,NA,71855.235,NA,26062.36,NA,NA,129669.007,27450.076,NA,162656.481,NA,NA,16664.008,282152.021,290206.982,66808.867,32075.631,26358.826,NA,NA,NA,NA,61662.951,NA,13459.023,NA,124976.537,NA,158682.466,128621.034,NA,14627.858,11124.088,NA,NA,NA,68367.563,99230.897,NA,NA,NA,1442795.318,NA,83638.879,NA,1246336.659,NA,NA,NA,NA,39845.835,NA,802227.643,NA
379,NA,145284.162,468840.053,10155.987,NA,77773.97,22435.669,170657.795,NA,11028.976,175127.684,NA,NA,57500.255,NA,896286.886,192859.227,148997.466,NA,37126.726,56179.222,NA,179571.496,69330.451,83813.445,53156.89,NA,NA,NA,NA,16541.717,24280.906,757366.967,510547.944,88520.249,26620.307,291865.474,NA,386028.84,102330.457,11877.626,240420.476,NA,14565.661,597078.838,NA,50682.899,20120.534,NA,41589.61,23086.348,1002147.321,NA,41275.838,71732.109,947940.618,213324.468,11568.815,81485.582,NA,14771.792,NA,NA,NA,17466.341,211880.832,57334.225,124953.196,NA,36626.787,39411.152,75589.079,382520.709,348148.908,23792.112,25482.557,583054.468,249969.597,267622.441,NA,81111.43,39183.062,11650.974,26557.972,NA,723543.38,17974.984,222574.17,605571.235,NA,10039.138,10028.734,NA,109931.511,291271.44,163086.226,462345.568,372240.742,NA,165481.555,NA,679622.111,24307.203,267292.66,NA,50730.323,12786.164,NA,11428.467,27278.067,91091.682,20786.264,54284.181,74772.761,12096.51,10064.186,11703.466,94487.297,39130.137,NA,22468.476,276351.873,18568.013,13010.612,457184.042,724853.912,184883.784,15235.968,18956.087,51263.36,490639.485,816961.507,44927.966,84446.694,NA,96771.722,53868.072,NA,204659.435,19267.351,297659.274,322224.718,11560.325,22040.66,74431.535,NA,130024.241,NA,651190.016,14143.085,138962.794,11228.746,20464.019,17072.643,22319.771,1146793.331,4256705.642,NA,537935.272,249472.607,10884.759,11436.971,NA,NA,79893.939,834052.297,62974.292,NA,16248.185,21148.744,NA,NA,39714.136,35808.469,1890380.639,NA,NA,NA,16933.501,461651.47,14213.509,35001.444,1651811.522,13099.738,40413.229,25472.951,NA,257788.189,685103.646,314933.801,NA,48133.376,2522682.962,472306.724,114110.488,271278.238,3324545.94,2286608.804,NA,33034.092,18914.809,28833.127,494059.749,10267.732,3570175.369,398992.319,10722.351,43560.002,128573.737,NA,NA,128849.813,169526.608,136722.262,NA,71903.538,NA,28130.245,37882.455,NA,2950147.916,2896919.26,7870184.076,NA,93871.149,318173.352,128295.143,28913.351,166852.084,133859.843,NA,NA,NA,10553.513,NA,NA,160437.118,78329.389,212271.25,NA,24650.909,10712.934,83722.379,281701.38,NA,317476.49,245621.439,26683.421,18147.862,NA,1138916.914,NA,NA,13017.272,16098.485,11132.822,29923.055,106669.425,NA,24075.472,20186.468,200506.007,93350.123,116533.733,768755.105,842019.641,41119.88,NA,868769.758,85259.85,35533.972,30783.632,NA,19919.501,205034.118,72374.164,25191.366,NA,1590499.416,1085833.417,116080.321,99030.245,NA,156558.725,NA,13377.946,32294.316,NA,NA,NA,71354.951,34821.195,23824.78,1992273.011,2270772.364,1456437.752,34663.084,85662.738,1810859.878,463274.82,23158.924,NA,22943.985,NA,316083.154,16748.585,NA,NA
380,116014.062,NA,27232.432,NA,NA,11165.688,40630.263,57219.168,50383.568,97787.891,86153.823,NA,41271.136,44396.321,NA,NA,2644112.561,19472.63,NA,NA,179918.501,NA,430231.549,209233.255,205697.846,6719895.713,NA,NA,NA,NA,26814.254,123655.049,944246.606,NA,31383.332,NA,30574.985,12006.071,148011.738,221736.176,15909.242,NA,NA,26919.84,30206.659,NA,NA,127686.006,NA,66043.523,NA,12736.348,NA,188886.479,292873.02,15097.969,166796.9,NA,403821.918,NA,21034.454,241567.473,78474.619,NA,NA,NA,160316.942,394257.359,220345.502,76973.527,35945.23,1743937.6,22501.317,49247.748,77976.739,39111.078,1557938.411,10469.713,18838.419,11279.224,NA,13886.635,190710.515,173421.361,NA,365352.231,91881.556,73450.311,631802.915,589473.971,NA,26205.927,NA,315812.798,NA,14465.332,184748.42,1304512.243,19275.059,27837.853,285964.514,18227.603,102751.554,328917.784,NA,28427.61,41857.5,NA,138259.286,110612.795,NA,16078.296,NA,NA,10995.918,NA,147719.91,11515.678,22301.713,NA,166058.447,20628.497,NA,654022.44,NA,11520.061,10849.128,NA,11359.592,NA,55206.663,81903.507,292490.492,16175.809,29526.104,852894.566,3740293.903,NA,15579.881,30772.329,249038.782,42697.415,NA,200915.476,24717.846,NA,90580.722,NA,15332649.69,NA,NA,35019.645,49130.423,13029.276,92320.043,47599.049,3055348.889,NA,25868.034,56763.022,40600.282,14516.497,13443.189,23240.673,NA,13364.779,19685.912,12425.093,409302.651,48090.714,NA,17969.724,29486.894,25353.621,NA,81274.685,45175.55,NA,11908.034,49168.7,35986.151,NA,NA,NA,NA,11546.926,NA,105510.65,13293.832,920028.691,14263.443,NA,5169735.961,697549.921,205475.523,217149.485,16689.535,8282999.408,NA,104004.196,64854.621,17943.724,201866.895,17561.944,33832.531,320280.956,201486.505,66184.083,42373.702,NA,14465.498,420556.567,NA,482839.613,NA,11599.535,NA,83015.272,25511.266,NA,1495975.878,NA,2686004.757,1722950.451,NA,1453389.314,1007727.805,120805.459,292005.809,639167.19,23240.802,22982.788,NA,26270.696,NA,202022.21,100035.236,28743.866,NA,NA,NA,335716.429,658971.273,866197.965,NA,36560.905,153655.322,113941.846,NA,60041.543,1464519.477,15711.399,96648.415,67822.071,48596.152,NA,122850.444,12027.752,126166.771,194196.201,90042.392,NA,175301.613,299300.289,380292.869,NA,119964.59,983533.279,113443.556,77492.179,342946.477,NA,NA,NA,NA,68702.65,271037.449,NA,NA,422560.877,NA,NA,639952.588,NA,84103.88,102834.89,NA,21483.711,NA,420075.316,85696.113,NA,NA,150937.266,3201860.726,NA,44923.529,30375.147,2593420.578,30857.519,NA,NA,344208.396,192136.374,244414.576,NA,139145.779,NA
381,108101.776,NA,90449.91,NA,NA,48821.419,120866.612,100344.581,12421.56,99075.429,83932.756,NA,132158.357,NA,11677.796,10702.532,2384848.054,25184.133,NA,18649.036,174778.686,NA,448210.447,55990.019,33290.517,11706304.65,NA,NA,NA,10453.878,63272.241,317335.933,1222904.78,12786.603,42588.493,NA,24937.48,10137.413,248362.721,232693.457,27405.75,NA,NA,99688.893,14237.473,13896.586,NA,158863.187,NA,248896.274,NA,14394.492,11984.254,254477.519,283087.37,25764.07,174486.512,26000.044,478987.796,12649.777,44843.218,239631.39,17810.407,NA,12589.622,NA,267652.71,534346.982,380355.096,294539.391,31208.956,1600538.328,22225.504,20899.629,102185.962,37255.778,2070433.762,NA,10286.6,NA,NA,11816.485,227416.58,61944.066,NA,307549.155,95797.311,82202.257,643460.59,191718.534,NA,27327.753,NA,863091.497,NA,21815.142,482475.242,1502125.962,27170.147,57376.551,370140.291,NA,426278.929,477501.856,NA,77226.976,24492.286,NA,12880.587,90268.712,NA,NA,37195.621,NA,77339.886,NA,89803.056,24573.384,16226.524,NA,209948.141,24778.313,NA,497340.889,12014.704,18954.468,14030.836,10526.85,15169.167,NA,94085.572,149544.83,350284.958,22165.624,10543.531,1420782.767,6754943.477,10836.323,129657.341,38219.78,89665.51,110302.764,NA,274588.048,48333.077,NA,273187.03,NA,14097998.19,NA,NA,115227.401,122359.128,25819.012,85574.885,64038.393,5587177.783,NA,69704.078,NA,29678.25,97057.585,34169.973,10292.733,33328.96,10087.865,12995.07,28203.85,226782.396,98012.54,NA,48073.56,27445.18,90539.826,40283.936,97266.305,27015.603,NA,38915.789,170414.952,27334.756,NA,222240.013,12263.252,NA,29009.772,NA,377016.189,406088.319,785008.429,10064.482,NA,5264379.848,541080.738,64611.372,481748.151,16794.915,8693982.002,NA,14999.142,51254.919,11417.65,604159.808,31215.328,31395.977,659497.937,194165.081,67574.741,10331.471,NA,12051.393,449440.416,17106.783,399124.856,23503.407,28082.358,NA,48603.641,134540.056,NA,2378193.25,NA,3136917.659,1824534.515,139801.013,1521821.296,1119613.93,124717.575,233435.066,603171.225,17818.871,27000.076,11212.05,437095.922,NA,161209.402,20450.601,34203.904,NA,NA,NA,818797.573,1222759.5,975531.194,15601.163,175717.838,328006.959,223988.923,NA,42973.827,1654850.367,NA,12108.168,241386.369,29973.851,NA,NA,42031.485,37264.635,169971.692,266480.055,159571.33,NA,199380.338,543936.857,647203.113,NA,30663.706,1241328.984,190223.202,246368.09,164297.42,NA,NA,NA,11990.678,155067.937,395662.139,13287.317,NA,329894.176,NA,NA,898959.299,NA,122404.354,38258.58,11461.064,22174.693,NA,427702.249,132696.035,10407.057,NA,372141.83,3393749.81,NA,88469.569,26386.727,2827097.925,71726.275,NA,NA,121064.206,88136.463,217834.589,NA,83453.073
387,11560.59,14156.435,103082.392,NA,401278.531,20012.288,NA,NA,15196.912,188106.945,198314.727,21188.408,NA,NA,179115.902,NA,1590359.382,NA,NA,NA,259576.401,502946.323,226623.148,316293.42,87140.135,12023.417,NA,443531.047,376735.321,NA,NA,101844.786,444913.473,NA,NA,24670.974,NA,1171998.231,NA,85941.438,51456.083,NA,NA,617628.418,NA,244107.067,NA,117403.413,NA,31047.365,NA,NA,NA,198355.781,198957.526,NA,130899.423,NA,633626.35,115054.586,23270.247,NA,NA,NA,15683.415,NA,228552.512,612485.658,534480.815,196801.652,24303.528,803620.436,34416.222,NA,NA,21927.879,1162944.423,NA,NA,NA,NA,NA,NA,76217.738,NA,207706.099,25151.636,NA,970698.512,NA,12290.616,10409.309,NA,571894.685,NA,NA,92588.237,1233958.247,NA,NA,253274.916,45397.691,273349.856,519022.443,NA,NA,77813.598,NA,14109.256,144205.273,NA,18931.69,NA,NA,188998.049,18604.357,343462.648,NA,29841.268,294939.921,57788.995,24707.066,18662.218,195481.867,NA,10207.65,12393.041,NA,468116.531,NA,NA,24339.893,151281.191,40247.114,NA,679783.527,10570.316,10313.883,NA,NA,183842.678,NA,NA,23732.441,48119.775,NA,51203.79,NA,12254.408,NA,NA,69243.318,51525.8,25404.055,30924.097,NA,2560739.204,NA,129922.96,203732.174,40584.9,NA,14183.223,25543.009,50622.668,NA,45274.652,90979.182,33014.226,70575.007,NA,101059.504,27040.162,14813.361,NA,137479.638,40531.778,NA,112942.762,71731.711,20829.736,NA,22713.709,NA,17808.815,1920832.759,NA,73272.192,845964.994,1571280.857,206254.322,10341.005,2902466.562,876901.264,56416.881,392566.196,10386.448,9810089.28,NA,NA,234950.565,279125.532,284122.536,656144.539,15518.479,506590.807,22939.649,12499.093,16991.206,NA,11873.929,302611.71,NA,306409.225,117638.244,NA,155213.298,64054.803,67055.579,NA,11595.117,NA,NA,NA,1631194.354,NA,10819.761,14566.284,191409.509,14823.131,NA,18918.512,97487.126,19169.425,NA,54460.829,231596.915,34325.353,NA,NA,NA,179650.592,451140.333,203596.101,11573.44,39841.509,164718.833,13597.062,NA,43871.045,710271.211,NA,63622.581,NA,25965.578,155253.741,NA,101691.254,NA,NA,27108.558,NA,NA,166659.574,NA,NA,NA,65393.486,479737.182,162043.828,203853.214,14278.165,NA,NA,NA,NA,96817.735,NA,NA,NA,560496.137,NA,NA,738748.038,NA,11514.977,24494.824,NA,NA,NA,276682.872,71802.756,NA,NA,NA,2111830.688,NA,57053.183,25462.236,2011622.084,NA,NA,NA,144600.85,21659.323,93506.155,739319.107,40269.851
388,12056.366,NA,NA,NA,NA,12090.62,19835.853,63270.381,17266.74,103114.534,415386.597,NA,30931.771,15678.655,NA,NA,1641385.123,13720.49,NA,16774.358,182453.341,NA,331691.98,148196.528,131335.779,6533685.198,NA,NA,NA,NA,15132.798,90562.152,713881.463,NA,111587.132,NA,13597.091,20027.694,95775.468,231963.506,38745.096,NA,NA,287198.07,52107.731,12152.743,NA,119891.523,NA,106862.11,NA,NA,10166.109,155344.471,244370.912,NA,132330.704,NA,672091.444,13888.325,38721.296,149216.515,11851.456,NA,19900.237,NA,109361.372,247230.599,359131.287,271797.374,19702.85,825741.301,NA,62286.096,75192.287,15257.433,1347511.122,NA,NA,NA,NA,NA,77785.529,102533.859,NA,292975.674,31312.917,170963.752,804837.977,45720.103,NA,NA,NA,457229.532,NA,17658.505,378858.328,817754.189,15784.45,10357.931,247903.984,NA,217268.517,149139.608,NA,30961.946,20426.945,NA,62602.968,41293.921,NA,23740.734,19175.395,NA,120130.99,NA,160148.367,NA,14106.329,NA,175798.908,NA,11027.12,315570.032,NA,10480.34,NA,NA,11003.43,NA,115904.598,194981.831,297983.742,11078.287,40757.761,322538.124,9824485.735,NA,69499.053,56507.175,58122.459,188964.534,NA,77710.202,15634.836,NA,70503.719,NA,8436685.784,NA,NA,63665.144,70682.863,34683.494,96837.49,23848.563,3490445.188,NA,35543.058,NA,11355.577,63707.672,NA,12569.588,45602.923,13567.543,NA,77442.333,186627.239,18238.508,NA,71567.228,12214.746,69018.505,20052.814,186049.903,66494.157,23058.478,NA,89959.62,41315.906,NA,90391.87,28838.178,NA,12495.701,NA,145543.652,529139.59,481113.051,11251.389,NA,3185416.248,272823.47,176207.382,36450.094,11089.347,5861782.394,NA,100603.196,60067.57,30289.625,530423.583,11671.012,57818.641,40892.779,133135.149,13240.235,13498.968,NA,10991.016,314362.739,NA,301949.479,NA,18409.516,NA,NA,71761.416,NA,1515315.382,1342912.789,2315981.956,33156.232,365015.065,1237587.499,938590.088,105437.957,186781.265,496782.821,11860.759,24853.51,16280.173,182571.383,NA,92665.58,171115.759,33470.118,NA,NA,NA,NA,37044.798,750110.713,44000.284,35505.639,38665.5,65494.606,29631.371,53691.509,985459.758,NA,NA,117228.811,54888.533,NA,NA,79363.553,11300.432,172910.908,172762.405,53730.07,NA,178383.501,353755.713,369363.883,12417.016,14542.165,861524.894,67645.849,87055.072,180123.641,NA,NA,NA,NA,87460.545,214847.927,NA,NA,449145.052,NA,NA,532533.015,NA,46970.951,11526.468,NA,NA,NA,289130.363,77656.493,12144.804,NA,124444.82,2170718.713,NA,64659.467,29536.226,1860229.807,19596.258,NA,NA,34224.876,119937.192,41416.492,NA,61630.653
392,56117.053,NA,81236.369,NA,197197.607,18220.411,NA,NA,13551.494,38386.169,163918.196,11609.187,NA,NA,83504.515,NA,317636.732,NA,NA,NA,39832.874,306211.011,230280.921,300490.1,121101.283,NA,NA,297072.513,277071.208,NA,NA,52917.079,517725.939,NA,NA,32710.711,13793.902,663266.825,NA,106214.834,107170.465,NA,NA,836203.597,NA,131683.347,NA,99417.174,NA,NA,NA,NA,NA,85734.554,82822.791,NA,45410.21,NA,248849.903,242384.195,22617.244,NA,NA,NA,45199.702,NA,214733.888,301810.944,401296.053,91637.996,22540.879,550151.95,11008.489,NA,26315.319,11893.82,446525.789,NA,NA,NA,NA,NA,NA,25527.954,NA,117332.719,13469.996,12155.521,551521.083,NA,21455.011,11669.721,NA,149977.632,NA,NA,140790.737,218609.618,NA,NA,165989.411,36085.105,190556.836,248534.308,NA,NA,25612.569,NA,36195.266,129661.15,NA,NA,11415.011,NA,NA,NA,59805.057,NA,23422.356,272107.17,166587.511,10674.981,11030.251,79074.823,NA,NA,11318.323,NA,279718.228,NA,NA,NA,122081.53,NA,NA,612370.927,NA,22985.172,NA,NA,433025.454,NA,NA,34940.89,28352.223,NA,80214.691,NA,14171.703,NA,NA,22978.205,13026.301,11662.897,18539.15,45556.35,1525637.135,NA,268595.383,65375.691,12216.419,10796.798,79504.183,NA,21804.261,13850.339,24799.167,142743.147,72703.743,117284.347,NA,16666.425,10532.353,NA,NA,325340.64,82028.043,NA,86019.881,41776.146,13957.663,10105.247,10662.971,NA,20112.619,3530310.931,NA,164997.591,451048.248,1252534.82,211454.774,NA,884078.266,1263197.926,141700.098,200255.246,307670.743,8606205.319,NA,85303.408,148972.427,444668.147,532277.067,1709687.742,NA,258881.516,78226.3,25640.627,37744.417,NA,10037.063,399547.968,NA,458751.471,94604.566,12929.9,35671.629,46425.452,37101.412,NA,NA,NA,NA,NA,1748736.769,NA,NA,31546.49,143776.417,13984.115,NA,16666.204,41620.082,11292.397,NA,96957.138,81058.802,24122.597,NA,NA,NA,176817.665,216190.372,650677.619,11429.814,48686.777,147315.784,74644.728,NA,68988.334,848751.082,NA,50230.017,NA,17210.112,45928.608,NA,15866.433,NA,NA,11812.107,76443.474,NA,97700.49,NA,NA,13856.643,24540.012,450147.102,154324.475,228079.519,120392.754,NA,NA,NA,NA,24668.85,NA,NA,NA,253711.133,NA,NA,319154.67,NA,10432.239,26877.645,NA,NA,NA,78264.117,67785.457,NA,NA,NA,1735100.055,NA,52765.171,NA,1585735.511,NA,NA,NA,NA,14937.918,NA,422938.783,NA
394,11904.402,NA,28157.732,NA,NA,18276.05,15125.668,45258.481,13134.324,85272.175,339691.714,NA,25106.154,18353.162,NA,14908.589,1020712.808,NA,NA,NA,116057.626,NA,276783.703,116437.064,166301.139,3204158.476,NA,NA,NA,NA,11260.439,107880.968,384397.617,NA,320625.171,NA,21432.226,NA,123936.828,183177.469,30150.237,NA,NA,84339.739,153493.53,NA,NA,85323.546,NA,49640.203,NA,NA,NA,161548.008,242754.42,12577.153,83090.065,NA,280089.697,10109.348,52013.657,86445.337,NA,NA,39407.494,NA,173423.254,182667.013,96709.67,36271.657,10726.227,690962.551,NA,106089.771,43338.482,NA,1562750.216,NA,NA,NA,NA,11962.423,63499.26,18671.784,NA,92991.188,53373.631,503562.522,350814.245,20442.717,NA,NA,NA,232128.623,48124.474,32837.334,86051.294,545629.271,NA,NA,213160.449,NA,84313.182,89799.169,NA,18234.636,NA,NA,58739.207,50353.62,11816.133,NA,15859.328,NA,10812.596,NA,99021.053,21439.297,14047.397,NA,88354.709,NA,NA,116972.102,10220.698,11015.543,71395.536,NA,11799.973,NA,14975.862,274654.222,71070.701,NA,NA,25682.989,15575529.22,10241.831,NA,10883.914,59018.492,534971.668,NA,61027.351,11508.207,NA,48625.521,NA,2567552.485,12150.284,NA,18980.024,22321.244,35045.033,41905.39,NA,1866410.417,NA,45091.095,NA,11278.453,37265.169,17124.33,NA,NA,26129.863,NA,53576.292,90215.905,31701.111,NA,26209.503,17973.593,12487.509,NA,NA,NA,NA,34262.945,74794.477,166758.933,NA,10205.364,60850.211,NA,12777.34,NA,94321.391,82794.525,246480.886,11487.695,NA,1105410.295,575377.085,31852.793,137948.861,24320.918,6418299.434,NA,67033.442,23027.558,14683.652,147992.912,16201.411,10285.188,120716.471,90445.707,46916.35,18883.52,NA,NA,225320.308,NA,211485.065,NA,27985.734,NA,76849.395,11385.983,NA,805151.461,20104.722,1275112.377,858180.729,41434.977,677582.024,439735.409,67150.75,45807.485,280971.554,NA,29361.05,NA,NA,NA,61874.625,35998.99,13271.031,NA,NA,NA,428910.194,650565.405,264104.269,NA,63261.221,135099.848,35206.812,10422.924,19132.952,376194.038,NA,NA,64078.921,20451.642,NA,NA,13108.78,NA,115705.929,216779.679,113743.97,NA,104331.856,274027.469,223152.035,NA,77654.882,436482.296,51054.377,64214.573,228251.23,NA,NA,NA,NA,75476.23,202468.652,21987.05,NA,344644.613,NA,NA,455650.004,NA,53497.573,40995.001,12391.92,11000.905,NA,120574.551,56390.159,NA,NA,115427.965,1670413.455,NA,12322.245,21140.648,1581811.605,26319.38,NA,NA,40713.399,144153.037,33883.809,NA,31964.181
418,67548.272,NA,108126.353,NA,NA,135106.964,41834.4,63270.18,28135.379,48282.902,266295.784,NA,NA,27293.459,NA,198008.869,965435.913,NA,NA,NA,70359.298,NA,324879.366,1368966.743,1248209.013,218486.847,NA,NA,NA,NA,14160.619,NA,780067.796,11394.576,557154.27,NA,34508.628,NA,142458.055,361677.487,37344.901,NA,NA,18923.911,215737.729,NA,25740.104,193624.926,NA,53730.898,38957.943,NA,NA,60669.248,221694.636,14024.17,155778.3,NA,559187.173,NA,46878.607,103203.884,NA,NA,NA,12685.073,265234.115,16428.427,128597,37930.432,10077.172,292281.497,241815.519,31943.532,NA,NA,3584512.256,41086.594,NA,NA,28669.178,11086.653,72641.88,45600.842,NA,139478.111,10397.417,785773.826,3275675.219,NA,NA,NA,NA,285498.944,45563.621,11199.939,157434.443,132625.715,46437.907,17701.593,NA,544061.118,13021.827,66919.804,NA,40492.995,248806.626,NA,22020.556,247673.464,NA,11077.01,144930.199,NA,11075.384,NA,101148.364,NA,78496.308,NA,12031.981,137720.03,11376.83,41148.699,NA,10538.93,27429.206,NA,39462.865,NA,66642.81,567147.458,202003.136,19866.94,13596.236,104473.09,26873891.82,11720.561,NA,20984.235,363267.445,96222.789,10632.804,140377.303,NA,10500.581,209825.127,NA,51905.346,NA,NA,65395.355,47447.153,16112.161,20415.395,14391.99,1351999.889,NA,178274.829,513302.632,11101.454,16898.263,20128.279,10451.37,18793.722,123604.432,NA,49645.798,158694.302,49519.182,NA,NA,58654.108,49809.441,16764.294,11600.513,NA,12474.083,41445.098,74127.873,362224.962,NA,11021.594,71941.53,NA,13252.447,NA,273518.984,57939.235,292241.856,34590.618,NA,1648431.549,1252692.736,240645.932,285295.702,413959.298,11350658.13,22031.512,238618.497,133434.797,20261.655,821361.841,14341.771,25546.556,373434.362,14776.288,11817.502,184383.782,10067.591,28180.553,330110.601,NA,357401.533,NA,17645.067,NA,21488.568,13104.624,NA,1612753.345,1732857.203,2899964.088,NA,192586.498,1246442.575,770642.195,108979.494,106225.73,493299.371,NA,47312.199,31091.656,16721.111,17873.534,72688.959,39131.622,120457.985,35054.382,NA,NA,267184.158,630489.235,232245.598,29885.079,286354.082,272921.818,140046.202,NA,25416.764,835391.259,10817.022,NA,NA,92264.179,NA,13233.278,247914.85,NA,174374.912,73764.922,276027.655,NA,334991.594,352951.722,340423.582,NA,56994.2,876616.236,154867.835,182627.556,58035.869,NA,NA,19559.694,18269.753,86486.876,134820.585,NA,NA,86158.872,NA,13866.875,127913.759,NA,74291.243,15560.113,19553.505,20165.657,NA,343202.835,92867.539,10717.754,NA,199193.66,2565718.808,NA,95439.388,55299.811,2199623.143,20277.26,NA,NA,40699.313,379817.829,NA,NA,18724.198
450,71765.328,NA,23216.331,13914.676,NA,54886.261,33538.945,18810.319,NA,18324.509,168934.646,NA,NA,84509.532,26320.623,22182.16,221756.145,19125.882,NA,NA,126327.682,NA,181271.137,20373.082,22895.352,8316959.841,NA,NA,NA,NA,23373.109,90489.037,334135.049,NA,14925.002,NA,11321.859,NA,116557.675,169624.804,54159.593,NA,NA,423285.481,NA,NA,NA,124554.331,NA,34923.259,NA,NA,NA,115365.958,117765.322,NA,52549.648,NA,115504.596,14511.06,11337.64,663224.134,17108.366,NA,64466.962,NA,123032.06,119281.081,420611.712,373566.937,NA,530450.505,NA,77136.34,42377.506,10238.785,634442.782,NA,NA,NA,NA,42560.647,403385.549,NA,NA,103249.133,13546.82,50788.013,302263.271,210358.781,NA,10569.958,NA,123301.556,NA,29036.905,81919.694,202530.851,29979.496,NA,318687.782,154147.605,231416.164,108772.157,NA,13994.701,NA,NA,54989.341,26088.914,NA,11225.589,12275.913,NA,27684.317,NA,96369.389,10332.42,NA,NA,141507.8,NA,NA,23684.795,NA,NA,15237.762,NA,NA,NA,37709.072,62001.482,283573.158,21933.162,148917.473,408663.368,3379123.037,NA,35545.813,109610.196,14626.338,48068.493,12608.629,63251.311,53388.866,NA,40632.732,NA,11430470.79,NA,NA,14747.554,16239.11,11532.312,79445.087,29807.7,2954191.491,NA,20413.891,22331.144,NA,44718.352,12026.181,NA,83022.806,NA,11243.358,80694.439,99355.886,195035.327,NA,38013.471,NA,52468.901,15455.019,192962.697,54562.014,21309.437,15633.779,74622.913,23373.443,NA,70404.341,NA,NA,13593.918,NA,131715.003,165267.161,96669.424,NA,NA,356482.609,344412.578,NA,350112.289,14332.138,4951350.172,NA,18907.219,17919.605,27312.711,418031.638,NA,39392.553,475179.885,46068.796,41444.792,11704.024,NA,11885.698,222789.388,NA,200996.834,NA,15043.059,NA,110240.608,38747.292,NA,852572.549,827843.493,979746.96,14229.331,143412.252,3335282.974,5058279.073,339135.923,54116.257,1624428,NA,12317.226,14532.787,288296.342,NA,120683.985,393717.161,40761.381,NA,NA,NA,412681.21,364773.148,641716.637,46586.084,104025.073,158598.022,58457.682,NA,69250.249,1155257.844,NA,NA,140645.745,NA,34650.828,NA,NA,17303.928,618563.886,NA,113039.002,NA,95974.966,123292.749,120754.775,NA,125569.329,339106.711,61254.582,95163.864,156092.555,NA,NA,NA,NA,59302.575,262844.168,15688.955,NA,234131.263,NA,NA,346133.925,14011.078,260428.372,13599.253,36959.077,47226.652,17985.141,154091.358,101505.499,NA,NA,42026.932,1533376.63,NA,12974.611,23299.667,1395411.413,25330.268,NA,NA,22822.209,56619.866,12041.964,NA,NA
466,27313.189,NA,77870.815,29467.558,NA,11198.596,133808.792,NA,16486.818,22941.965,246479.101,NA,144658.891,11268.789,24350.098,222057.578,692231.829,24086.931,13209.104,NA,80654.395,NA,238995.153,208771.468,229937.56,26992.274,NA,NA,NA,23718.806,10377.943,42607.534,522544.03,73160.502,524462.357,27683.519,NA,NA,90019.264,118988.62,29244.851,10789.288,NA,200120.277,345837.095,NA,NA,105158.595,23405.069,34076.877,11679.124,25795.191,NA,98392.92,143000.001,31671.69,55628.794,NA,325591.137,NA,78083.156,31894.271,NA,17389.613,113306.892,NA,92787.333,174836.208,276584.904,244235.465,12769.065,362751.384,12380.366,89747.576,14576.232,21408.088,777165.744,32807.1,NA,NA,29936.782,61969.991,16778.247,37809.06,11287.55,129821.802,15864.305,547944.475,467492.427,NA,NA,NA,NA,188098.935,188317.043,24498.857,310009.616,403897.673,14522.005,NA,190499.399,25327.741,205738.868,123006.08,NA,NA,13314.75,NA,39981.159,40151.353,NA,22416.061,19882.193,NA,49466.603,NA,76248.198,NA,NA,NA,66562.978,NA,NA,86554.877,19054.593,NA,75637.314,NA,32745.057,NA,19762.549,373316.383,100048.537,16455.794,NA,19759.112,21457856.81,NA,NA,550720.331,NA,12540.792,19818.159,20509.706,13362.102,14154.507,40508.874,NA,22706.392,29679.075,184303.296,127920.555,200879.77,17391.889,13323.318,NA,1214374.401,NA,29653.747,189335.501,NA,22734.868,NA,54566.001,33379.783,164153.963,NA,13460.636,84196.628,74356.733,NA,59530.934,218891.044,42774.375,27413.509,44563.595,16961.655,22997.514,NA,87620.562,115954.51,NA,330300.29,100037.103,NA,21001.427,NA,40857.287,12250.029,219971.245,NA,NA,692031.073,295987.787,104143.109,278226.606,309210.009,6104456.643,NA,43346.223,40023.995,31404.882,542676.524,12077.904,560118.481,354838.754,44209.131,16358.073,67821.905,NA,12194.021,193926.123,11769.994,182033.699,NA,19094.467,14056.986,782683.715,42466.601,66097.287,245841.942,NA,NA,NA,10360.9,65417.644,NA,11658.891,92726.18,43113.124,27887.409,27668.695,13446.439,112851.085,NA,146877.949,23313.962,33130.139,16936.229,NA,11584.33,NA,85840.396,262429.669,23192.009,104894.493,346679.128,66381.104,10357.21,32337.173,1386773.713,NA,NA,NA,57750.364,13326.724,NA,14624.965,NA,909436.684,919203.197,310312.218,NA,107696.362,24351.977,29388.804,277860.296,10411.367,574976.163,51471.3,71154.529,72810.516,NA,11478.98,273103.242,550601.694,77056.675,208169.402,215831.616,53459.236,221957.378,NA,NA,310959.532,10327.285,513162.007,17614.232,52573.959,107216.907,NA,214225.99,57753.692,NA,159117.698,411597.036,1914490.607,NA,201015.885,160687.609,1856853.269,100185.946,NA,NA,NA,87819.13,NA,NA,15599.322
