"","C001","C002","C003","C004","C005","C006","C007","C008","C009","C010","C011","C012","C013","C014","C015","C016","C017","C018","C019","C020","C021","C022","C023","C024","C025","C026","C027","C028","C029","C030","C031","C032","C033","C034","C035","C036","C037","C038","C039","C040","C041","C042","C043","C044","C045","C046","C047","C048","C049","C050","C051","C052","C053","C054","C055","C056","C057","C058","C059","C060","C061","C062","C063","C064","C065","C066","C067","C068","C069","C070","C071","C072","C073"
"AZT.1.10_2012",292.766,2290.793,0,0,589.515,0,0,0,469.464,0,0,406.592,0,0,1827.418,0,0,255.097,0,0,2021.666,0,0,2908.666,437.943,0,0,319.032,203.919,168.894,0,0,0,0,0,0,686.181,1692.433,771.696,313.435,0,0,103.719,143.489,0,0,0,195.645,59.505,192.241,0,96.925,144.648,0,0,83.482,0,0,0,0,0,151.533,0,253.049,0,186.473,439.102,0,0,0,0,0,0
"AZT.1.3_2012",399.753,1596.315,0,0,0,0,0,0,313.48,0,0,1370.219,2313.761,0,1088.011,0,0,0,145.96,0,4114.135,0,0,2054.18,371.383,0,962.757,95.651,0,0,0,0,0,0,0,0,439.193,5160.686,193.627,127.353,0,0,228.307,319.239,0,0,0,319.773,0,52.211,0,0,0,0,0,0,0,0,0,0,0,115.112,0,211.287,0,123.796,406.217,123.574,0,0,0,0,0
"AZT.1.3_2021",1991.113,0,0,0,0,0,275.235,0,107.299,288.732,1916.415,0,0,0,0,0,140.078,204.613,4410.158,220.658,0,0,0,0,1276.056,126.147,0,0,0,0,0,246.236,0,0,580.051,6137.343,243.128,233.994,108.547,0,349.061,0,0,0,0,0,0,0,0,0,0,0,0,0,0,0,0,0,0,163.999,0,0,0,0,0,0,0,0,0,0,0,0,0
"AZT.1.7_2012",70.689,2133.093,0,0,457.99,0,0,0,569.955,0,0,676.584,0,0,1924.849,0,0,241.134,0,0,1634.245,0,0,4736.041,794.962,0,0,365.276,335.791,235.877,0,0,0,0,0,0,705.5,2771.851,708.537,295.189,0,0,161.327,106.818,0,0,0,0,83.311,385.03,0,0,179.477,0,0,149.514,0,0,0,0,0,168.755,0,488.424,0,346.938,765.893,0,0,0,0,0,0
"AZT.1.7_2021",4427.94,167.614,567.036,0,0,0,599.557,0,0,135.666,788.14,0,0,0,0,0,609.706,147.625,2752.092,110.621,0,0,4000.412,0,474.055,772.422,399.061,0,0,129.935,290.413,167.868,0,0,1333.352,1215.762,1279.914,172.067,291.244,0,205.83,0,0,0,0,117.765,0,114.37,105.392,52.837,0,0,90.624,0,0,0,0,0,0,274.029,0,0,0,0,0,0,0,0,0,0,0,0,0
"AZTW.1.5_2012",803.585,2598.282,0,0,0,0,0,0,593.082,0,0,249.657,0,0,2422.115,0,0,0,0,0,1294.795,0,0,516.843,187.087,0,161.421,113.622,0,0,0,0,0,0,0,247.073,945.009,300.481,0,252.838,0,65.229,0,114.016,0,0,0,386.391,86.241,64.366,0,0,0,0,0,0,0,0,0,0,0,164.605,0,612.563,0,173.335,513.348,0,0,0,0,0,0
"AZTW.1.5_2021",1929.12,124.62,0,478.214,0,0,122.186,0,0,0,0,0,0,0,0,0,220.57,0,1543.429,0,0,0,0,0,680.681,156.292,0,0,0,0,145.016,0,0,0,891.543,1626.911,382.059,0,82.41,0,139.889,0,0,74.027,0,93.672,0,0,121.577,0,0,0,0,0,0,0,0,0,0,209.574,0,0,0,0,0,0,0,0,0,0,0,0,0
"AZTW.1.7_2012",599.954,1677.474,0,0,0,0,0,0,386.706,0,0,192.195,91.236,0,2674.222,0,0,165.845,0,0,684.152,0,0,1805.713,114.922,0,737.413,284.16,0,0,0,0,0,0,0,0,991.753,137.3,0,226.628,0,161.98,0,82.33,0,0,0,635.187,98.176,86.776,0,0,0,107.82,0,0,0,0,0,0,0,277.214,0,468.682,0,0,517.206,0,0,0,0,0,0
"AZTW.1.7_2021",1150.067,0,678.934,0,0,0,131.489,0,0,564.775,0,0,0,0,0,0,205.668,0,750.456,160.555,0,927.496,0,0,1168.17,425.151,118.17,0,0,0,0,0,0,0,1152.442,827.363,138.514,490.29,0,0,0,0,0,0,0,0,0,0,0,0,0,0,0,0,0,0,0,0,0,356.251,0,0,0,0,0,0,0,0,0,0,0,0,0
"AZTW.1.8_2012",401.776,4595.333,0,0,543.94,258.852,0,0,815.551,0,0,363.528,0,0,2028.175,0,0,386.835,0,0,839.768,0,0,3229.078,354.929,0,490.945,306.996,0,182.067,0,0,195.058,0,0,162.286,528.855,99.396,978.311,244.881,0,124.179,0,67.046,0,0,0,520.158,97.813,150.006,0,89.327,0,82.83,0,0,0,0,0,0,0,99.397,0,250.322,0,202.324,159.294,0,0,0,0,0,0
"AZTW.1.8_2021",3320.935,115.391,0,0,0,0,381.242,0,102.273,0,227.979,0,0,0,0,0,402.401,248.039,687.526,0,0,0,0,0,425.625,313.762,156.37,0,0,0,136.314,0,0,0,521.832,1108.457,116.46,0,127.495,0,0,0,0,84.837,0,149.124,0,0,146.012,0,0,0,0,0,0,0,0,0,0,108.91,0,0,0,0,0,0,0,0,0,0,0,0,0
"CAT.1.1_2012",0,3694.588,0,0,770.864,335.097,230.377,0,521.324,0,0,246.497,0,0,632.68,0,0,911.991,300.934,0,800.137,0,0,8197.762,355.017,0,0,469.336,0,787.045,0,0,144.652,185.269,0,224.236,238.945,107.924,1566.846,412.116,0,0,8791.039,0,0,100.588,0,194.877,73.354,425.634,0,158.788,283.854,0,0,154.99,0,0,0,0,0,0,0,408.307,0,0,159.163,0,0,0,0,0,0
"CAT.1.1_2021",0,0,0,0,0,0,0,0,0,0,0,0,0,0,0,0,0,0,0,0,0,0,0,0,0,0,0,0,0,0,0,0,0,0,0,0,0,0,178.971,0,0,0,0,0,0,0,0,0,0,0,0,0,0,0,0,0,0,0,0,0,0,0,0,0,0,0,0,0,0,0,0,0,0
"CAT.1.5_2012",375.778,2749.415,0,0,0,0,0,0,621.161,0,0,192.624,0,0,452.407,0,0,652.993,0,0,1850.574,0,0,1488.063,165.713,0,489.42,396.206,0,312.163,0,0,150.13,0,0,166.607,175.382,660.688,0,227.971,0,0,4889.877,226.485,0,0,0,499.644,0,90.18,0,120.068,0,74.446,0,0,0,0,0,0,0,98.942,0,279.765,0,0,81.448,0,0,0,0,0,0
"CAT.1.5_2021",4464.509,0,0,782.047,0,0,274.444,0,0,0,156.262,0,0,0,0,0,1743.886,159.604,2576.322,0,0,0,0,0,454.86,687.736,670.833,0,0,0,302.207,0,0,0,380.688,2956.044,1227.549,538.464,0,9318.258,0,298.077,0,0,147.658,107.53,0,0,63.939,78.177,0,0,0,0,0,0,0,0,0,188.181,0,0,0,0,0,0,0,0,0,0,0,0,0
"CAT.2.4_2012",0,2073.352,0,0,925.625,254.461,0,0,367.652,0,0,365.602,0,0,364.77,0,0,242.959,174.172,0,3025.036,0,0,3776.735,274.602,0,0,275.538,271.209,0,0,0,0,0,0,0,208.772,475.846,0,121.799,0,0,278.646,223.634,0,0,0,134.451,0,183.658,0,98.295,83.592,0,0,386.549,0,0,0,0,0,0,0,557.196,0,71.929,213.131,0,0,0,0,0,0
"CAT.2.4_2021",2656.284,137.566,0,0,0,0,195.209,0,0,0,331.306,0,0,0,0,0,374.706,180.96,2765.057,0,0,0,0,0,212.733,370.499,93.178,0,0,0,96.446,0,0,0,211.041,1527.979,497.423,0,302.173,117.512,300.883,0,0,0,0,0,0,0,181.774,0,0,0,393.543,0,0,0,0,0,0,0,0,0,0,0,0,0,0,0,0,0,0,0,0
"CAT.2.7_2012",781.498,0,0,0,0,0,0,0,341.282,153.022,533.347,3533.09,0,0,1025.019,0,177.491,0,159.169,225.023,9976.922,0,0,0,390.163,0,0,0,0,0,0,0,0,0,0,0,90.218,11102.693,0,0,373.967,0,964.852,686.619,168.805,0,0,467.815,0,0,0,0,0,0,0,122.284,0,0,0,0,0,0,0,542.724,0,0,117.231,0,0,0,0,0,0
"CAT.2.9_2021",4452.624,125.789,0,383.998,0,0,225.395,0,0,0,0,0,0,0,0,0,567.766,140.325,2775.9,0,0,0,0,0,392.439,235.248,150.044,0,0,0,239.995,0,0,0,276.534,774.123,724.664,171.57,356.682,259.383,196.684,0,0,0,0,131.382,337.71,0,58.321,0,0,0,0,0,0,0,0,0,0,71.089,0,0,0,0,0,0,0,0,0,0,0,0,0
"CAV.1.10_2012",0,1032.259,0,0,0,0,0,0,684.104,0,627.418,2148.734,0,0,3632.736,0,0,0,144.112,0,4761.979,0,0,206.283,1066.426,0,0,160.469,166.229,0,0,0,0,0,0,0,866.221,7611.955,0,185.36,258.298,0,460.384,342.662,109.578,0,0,251.731,0,93.506,0,0,119.456,0,0,137.759,0,168.793,0,0,0,79.243,0,538.467,0,235.761,225.451,0,0,0,0,0,0
"CAV.1.4_2012",770.886,811.592,0,0,0,0,0,0,400.15,0,0,0,0,0,1466.994,0,0,0,0,0,736.276,0,0,1147.914,568.921,0,0,179.355,185.942,0,0,0,0,0,0,0,423.362,0,0,220.389,0,0,0,0,0,0,0,134.591,0,95.507,0,0,94.457,0,0,0,0,0,0,0,0,0,0,304.049,0,140.032,281.535,0,0,0,0,0,0
"CAV.1.6_2012",1014.584,1118.436,0,0,0,0,0,0,1860.885,0,196.481,631.27,0,0,2084.036,0,0,0,0,0,1099.829,0,0,179.015,168.01,0,197.681,177.078,0,0,0,0,0,0,0,0,377.855,2148.077,0,221.679,0,0,178.95,93.578,0,0,0,210.666,0,98.131,0,0,122.58,0,0,0,0,0,0,0,0,0,0,0,0,88.01,0,0,0,0,0,0,0
"CAV.1.7_2012",760.501,0,0,0,0,0,0,0,273.098,0,254.593,884.708,0,0,1875.573,0,0,0,0,0,1134.304,0,0,0,0,0,0,0,0,0,0,0,0,0,0,0,366.296,2904.006,0,175.369,0,0,0,119.681,0,0,0,222.511,0,72.414,0,0,82.39,0,0,121.628,0,138.278,0,0,0,0,0,0,0,0,0,0,0,0,0,0,0
"CAV.1.9_2012",1013.283,910.08,0,0,0,0,0,0,1687.362,0,421.17,1424.939,0,0,4009.599,0,0,0,0,0,2091.774,0,0,0,606.821,0,108.562,121.316,0,0,0,0,0,0,0,0,586.384,5047.77,0,147.711,80.362,0,122.652,155.831,88.525,0,0,760.618,110.739,160.697,0,0,89.053,0,0,55.818,0,120.633,0,0,0,0,0,283.415,0,0,102.725,0,0,0,0,0,0
"CAV.2.10_2012",1022.986,1137.044,0,0,0,0,0,0,509.792,0,261.468,0,0,0,3331.467,0,0,0,182.212,0,6892.299,0,0,2875.998,391.359,0,142.393,0,0,255.805,0,14361.198,0,0,0,0,104.508,120.759,0,139.068,115.728,0,445.475,437.124,0,0,0,210.584,0,119.689,0,0,0,0,0,0,0,0,0,0,0,0,0,644.963,0,105.558,180.889,0,0,0,0,0,0
"CAV.2.6_2012",0,0,0,0,0,0,0,0,243.184,0,329.813,886.498,0,0,1096.891,0,122.232,0,179.391,0,6224.151,0,0,0,636.68,0,0,0,0,0,0,0,0,0,0,0,105.563,3578.371,0,0,187.976,0,460.68,533.348,98.752,0,0,122.339,0,74.893,0,0,0,0,0,280.106,0,0,154.912,0,0,0,0,1137.82,65.733,77.325,680.82,0,0,0,0,0,0
"CAV.3.6_2012",0,0,0,0,0,0,0,0,464.936,0,527.58,583.418,0,0,1076.116,0,0,0,135.825,0,4201.215,0,0,0,718.804,128.926,0,0,0,0,0,0,0,0,0,0,176.996,5737.262,0,0,163.475,0,248.209,427.464,293.669,97.995,0,273.15,0,0,0,0,0,0,0,0,0,0,0,0,0,0,0,732.698,0,0,549.873,0,0,0,0,0,0
"CAV.4.1_2012",872.581,1069.941,0,0,0,0,0,0,1051.229,0,473.061,1014.69,0,0,1555.498,0,0,170.946,130.253,0,4848.785,0,0,2555.644,525.089,0,0,297.426,231.765,149.442,0,0,0,124.285,0,0,412.306,4932.153,0,278.351,108.157,68.007,378.289,376.995,167.861,0,0,449.662,0,0,0,0,0,0,0,69.454,0,0,0,0,0,106.799,0,1144.079,62.556,125.063,517.231,0,0,0,0,0,0
"CAV.4.4_2012",0,944.269,0,0,0,0,0,0,1109.255,0,657.941,807.619,0,0,2294.53,0,0,0,196.408,0,5592.756,0,0,248.111,1718.468,0,210.043,154.816,0,0,0,0,0,138.801,0,0,358.079,7375.787,0,172.568,188.22,0,305.002,574.224,193.371,0,0,163.73,0,131.129,0,0,71.336,0,0,0,0,0,0,0,0,0,0,1276.036,66.673,0,386.672,0,0,0,0,0,0
"CAVW.3.1_2012",784.843,1099.363,0,0,0,0,0,0,1308.216,0,454.582,1049.64,0,0,5027.877,0,114.369,0,0,145.318,5647.794,0,0,84.517,669.172,0,186.951,188.614,0,0,0,0,142.004,0,0,0,834.485,4324.833,0,142.299,135.096,0,228.992,562.669,198.984,0,0,188.285,0,0,0,0,0,0,0,0,0,0,0,0,0,93.257,0,979.117,71.457,463.721,520.825,0,0,0,0,0,0
"CAVW.3.5_2012",364.072,0,0,0,0,0,0,0,666.102,0,3094.079,724.977,0,0,1799.885,0,137.574,0,171.521,0,6574.377,0,0,0,546.542,0,0,0,0,0,0,0,0,0,0,0,101.843,2387.52,0,619.743,0,0,203.91,539.668,214.121,0,0,500.198,112.758,94.511,0,0,0,0,0,0,0,0,0,103.639,0,77.399,0,441.791,0,136.802,142.629,0,0,0,0,0,0
"CAVW.3.8_2012",597.073,0,0,0,0,0,0,0,379.913,0,521.413,1857.474,0,0,1141.715,0,0,0,114.394,0,3922.589,0,0,0,556.261,0,0,0,0,0,0,0,0,0,0,0,71.082,6648.924,0,0,204.002,0,523.754,324.091,130.288,0,0,0,0,0,0,0,0,0,0,85.655,0,0,0,0,0,0,0,825.526,0,671.581,475.944,0,0,0,0,0,0
"COVW.2.2_2012",927.466,1287.518,0,0,0,0,0,0,548.985,0,0,778.592,151.573,0,2254.016,0,0,0,0,0,1091.742,0,0,2392.607,1094.026,0,935.105,115.724,0,0,0,0,0,0,0,0,744.274,116.824,0,143.778,0,0,0,89.216,0,0,0,189.63,57.757,159.595,0,0,0,116.315,0,0,0,0,0,0,0,75.597,0,160.798,0,58.848,152.136,345.111,148.925,0,0,0,0
"COVW.2.2_2021",3412.864,225.455,0,834.076,0,0,1533.888,0,182.541,217.217,3128.403,0,444.824,4992.382,0,0,124.82,206.213,4326.201,287.948,0,0,1297.332,0,1824.524,229.113,0,0,0,0,846.316,140.471,0,0,901.521,195.104,266.4,237.052,118.968,0,212.812,0,0,0,0,0,0,0,0,0,0,0,85.964,0,0,0,0,0,0,143.55,0,0,0,0,0,0,0,0,0,0,0,0,0
"COVW.2.3_2012",912.991,0,0,0,0,0,0,0,161.575,0,0,523.228,0,0,1256.598,0,0,580.484,0,0,1403.042,0,0,0,0,20431.958,0,0,0,2120.984,0,0,0,0,0,0,581.258,2632.389,0,106.321,0,0,4314.075,0,381.079,0,0,0,0,70.445,0,0,0,0,0,89.224,0,0,0,0,0,133.425,0,202.302,0,0,592.965,0,0,0,0,0,0
"COVW.2.3_2021",1321.569,307.897,0,500.823,0,0,172.397,0,0,115.888,652.968,0,0,0,0,0,2266.636,155.645,4366.584,0,0,0,0,32882.307,120.759,0,0,3899.306,170.304,0,0,172.083,0,0,753.792,3246.678,0,262.225,0,16826.43,0,0,275.445,0,0,0,0,0,0,0,0,0,0,0,0,0,0,0,0,270.631,0,0,0,0,0,0,0,0,0,0,0,0,0
"COVW.2.4_2012",1266.913,743.933,0,0,0,0,0,0,341.429,0,0,433.667,3000.759,378.289,1546.884,0,0,1920.362,0,0,1455.556,0,198.153,2159.221,0,19770.233,1572.203,86.483,0,1842.354,0,0,0,0,123.692,0,542.949,2120.434,0,0,0,0,2728.412,121.25,165.264,0,0,408.29,0,0,0,0,0,0,0,0,0,0,0,0,0,0,0,133.399,0,0,128.862,187.175,0,0,0,0,0
"COVW.2.6_2012",436.323,473.507,0,0,0,0,0,0,0,0,0,0,1096.656,0,662.089,0,0,513.855,0,0,1009.622,0,0,1274.848,0,0,491.813,0,0,2183.955,0,0,0,0,121.959,0,243.458,0,0,0,81.181,0,1958.63,0,300.153,0,0,0,0,57.059,0,0,76.781,0,0,90.61,0,0,0,0,0,0,0,97.286,0,0,98.092,95.037,0,0,0,0,0
"COVW.2.7_2012",758.343,2053.724,0,0,444.114,0,0,0,1422.313,0,1496.386,3472.045,0,0,6512.931,0,0,0,328.382,173.604,0,12893.947,0,1126.87,1545.694,0,201.139,400.946,391.321,126.1,180.251,0,0,0,0,0,1508.142,12463.695,0,382.375,420.974,64.665,537.405,887.889,160.11,0,0,0,107.94,313.467,0,0,182.268,0,58.688,272.343,0,0,0,0,0,69.486,0,198.868,0,0,127.637,0,0,0,0,0,0
"COVW.2.7_2021",2065.638,120.665,0,415.721,0,0,724.082,0,162.884,927.575,2382.554,0,100.309,0,0,0,216.98,570.622,280.047,15582.903,0,0,0,0,370.755,368.648,0,216.955,0,84.462,0,133.922,0,0,145.439,0,11842.026,590.617,1209.846,0,0,1287.808,0,298.936,89.781,174.666,0,0,0,0,0,0,364.048,0,0,0,0,0,0,106.471,0,0,0,0,0,0,0,0,0,0,0,0,0
"COW.1.2_2012",742.898,940.912,0,0,0,0,0,0,0,0,571.333,1790.123,0,0,2331.686,0,0,0,344.653,0,12048.99,0,0,163.267,931.148,0,156.079,140.976,0,130.167,0,0,0,0,0,0,934.062,8798.309,0,252.514,459.583,0,440.803,1023.473,134.93,0,0,175.493,57.728,105.359,0,0,130.224,0,0,235.375,0,0,0,0,0,91.091,0,250.493,0,0,382.527,0,0,0,0,0,0
"COW.1.2_2021",2620.046,0,701.106,0,0,0,415.842,0,251.331,1328.144,3900.246,0,266.742,0,0,0,367.93,1286.464,319.066,21597.42,0,0,0,0,179.654,348.074,0,443.382,0,102.964,0,246.11,0,0,108.551,2054.521,14920.518,757.079,891.143,0,0,1748.611,0,133.398,0,0,144.33,169.784,61,150.931,0,0,400.052,0,0,0,0,0,149.986,166.972,0,0,0,0,0,0,0,0,0,0,0,0,0
"COW.1.8_2012",457.876,849.655,0,0,0,0,0,0,372.948,0,0,307.254,1511.161,0,2992.439,0,0,1760.535,129.313,0,5491.396,0,0,954.275,0,10302.708,586.041,97.643,91.609,3350.363,0,0,0,0,0,0,1293.031,872.784,0,269.58,0,0,3477.293,455.788,151.69,0,0,263.457,0,70.575,0,0,74.943,0,0,0,0,0,0,0,0,0,0,115.267,0,0,0,0,0,0,0,0,0
"IDT.1.10_2012",546.567,4116.564,0,0,609.919,0,454.694,0,505.825,0,0,0,0,0,459.805,0,0,856.625,0,0,285.097,0,0,1977.28,0,0,622.847,394.174,0,404.406,0,154.232,203.029,0,0,198.361,144.897,0,1535.193,232.164,0,0,5458.353,0,0,0,0,481.349,0,144.249,0,175.47,148.333,0,0,0,0,0,0,0,0,0,0,259.87,0,0,0,0,0,0,0,0,0
"IDT.1.10_2021",5289.079,139.655,0,1163.351,0,0,240.956,0,0,0,0,89.277,0,0,0,0,1883.68,358.543,501.985,0,0,0,2717.657,0,356.653,632.192,769.827,0,0,0,479.753,0,0,0,266.193,1425.997,0,610.538,0,9528.307,0,0,0,0,0,335.811,1126.51,115.136,98.957,119.264,0,0,67.059,0,0,0,0,0,0,0,0,0,0,0,0,0,0,0,0,0,0,0,0
"IDT.1.2_2012",5324.635,3716.548,0,0,689.417,274.562,0,0,1033.548,0,0,672.378,0,0,736.895,0,0,513.177,0,0,1860.348,0,0,6333.654,298.375,0,0,572.007,402.937,228.743,0,140.533,247.588,0,0,0,286.395,86.735,1542.323,329.623,84.717,0,429.691,207.226,0,0,0,187.169,65.443,212.773,0,161.141,226.247,0,0,67.478,0,0,0,0,0,0,0,119.662,0,0,0,0,0,0,0,0,0
"IDT.1.2_2021",3971.067,0,0,727.284,0,0,157.986,0,0,0,161.792,0,0,0,0,0,838.991,235.501,993.81,102.734,0,0,0,0,641.637,524.341,288.081,0,0,0,355.138,212.449,0,0,318.796,4518.194,1825.453,103.917,541.814,0,272.488,0,0,120.84,0,78.731,0,0,64.182,0,0,0,0,0,0,0,0,0,0,0,0,0,0,0,0,0,0,0,0,0,0,0,0
"IDT.1.3_2012",284.24,3877.324,0,0,760.013,340.464,603.564,0,913.599,0,0,0,0,0,590.686,0,0,910.656,0,0,1391.512,0,0,4239.231,206.567,0,0,723.148,540.806,693.788,0,178.507,168.063,0,0,198.943,151.52,89.187,1496.156,306.043,0,0,4644.499,182.251,0,0,0,343.971,94.512,245.373,0,185.625,193.578,0,0,117.894,0,0,0,0,0,0,0,308.216,0,0,151.099,0,0,0,0,0,0
"IDT.1.3_2021",10696.694,236.796,0,0,0,0,768.807,0,0,126.838,160.175,171.747,0,0,0,0,2197.887,776.972,1748.162,154.567,0,0,4626.598,0,878.563,1197.619,1672.92,0,0,0,456.524,0,0,0,349.462,2451.717,0,791.703,0,10322.121,0,0,238.185,161.567,84.546,144.038,55.777,183.453,92.1,173.171,0,0,108.86,0,87.626,0,0,0,0,84.708,0,0,0,0,0,0,0,0,0,0,0,0,0
"IDT.1.4_2012",0,1706.576,0,0,0,0,0,0,373.163,0,0,0,0,0,307.971,0,0,461.588,0,0,740.815,0,0,1090.284,0,0,564.795,424.457,0,172.457,0,0,0,0,0,106.851,83.29,605.914,0,216.072,0,0,2960.768,132.636,0,0,0,471.329,0,77.686,0,156.049,0,67.278,0,0,0,0,0,0,0,0,0,217.779,0,0,0,0,0,0,0,0,0
"IDT.1.6_2012",464.88,4579.361,0,0,461.573,256.533,215.201,0,1770.655,0,0,758.789,0,0,926.28,0,0,719.345,0,0,438.5,0,0,3025.659,0,0,0,1394.888,958.079,302.042,0,0,277.099,0,0,0,249.729,73.798,1844.547,170.15,0,688.977,0,76.555,0,0,0,494.771,104.742,230.141,0,168.947,177.355,0,0,84.435,0,0,0,0,0,75.34,0,156.939,0,0,70.889,0,0,0,0,0,0
"IDT.1.6_2021",7748.054,165.791,0,1474.406,0,0,263.785,0,0,0,143.439,161.708,0,0,0,0,1550.977,888.253,849.985,224.704,0,0,8340.408,0,1255.766,2051.104,670.674,0,0,0,683.822,240.921,0,0,459.966,5677.916,0,312.81,946.049,0,72.849,0,0,217.751,0,542.761,1320.289,203.603,92.612,171.652,0,0,186.856,0,88.545,0,0,0,0,148.571,0,0,0,0,0,0,0,0,0,0,0,0,0
"IDT.2.4_2012",305.288,4355.378,0,0,769.798,364.784,216.732,0,731.604,0,0,298.898,0,0,643.786,0,0,777.887,0,0,0,0,0,5726.418,183.864,0,0,785.054,499.764,439.519,0,0,308.244,238.897,0,190.066,156.49,109.217,1461.238,387.859,0,106.546,2437.494,0,0,0,0,248.319,96.164,322.949,0,153.68,220.609,0,0,109.668,0,0,0,0,0,0,0,191.481,0,0,0,0,0,0,0,0,0
"IDT.2.4_2021",7300.003,176.104,0,0,0,0,834.483,0,174.8,0,300.719,118.808,0,0,0,0,1434.474,425.973,247.009,121.144,0,0,0,0,422.98,571.134,429.796,0,0,0,163.173,0,0,0,182.188,2417.751,207.411,197.299,3014.946,0,0,0,0,99.859,0,188.135,1494.586,93.949,70.148,75.389,0,0,0,0,0,0,0,0,0,0,0,0,0,0,0,0,0,0,0,0,0,0,0
"IDT.3.3_2012",0,3187.678,0,0,0,0,0,0,433.337,0,0,193.797,0,0,513.475,0,0,1197.031,0,0,707.113,0,0,2727.547,195.939,0,528.973,339.134,0,1322.852,0,0,129.435,223.184,0,0,194.931,1080.07,0,184.788,0,0,1226.098,159.678,0,0,0,535.586,0,79.769,0,138.561,99.258,0,0,0,0,0,0,0,0,0,0,159.751,0,0,0,0,0,0,0,0,0
"IDT.3.5_2012",290.918,3028.827,0,0,784.65,258.479,0,0,1148.948,0,180.947,440.78,0,0,3436.386,0,0,782.993,0,0,1944.759,0,0,3008.677,968.385,0,0,323.232,322.874,1182.131,85.39,0,0,0,0,179.536,1256.01,3762.332,512.04,315.582,0,0,6929.535,197.055,0,84.16,0,137.927,231.061,594.52,0,0,255.4,0,0,135.513,0,0,0,0,0,58.586,0,159.507,0,0,121.486,0,0,77.114,0,0,0
"IDT.3.5_2021",4194.44,196.533,0,0,0,0,387.158,0,0,0,220.184,0,0,0,0,0,2137.651,0,2157.467,0,0,0,0,0,590.183,400.721,763.551,0,0,0,141.379,0,0,0,1117.307,3923.778,430.425,575.916,0,6984.852,0,304.532,0,174.704,136.153,0,54.167,70.854,146.674,0,0,0,0,0,0,0,0,0,0,99.5,0,0,0,0,0,0,0,0,0,0,0,0,0
"IDT.3.9_2012",412.929,4416.856,0,0,731.449,366.98,201.721,0,1403.379,0,0,163.452,0,0,784.856,0,0,795.911,367.01,0,2208.415,0,0,9313.589,419.393,0,0,597.481,444.726,872.042,0,0,171.406,200.228,0,155.577,299.919,108.57,1752.175,420.035,0,0,3237.421,215.989,181.3,0,0,0,71.744,269.873,0,145.757,175.341,0,0,81.563,0,0,0,0,0,0,0,0,0,0,0,0,0,0,0,0,0
"IDT.3.9_2021",18655.679,198.85,0,0,0,0,3346.747,0,0,296.632,441.113,170.674,146.536,0,0,0,1872.735,1256.433,4804.414,190.467,0,0,0,816.392,1230.338,886.324,3145.84,142.354,0,374.046,176.213,109.295,0,0,883.988,3668.189,77.606,1124.056,0,9406.436,0,0,0,1366.949,200.048,77.759,122.45,458.434,92.737,352.511,0,0,170.252,0,88.483,0,0,0,0,0,0,0,0,0,0,0,0,0,0,0,0,0,0
"IDV.2.7_2012",585.076,0,0,0,0,0,0,0,495.41,0,318.943,1779.763,906.501,0,976.628,0,0,0,0,0,2832.21,0,0,917.635,422.198,0,683.86,0,0,0,0,0,0,0,0,0,120.193,5183.623,0,0,153.359,0,456.237,193.915,0,0,0,146.484,0,0,63.398,0,0,0,0,84.49,0,0,0,55.58,0,0,0,249.899,0,74.765,129.59,116.195,0,0,0,0,0
"IDV.2.8_2012",648.159,0,0,0,0,0,0,0,743.479,161.043,1220.048,3580.702,1389.177,0,1675.982,0,0,0,0,0,4618.545,0,0,757.936,378.642,0,510.272,0,0,0,0,0,0,0,0,0,109.635,11492.551,0,0,156.37,0,297.993,198.787,146.109,0,0,0,0,74.355,0,0,0,0,0,80.55,0,0,0,60.295,0,59.477,0,338.997,0,213.387,336.278,79.126,0,0,0,0,0
"IDV.3.4_2012",638.075,627.575,0,0,0,0,0,0,743.879,171.092,1421.804,3735.31,0,0,2334.015,0,251.027,0,231.247,0,10543.548,0,0,134.685,1085.729,0,142.244,0,0,94.116,0,0,0,0,0,0,277.599,14957.374,0,0,276.412,0,386.927,493.16,287.101,0,0,128.671,103.376,144.073,51.456,0,64.032,0,0,277.317,0,0,0,0,0,0,0,592.817,0,587.184,237.461,0,0,0,0,0,0
"IDV.3.5_2012",0,0,517.458,0,0,0,0,0,0,0,485.71,2694.068,0,0,310.677,0,184.148,0,0,0,9651.707,0,0,0,207.505,0,164.4,0,0,0,0,0,0,0,0,0,0,9812.88,0,0,273.881,0,423.339,249.469,340.841,0,0,0,0,0,432.307,0,0,0,0,261.076,0,0,0,0,0,151.004,0,383.645,0,384.461,376.345,0,0,0,0,222.826,0
"IDV.3.7_2012",0,0,0,0,0,0,0,0,0,0,429.638,2679.742,0,0,381.655,0,183.775,0,181.174,0,6455.189,0,0,0,288.782,0,0,0,0,0,0,0,0,0,0,0,0,11196.276,0,0,118.323,0,543.601,444.064,217.633,0,0,0,0,0,0,0,0,0,0,84.009,0,0,0,0,0,260.752,0,940.702,0,624.195,475.535,0,0,0,0,0,0
"IDV.3.8_2012",504.766,1362.941,149.26,0,0,0,0,0,1516.965,0,224.486,1626.795,0,0,664.406,0,155.443,261.778,160.001,0,5573.295,0,0,5132.827,401.856,0,0,424.784,454.485,224.498,181.062,0,0,0,0,0,188.75,5066.406,126.154,253.231,97.82,0,436.565,195.945,186.298,0,0,0,0,145.289,0,0,143.537,0,228.276,107.743,0,0,0,0,0,172.646,0,356.181,0,199.356,135.84,0,0,0,0,161.611,0
"IDV.5.1_2012",640.03,982.661,0,0,0,0,0,0,630.767,0,305.323,1587.405,408.533,0,3409.616,0,0,0,122.22,0,153.006,0,0,980.656,1420.273,0,553.21,207.04,195.498,0,0,0,0,250.496,0,0,364.639,86.932,0,180.478,0,0,445.231,0,0,0,0,0,79.811,244.378,0,0,100.429,0,0,50.947,0,0,0,135.551,0,0,0,474.457,0,0,270.008,227.232,0,0,0,0,0
"IDV.5.10_2012",183.83,1091.337,0,0,0,0,0,0,1066.19,0,403.886,1985.9,0,0,7553.838,0,113.01,0,131.194,0,5150.629,0,0,131.874,869.059,0,0,360.534,347.739,0,90.763,0,0,406.35,0,0,768.866,7542.462,0,123.868,72.858,0,249.037,463.36,113.395,0,0,553.617,143.837,198.089,0,0,90.848,0,0,148.305,0,0,0,0,0,141.477,0,116.384,0,0,0,0,0,0,0,0,0
"IDV.5.2_2012",802.849,577.302,0,0,0,0,0,0,2704.079,0,0,0,737.629,0,0,0,0,246.858,0,0,179.178,0,0,1732.669,0,0,1281.287,0,0,645.74,0,0,0,0,0,176.028,0,102.082,0,0,0,0,10584.11,0,0,0,0,0,0,0,0,0,0,0,0,50.895,0,0,0,282.018,0,0,0,278.223,0,324.517,264.068,487.966,188.729,0,0,83.228,101.009
"IDV.5.7_2012",0,0,0,0,0,0,0,0,7767.141,0,139.578,722.221,0,0,0,0,0,0,0,0,0,0,0,615.263,0,0,475.553,0,0,0,0,0,0,0,0,0,0,2953.861,0,0,0,0,0,0,0,0,0,0,84.516,0,0,0,0,0,0,74.814,0,0,0,383.915,0,0,0,170.241,0,0,92.318,293.737,111.014,0,150.978,264.994,0
"IDV.5.8_2012",568.337,0,600.072,0,0,0,0,0,0,210.46,1347.065,4211.394,0,0,981.824,0,123.586,0,150.976,0,6374.696,0,0,0,227.995,0,158.508,0,0,0,0,0,0,0,0,0,0,10822.998,0,0,86.919,0,914.264,314.844,294.082,134.47,0,179.726,0,0,0,0,0,0,0,879.186,0,0,0,182.203,0,0,0,166.887,0,156.525,76.102,0,0,0,0,335.011,0
"IDV.5.9_2012",0,0,0,0,0,0,0,0,0,0,266.344,364.149,2213.034,148.988,0,0,0,379.123,0,0,254.873,0,0,1928.288,0,0,1319.628,0,0,574.59,0,0,0,0,0,188.258,0,1521.061,0,0,0,0,13048.754,0,0,0,0,185.393,0,0,0,0,0,0,0,0,0,0,0,0,0,0,0,97.353,0,195.187,414.883,517.156,204.688,0,0,0,0
"IDW.1.2_2012",1515.106,5217.084,0,0,0,0,0,0,4121.907,0,0,0,0,0,1727.829,0,0,1009.174,0,0,1622.218,213.609,0,5237.582,353.212,0,0,1702.391,1052.62,292.623,0,0,473.328,365.583,0,0,802.995,0,3017.507,495,0,0,1335.936,163.142,0,0,0,508.95,0,181.497,0,179.997,125.944,0,0,112.684,0,0,0,0,0,0,0,304.25,0,97.268,0,0,0,0,0,0,0
"IDW.1.2_2021",9886.513,261.011,0,0,0,0,2185.338,0,129.068,0,0,192.807,0,0,117.977,0,1200.371,494.12,4016.031,146.399,0,0,8445.534,0,1210.56,1389.373,435.425,0,0,0,644.183,0,0,0,562.628,582.468,272.896,408.853,801.263,0,200.664,0,0,368.111,0,155.972,1654.307,0,59.396,0,0,0,0,0,0,0,0,0,0,102.556,0,0,0,0,0,0,0,0,0,0,0,0,0
"IDW.1.3_2012",210.701,2266.039,0,0,0,0,0,0,1307.479,0,0,229.519,0,0,634.404,0,0,387.094,0,0,695.724,0,0,3889.051,159.941,0,0,690.545,514.03,213.35,0,233.367,0,161.172,0,0,280.808,1093.163,926.628,305.317,0,159.011,502.499,71.207,0,0,0,338.985,0,79.766,0,147.627,0,0,0,0,0,0,0,0,0,0,0,351.777,0,103.609,145.728,0,0,0,0,0,0
"IDW.1.4_2012",0,0,0,0,0,0,0,0,0,0,364.083,2376.024,0,0,391.621,0,127.744,0,0,0,5984.627,0,0,0,102.2,0,0,0,0,0,0,0,0,0,0,0,0,10504.254,0,0,312.563,0,380.955,146.164,178.315,0,0,340.304,0,0,0,0,0,0,0,87.73,0,0,0,0,0,91.018,0,365.056,0,311.88,250.998,0,0,0,0,0,0
"IDW.1.4_2021",14727.314,165.04,0,0,0,0,2375.969,0,272.854,146.667,119.086,224.256,108.369,0,119.16,0,1224.074,772.719,292.409,13092.401,0,0,10031.797,0,806.494,1366.459,728.724,194.104,0,0,610.846,0,0,0,700.791,1100.103,93.998,772.067,393.48,0,0,472.853,0,254.086,0,0,0,100.548,78.817,0,0,0,90.14,0,0,0,0,0,0,214.084,0,0,0,0,0,0,0,0,0,0,0,0,0
"IDW.1.5_2012",1550.725,5164.424,0,0,559.852,246.204,0,0,2444.74,0,0,506.794,0,0,3230.24,0,0,561.982,0,0,1590.29,0,0,5796.727,660.632,0,115.202,1197.95,993.653,355.785,0,0,215.519,218.181,0,0,1015.318,89.144,786.801,348.412,0,0,1317.851,136.018,166.919,0,0,484.808,76.386,258.537,0,111.981,145.218,0,0,110.829,0,0,0,0,0,90.791,0,772.96,0,183.975,243.508,0,0,0,0,0,0
"IDW.1.5_2021",14922.591,687.307,252.599,0,0,0,2458.41,105.453,0,0,592.038,207.202,0,0,0,0,1147.159,746.807,4438.765,162.868,0,0,12486.552,237.98,2052.999,1212.783,701.675,0,0,278.078,76.698,153.397,0,0,1207.696,3106.147,187.077,408.944,1776.676,0,94.294,0,0,859.948,0,0,0,176.759,59.503,103.61,0,0,141.913,0,0,0,0,0,0,215.14,0,0,0,0,0,0,0,0,0,0,0,0,0
"IDW.1.6_2021",10147.929,309.634,0,0,0,0,1458.132,0,216.811,0,322.047,200.535,0,0,111.204,0,1521.287,485.436,0,100.765,0,0,9801.085,0,336.455,1174.936,1215.067,0,0,0,672.019,84.331,0,0,598.028,1563.571,87.499,408.702,1091.207,0,321.731,0,0,207.254,0,0,0,174.841,103.633,98.063,0,0,170.402,0,0,0,0,0,0,72.979,0,0,0,0,0,0,0,0,0,0,0,0,0
"IDW.1.7_2012",418.897,3562.427,0,0,445.595,0,0,0,2224.816,0,0,377.057,0,0,1276.817,0,0,543.637,195.041,0,4820.249,0,0,10813.887,556.788,0,0,892.858,628.681,278.63,0,189.306,249.731,0,0,0,475.391,1508.051,2106.427,244.165,0,160.231,863.286,344.484,0,0,0,382.981,0,196.383,0,87.541,0,0,0,64.467,0,0,0,0,0,79.525,0,504.565,0,0,80.952,0,0,0,0,0,0
"IDW.1.7_2021",6217.42,171.867,0,0,0,0,564.98,0,132.762,0,148.26,123.269,0,0,0,0,841.65,227.016,4151.931,91.752,0,0,0,0,590.589,542.36,290.613,0,0,0,152.341,0,0,0,333.391,1257.32,145.754,195.887,1309.017,0,478.351,0,0,245.43,0,158.843,0,0,53.582,0,0,0,0,0,0,0,0,0,0,78.917,0,0,0,0,0,0,0,0,0,0,0,0,0
"IDW.1.8_2012",476.824,4785.96,0,0,733.915,385.997,284.394,0,1108.235,0,0,0,0,0,1116.295,0,0,717.856,383.551,0,2867.525,0,0,7630.493,306.508,0,0,1090.194,699.56,358.031,0,357.687,0,195.231,0,155.947,509.665,153.282,2256.568,516.99,0,196.473,1568.663,235.252,235.082,0,0,184.187,0,167.926,0,197.448,122.428,0,0,88.729,0,0,0,0,0,103.168,0,665.354,0,0,100.151,0,0,0,0,0,0
"IDW.2.2_2012",0,3055.167,0,0,733.641,267.522,0,0,2551.138,0,0,158.775,0,0,3834.343,0,0,447.291,0,0,1720.49,0,0,5286.784,2100.375,0,0,383.774,431.92,857.065,125.787,0,199.7,0,0,0,2056.564,721.175,0,293.164,0,0,630.208,137.044,0,0,0,399.334,116.504,404.6,0,0,166.021,0,61.385,210.284,0,0,0,0,0,0,0,354.671,0,0,121.776,0,0,0,0,0,0
"IDW.2.3_2012",394.48,2974.36,0,0,646.867,243.416,0,0,3506.928,0,0,298.689,0,0,1342.173,0,0,635.507,0,0,1161.622,152.844,0,0,602.186,0,0,849.89,583.616,421.045,0,344.765,230.62,0,0,0,646.283,1345.596,2753.3,680.137,468.093,0,561.296,84.535,0,0,0,0,68.696,677.326,0,73.352,257.99,0,96.12,183.019,0,0,0,0,0,0,0,183.658,0,0,0,0,0,0,0,0,0
"IDW.2.3_2021",16522.994,204.346,0,0,151.191,0,4862.218,0,0,138.463,612.152,270.422,0,0,173.1,0,1471.388,839.99,3496.648,258.49,0,0,12346.663,89.138,2352.296,944.198,731.996,0,0,138.095,410.181,0,0,100.329,729.091,2225.361,124.504,366.574,966.293,0,129.423,0,0,695.232,0,0,0,246.601,75.153,131.711,0,0,87.807,0,0,0,0,0,73.219,0,0,0,0,0,0,0,0,0,0,0,0,0,0
"IDW.3.10_2012",889.071,3283.547,0,0,762.535,0,0,0,923.639,0,0,530.858,335.575,0,2062.173,0,0,227.188,0,0,381.845,0,0,5146.652,2401.005,0,898.725,310.363,302.123,177.484,101.568,0,0,272.66,0,0,2064.484,81.843,799.627,0,0,0,582.934,77.979,0,0,0,521.467,169.643,466.623,0,0,188.767,0,0,134.49,0,0,0,0,0,0,0,333.91,0,0,0,0,0,0,0,0,0
"IDW.3.10_2021",5537.024,351.618,876.274,0,0,0,445.057,0,186.569,168.099,1042.126,0,0,0,0,0,424.994,0,656.754,341.096,0,0,2256.244,0,1768.169,369.423,204.333,0,0,91.808,94.776,0,0,0,2254.971,3172.34,100.405,121.459,319.782,0,0,0,0,99.054,0,0,76.817,107.724,132.626,62.766,0,0,0,0,0,0,0,0,0,0,0,0,0,0,0,0,0,0,0,0,0,0,0
"IDW.3.2_2012",162.712,1722.405,0,0,514.61,0,0,0,2307.035,0,0,0,0,0,3676.845,0,0,225.127,0,0,206.549,0,0,4382.072,973.531,0,263.343,559.834,469.598,121.342,119.162,0,0,0,0,0,1507.202,696.472,0,192.976,87.228,192.354,0,0,0,0,0,268.091,93.247,253.018,0,0,0,87.133,0,107.428,0,0,0,0,0,0,0,177.432,0,0,94.684,0,0,0,0,0,0
"IDW.3.4_2012",615.025,2075.274,0,0,0,0,0,0,431.893,0,0,0,1459.919,0,1227.551,0,0,274.746,0,0,0,0,0,3418.782,161.611,0,648.922,443.307,287.143,146.387,0,135.597,0,0,0,0,626.362,95.522,839.372,237.419,88.242,0,355.393,0,128.134,0,0,255.571,0,101.358,0,144.923,73.507,0,0,0,0,0,0,0,0,0,0,163.443,0,0,0,106.295,0,0,0,0,0
"IDW.3.4_2021",3480.45,118.016,0,435.177,0,0,379.618,0,0,608.564,0,0,0,0,0,0,428.147,0,206.818,222.573,0,0,0,0,1675.06,311.423,151.132,0,0,0,146.13,0,0,0,563.712,0,144.854,78.411,254.435,0,0,0,0,0,0,0,0,0,212.606,0,0,0,0,0,0,0,0,0,0,0,0,0,0,0,0,0,0,0,0,0,0,0,0
"IDW.3.6_2012",619.073,3445.348,0,0,0,0,0,0,2548.163,0,0,145.867,0,0,480.571,0,0,454.007,0,0,1388.784,0,0,3243.94,107.513,0,160.526,574.423,451.288,240.549,0,183.184,0,184.083,0,0,257.42,751.772,719.786,265.884,0,99.811,740.734,129.485,0,0,0,398.682,0,0,0,157.071,0,0,0,0,0,0,0,0,0,0,0,305.898,0,0,142.745,0,0,0,0,0,0
"IDW.3.6_2021",3788.424,131.164,0,0,0,0,572.795,0,0,0,264.369,0,0,0,0,0,1095.703,0,1205.618,0,0,0,0,0,1447.886,191.413,464.044,0,0,0,142.008,0,0,0,182.068,995.598,91.385,187.664,4172.314,0,0,0,0,124.073,0,0,0,0,174.228,0,0,0,0,0,0,0,0,0,0,0,0,0,0,0,0,0,0,0,0,0,0,0,0
"IDW.3.8_2012",624.541,3456,0,0,631.778,0,0,0,1750.641,0,0,0,0,0,983.024,0,0,255.284,0,0,315.178,0,0,5018.684,1071.03,0,361.185,215.963,244.141,173.507,0,0,151.741,0,0,0,914.354,0,887.105,201.384,0,106.515,432.864,94.113,0,0,0,397.596,96.506,388.415,0,155.441,161.793,0,0,80.173,0,0,0,0,0,0,0,763.608,0,0,156.04,95.473,0,0,0,0,0
"IDW.3.8_2021",6706.571,256.822,0,0,0,0,1518.453,0,0,0,0,87.654,0,0,0,0,633.957,171.857,884.724,203.55,0,627.895,0,0,2005.299,490.453,218.607,0,0,0,173.557,0,0,0,1179.416,465.706,151.919,310.108,385.218,0,0,0,0,186.398,0,0,0,0,220.611,0,0,0,0,0,0,0,0,0,0,0,0,0,0,0,0,0,0,0,0,0,0,0,0
"MTT.1.6_2012",329.2,3593.697,0,0,1137.169,388.485,0,0,917.579,0,0,0,1758.527,0,3494.37,0,0,465.786,0,0,181.721,0,0,4906.051,2282.346,0,675.968,236.898,218.837,509.472,90.481,0,202.483,0,0,237.727,2374.782,0,948.566,469.145,0,0,3830.164,0,0,0,117.139,194.027,189.193,760.491,55.746,50.122,460.728,0,0,219.921,0,0,0,0,164.264,82.239,0,223.588,0,95.464,103.895,212.532,0,0,0,0,0
"MTV.1.10_2012",791.165,0,0,0,0,0,0,0,0,368.186,2919.82,7728.833,0,0,542.157,0,294.698,0,365.319,0,0,12999.651,0,0,583.145,0,202.91,0,0,157.896,0,0,0,0,0,0,0,27817.169,0,0,503.333,0,508.971,730.362,352.713,0,0,0,0,0,0,0,0,0,0,240.573,0,0,0,0,0,0,0,212.272,0,131.786,105.743,0,0,0,0,0,0
"MTW.1.2_2012",678.529,2467.639,0,0,460.327,0,0,198.065,401.978,0,531.07,1337.15,0,0,4587.028,0,0,0,330.89,179.833,12695.224,0,0,192.112,1089.034,0,161.593,402.651,328.222,121.383,0,0,0,182.135,0,0,1270.824,6592.971,0,324.765,379.17,0,509.474,911.034,104.109,0,0,411.742,89.143,184.324,0,0,201.97,0,0,110.564,0,0,0,0,0,265.674,0,0,0,0,108.922,0,0,0,0,0,0
"MTW.1.2_2021",2792.733,214.236,0,0,0,0,407.696,0,103.757,519.128,1021.269,0,0,0,0,0,0,779.05,197.185,13448.179,0,0,0,0,320.381,431.472,0,284.441,0,93.599,228.893,0,0,0,1603.733,6967.275,79.545,484.12,826.181,0,0,1403.986,0,161.547,0,0,135.79,214.703,54.716,105.464,0,0,231.046,0,0,0,0,0,157.488,392.239,0,0,0,0,0,0,0,0,0,0,0,0,0
"MTW.1.7_2012",620.085,1294.72,0,0,0,0,0,0,1017.19,0,617.121,2142.559,0,0,3902.043,0,0,0,0,160.459,6377.122,0,0,0,564.212,0,161.266,162.371,0,0,0,0,0,148.802,0,0,1260.759,8891.673,0,216.507,310.388,77.153,428.357,468.806,112.366,0,0,263.473,0,118.478,0,0,126.316,0,0,199.935,0,0,0,0,0,234.854,0,0,0,0,100.969,0,0,0,0,0,0
"MTW.3.4_2012",528.136,1616.041,0,0,0,0,0,0,766.749,0,0,499.752,481.176,0,4077.057,0,0,0,119.99,0,4841.937,0,0,303.699,1008.181,0,337.374,142.151,0,205.999,0,0,0,0,0,0,1258.377,1789.649,0,265.713,0,0,577.026,406.946,0,0,0,335.284,95.488,199.636,0,0,0,153.415,0,54.278,0,0,0,0,0,0,0,0,0,0,0,0,0,0,0,0,0
"MTW.3.4_2021",1848.741,152.221,0,379.38,0,0,409.576,0,0,292.679,557.066,0,0,0,0,0,277.767,112.827,4890.814,147.877,0,424.553,0,0,812.063,134.014,149.956,0,0,0,106.554,0,0,0,1321.156,1377.346,103.718,169.705,683.069,0,383.181,0,0,0,0,0,0,0,0,0,0,0,90.223,0,0,0,0,0,0,0,0,0,0,0,0,0,0,0,0,0,0,0,0
"MTW.3.7_2012",0,1334.606,0,0,0,0,0,0,593.614,0,0,365.499,0,0,2704.303,0,0,0,0,0,2907.841,0,0,248.377,895.865,0,0,294.57,223.251,0,0,0,0,151.864,0,134.625,931.291,2449.259,0,324.207,107.412,0,0,218.41,0,0,0,153.208,76.427,112.43,0,0,206.497,0,0,0,0,0,0,0,0,180.923,0,130.746,0,0,116.814,0,0,0,0,0,0
"MTW.3.8_2012",577.865,2055.48,0,0,549.316,0,0,0,801.553,0,505.818,1390.965,0,0,4775.893,0,0,0,242.943,150.432,10226.738,159.614,0,166.158,919.689,0,170.338,171.491,0,106.82,0,0,0,0,0,0,1784.351,6443.212,0,282.863,330.538,85.743,254.293,825.88,125.296,0,0,395.168,101.54,150.417,0,0,163.76,0,0,0,0,0,0,0,0,0,0,0,0,0,68.881,0,0,0,0,0,0
"NMT.1.6_2012",304.31,3359.454,0,0,605.935,269.343,0,0,1077.184,0,0,250.058,0,0,2266.901,0,0,285.779,0,0,1943.918,0,0,1597.903,776.844,0,199.035,151.86,0,261.251,0,0,125.341,0,0,0,882.718,398.304,0,138.081,0,0,935.948,189.564,0,0,0,685.723,110.572,149.802,0,0,0,81.857,0,55.584,0,0,0,0,0,93.717,0,112.423,0,0,129.592,0,0,0,0,0,0
"NMT.1.6_2021",2737.233,137.376,0,0,0,0,425.832,0,0,0,135.67,0,0,0,0,0,266.962,0,1214.072,0,0,0,0,0,875.124,131.306,302.578,0,0,0,95.315,0,0,0,791.96,2081.204,330.626,72.471,940.644,0,159.266,0,0,142.741,0,0,0,0,132.551,0,0,0,0,0,0,0,0,0,0,105.365,0,0,0,0,0,0,0,0,0,0,0,0,0
"NMT.1.9_2012",454.882,1405.298,0,0,453.921,0,0,0,524.647,0,0,0,0,0,2332.473,0,0,161.228,0,0,1546.407,0,0,1221.468,570.238,0,229.637,197.485,0,0,0,0,115.607,0,0,135.402,998.387,299.619,331.207,0,0,118.401,0,142.968,0,0,0,196.683,104.714,282.543,0,0,222.235,0,0,53.712,0,0,0,0,0,334.834,0,229.475,0,0,657.104,0,0,0,0,0,0
"NMT.1.9_2021",2315.351,125.069,0,1068.185,0,0,261.924,0,0,0,97.543,0,0,0,0,0,335.659,101.324,2787.727,0,0,0,0,0,549.442,366.918,126.632,0,0,0,155.408,0,0,0,1295.976,1310.44,492.162,443.872,117.758,0,201.962,0,0,0,0,115.926,0,0,113.597,0,0,0,0,0,0,0,0,0,0,529.513,0,0,0,0,0,0,0,0,0,0,0,0,0
"NMT.2.3_2012",363.502,2630.05,0,0,665.854,337.212,0,0,363.963,0,0,696.536,0,0,1023.007,0,0,265.606,179.368,0,3758.795,0,0,2621.813,699.167,0,0,129.689,108.117,136.669,0,0,0,0,0,148.936,511.946,86.237,598.924,170.999,89.568,0,186.528,281.984,0,0,0,162.05,91.637,197.393,0,108.495,147.462,0,0,55.544,0,0,0,0,0,508.416,0,331.006,0,87.971,1140.459,0,0,0,0,0,0
"NMT.2.3_2021",3689.593,188.875,0,0,0,0,193.627,0,0,0,975.169,0,0,0,0,0,429.666,117.4,2650.747,0,0,0,0,0,260.09,121.834,156.445,0,0,0,0,0,0,0,553.133,3627.05,652.815,70.108,144.222,0,154.991,0,0,0,0,0,0,0,110.449,0,0,0,0,0,0,0,0,0,0,538.04,0,0,0,0,0,0,0,0,0,0,0,0,0
"NMT.2.4_2012",580.138,2028.279,0,0,0,0,0,0,361.491,0,0,785.957,0,0,3265.328,0,0,0,0,0,4273.656,0,0,465.324,256.325,0,198.117,160.535,0,0,82.74,0,0,0,0,138.574,1179.191,306.987,0,187.746,0,151.194,0,349.171,0,0,0,598.792,111.021,89.599,0,0,0,0,0,72.717,0,0,0,0,0,345.767,0,382.58,0,0,289.394,0,0,0,0,0,0
"NMT.2.4_2021",2113.387,176.067,0,0,0,0,0,0,0,0,129.507,0,0,0,0,0,236.273,244.088,2361.011,0,0,0,0,0,503.035,303.682,0,97.367,0,0,182.12,177.813,0,0,1592.583,1153.313,390.289,77.968,316.944,0,434.962,0,0,0,0,0,0,0,83.337,0,0,0,93.993,0,0,0,0,0,0,474.106,0,0,0,0,0,0,0,0,0,0,0,0,0
"NMT.2.5_2012",550.851,1695.59,0,0,0,0,0,0,188.862,0,0,1564.781,0,0,2430.277,0,0,0,0,0,1090,0,0,128.374,402.806,0,0,0,0,0,0,0,0,0,0,0,1347.292,107.897,0,79.369,0,107.447,0,96.976,0,0,0,535.39,62.628,97.072,74.448,0,0,120.948,0,103.097,0,0,0,0,0,153.582,0,490.226,0,147.289,271.639,0,0,0,0,0,0
"NMT.2.5_2021",2787.114,177.494,0,418.796,0,0,105.877,0,175.133,0,1487.95,0,0,0,0,0,0,0,1118.167,0,0,0,0,0,113.621,104.288,0,0,0,0,172.15,127.531,0,0,1682.083,7166.798,133.153,121.274,0,0,87.789,0,0,0,0,0,71.438,0,85.122,0,0,0,116.999,0,0,0,0,0,0,156.628,0,0,0,0,0,0,0,0,0,0,0,0,0
"NMT.2.6_2012",679.394,1606.503,0,0,0,0,0,0,408.958,0,273.861,1067.758,0,0,3674.295,0,0,292.191,0,0,134.785,0,0,1010.422,374.82,0,0,479.128,338.088,0,0,0,114.078,159.15,0,0,1386.62,6568.965,844.407,162.859,87.761,0,176.256,0,0,0,0,352.685,59.566,150.408,0,0,91.765,0,0,0,0,0,0,0,0,360.632,0,135.725,0,0,573.59,0,0,0,0,0,0
"NMT.2.6_2021",9527.422,571.353,204.378,0,0,0,837.94,102.25,168.177,696.876,3049.809,0,0,0,0,0,299.342,349.685,287.448,139.472,0,0,4346.766,0,264.266,419.542,309.451,0,0,143.758,186.708,0,0,0,211.434,2777.569,12617.542,223.775,557.966,0,0,0,0,149.087,0,0,111.69,249.838,129.9,97.263,0,0,118.259,0,0,0,0,0,68.909,433.714,0,0,0,0,0,0,0,0,0,0,0,0,0
"NMT.2.8_2012",487.048,1527.64,0,0,508.691,0,0,0,272.705,0,0,1459.202,0,0,1650.501,0,0,147.026,0,0,393.546,0,0,1038.409,537.053,0,119.322,106.097,0,0,0,0,0,0,0,0,840.887,6587.942,172.1,0,121.581,272.723,0,0,0,0,0,0,0,106.679,0,0,104.204,0,0,98.971,0,0,0,0,0,219.17,0,870.176,69.411,368.119,1122.458,0,0,0,0,0,0
"NMT.2.8_2021",1777.491,0,0,0,0,0,517.535,0,102.774,161.647,1202.538,0,0,0,0,0,140.161,0,799.86,0,0,0,0,161.416,0,138.459,0,0,0,0,0,0,0,0,766.846,5336.71,222.916,191.608,81.635,0,75.642,0,0,0,0,0,0,0,0,0,0,0,66.572,0,0,0,0,0,0,186.579,0,0,0,0,0,0,0,0,0,0,0,0,0
"NVT.1.6_2012",786.493,1001.823,0,0,707.052,0,0,0,227,0,0,1000.796,0,0,3026.271,0,0,0,0,0,2103.486,0,0,98.275,180.575,0,0,0,0,0,0,0,0,0,0,0,1030.335,6017.777,0,112.532,0,142.429,0,249.081,0,97.412,84.981,559.789,168.962,0,0,0,0,83.091,0,190.881,0,0,0,0,0,0,0,311.92,0,0,80.509,0,0,0,0,0,0
"NVT.2.8_2012",504.184,3132.572,0,0,699.839,292.999,0,0,1250.957,0,0,188.73,0,0,9077.551,0,0,0,135.823,0,4765.787,165.48,0,449.596,2361.666,0,152.663,171.661,0,0,154.377,0,203.886,0,0,0,3627.087,504.035,0,297.606,0,110.411,254.792,430.614,0,0,286.72,468,222.222,963.851,88.122,0,442.096,0,0,209.116,0,0,0,0,0,65.019,0,0,0,0,138.542,0,0,0,0,0,0
"NVTW.1.10_2012",1339.318,4123.605,0,0,0,0,0,0,1572.185,0,0,574.532,0,0,1028.652,0,0,1576.135,0,0,1361.606,0,0,1609.929,103.852,0,0,1418.383,998.443,479.659,0,0,407.001,352.166,0,0,329.886,3904.951,2360.524,384.478,0,0,2673.063,282.861,0,0,138.207,847.653,113.511,166.738,0,233.246,176.003,0,0,105.928,0,0,0,0,0,0,0,298.068,0,0,171.812,0,0,0,0,0,0
"NVTW.1.10_2021",5762.229,161.667,0,0,0,0,956.37,0,145.585,0,588.831,113.202,0,0,0,0,1737.853,290.375,1660.523,111.531,0,0,0,0,598.351,941.923,615.695,0,0,0,655.962,114.234,0,0,190.57,4072.33,122.058,279.167,2505.806,0,171.948,0,0,235.468,0,108.743,70.002,78.939,79.615,56.533,0,0,176.897,0,0,0,0,0,0,0,0,0,0,0,0,0,0,0,0,0,0,0,0
"NVTW.1.3_2012",1321.467,3864.949,0,0,673.829,300.128,0,0,489.583,0,181.013,256.514,0,0,404.226,0,0,681.536,176.88,0,2970.157,0,0,6633.563,375.613,0,0,413.589,430.159,1198.25,0,0,138.351,0,0,0,157.691,72.553,1287.199,96.967,103.713,0,786.966,332.171,0,0,0,347.477,75.152,172.592,0,129.28,142.702,0,0,0,0,0,0,0,0,0,0,543.185,0,0,103.429,0,0,0,0,0,0
"NVTW.1.6_2012",316.133,3039.178,0,0,0,0,0,0,635.822,0,0,1274.823,0,0,645.065,0,0,682.707,244.599,0,1348.896,0,0,4045.603,195.786,0,0,880.646,711.938,491.374,0,0,199.17,159.189,0,0,172.411,93.833,647.498,311.292,75.383,0,3009.958,188.637,160.148,122.912,0,471.704,73.817,178.651,0,198.68,78.5,0,0,498.036,0,0,0,0,0,0,0,385.035,0,0,79.545,0,0,0,0,0,0
"NVV.2.5_2012",1055.939,2172.391,0,0,0,0,0,0,2566.353,0,714.876,1499.555,0,0,3127.426,0,0,0,280.064,0,10286.657,0,0,359.154,2432.908,0,113.225,148.609,0,126.623,100.55,0,0,0,0,0,1490.34,6723.375,0,136.353,318.736,0,499.598,790.357,83.542,0,0,212.301,106.219,216.386,0,0,172.36,0,0,85.787,0,0,0,0,0,172.001,0,1087.165,63.871,152.863,623.466,68.726,0,0,0,0,0
"NVV.2.5_2021",3659.919,151.771,548.261,0,0,0,1349.769,0,133.055,707.196,1729.285,0,159.693,0,0,0,0,883.674,283.651,18450.698,0,0,0,0,1355.268,197.537,0,323.155,0,0,144.976,238.642,0,0,1551.751,0,0,411.147,947.947,0,1215.5,0,0,335.277,0,0,0,0,0,0,0,0,183.416,0,0,0,0,0,0,308.003,0,0,0,0,0,0,0,0,0,0,0,0,0
"NVV.2.9_2012",0,0,0,0,0,0,0,0,546.501,0,0,729.979,0,0,666.245,0,0,0,159.084,0,4292.028,0,0,0,254.516,0,0,0,0,0,7885.747,0,0,1047.257,0,0,0,2870.647,0,1457.842,0,0,409.695,429.706,0,0,0,0,70.885,0,0,0,1035.403,0,0,0,0,0,0,90.255,0,0,0,348.431,0,0,280.577,0,0,0,0,0,0
"NVV.3.4_2012",1174.152,0,0,0,0,0,0,0,1977.441,0,2248.604,3051.724,0,0,958.741,0,0,1151.945,238.934,250.595,12647.732,0,0,0,475.854,0,258.3,0,0,1528.3,0,0,0,0,0,0,0,11082.368,0,0,176.019,0,894.75,1053.784,0,0,0,724.504,0,0,0,0,0,0,0,148.643,0,0,0,0,0,0,0,343.135,0,0,156.731,0,0,0,0,0,0
"NVV.3.5_2012",891.755,0,0,0,0,0,0,0,816.821,175.634,649.167,3733.898,0,0,1024.611,0,165.859,0,284.479,0,8054.577,0,0,0,767.44,0,188.923,0,0,117.902,130.854,0,0,0,172.68,0,149.289,12823.044,0,0,151.987,0,986.738,610.961,351.954,0,0,0,0,0,0,0,0,64.245,0,153.581,0,0,0,0,0,329.497,0,972.35,0,121.74,370.134,0,0,0,0,0,0
"ORT.1.1_2012",786.088,3514.869,0,0,599.378,0,595.296,0,699.505,0,0,182.146,0,0,473.392,0,0,466.669,0,0,114.437,0,0,2091.571,0,0,681.142,465.071,0,180.829,0,188.898,133.625,0,0,0,117.959,1089.994,0,173.736,0,225.559,0,0,0,0,0,535.824,61.11,187.674,0,149.575,0,135.104,0,82.543,0,0,0,0,0,0,0,110.228,0,0,0,0,0,0,0,0,0
"ORT.1.1_2021",12897.905,159.96,0,231.662,0,0,852.997,0,0,150.968,244.547,212.369,0,0,0,0,1904.499,1189.132,510.652,251.548,0,0,12778.09,0,1352.964,1628.808,943.448,0,0,0,680.4,0,0,0,536.482,5400.92,0,470.647,952.102,0,82.957,0,0,437.25,126.874,0,113.413,262.815,108.667,207.771,0,0,167.727,0,128.489,0,0,0,0,155.704,0,0,0,0,0,0,0,0,0,0,0,0,0
"ORT.1.6_2012",488.144,4485.405,0,0,634.094,292.743,542.674,0,1130.474,0,154.103,236.233,0,0,421.203,0,0,624.555,0,0,1840.464,0,0,2837.062,198.879,0,0,689.569,554.556,293.932,0,126.108,164.04,0,0,172.012,118.916,102.564,607.599,160.055,0,0,2281.115,243.954,0,0,0,494.432,0,58.159,0,171.44,0,0,0,0,0,0,0,0,0,0,0,332.118,0,0,0,0,0,0,0,0,0
"ORT.1.6_2021",60.461,206.688,0,0,197.231,0,1170.247,0,0,265.433,407.039,170.784,0,0,0,0,1440.37,1212.011,3046.4,143.087,0,0,8940.324,324.907,1715.53,971.448,1155.2,0,0,287.212,131.837,0,0,0,240.195,4148.552,106.035,783.999,0,6348.331,0,0,0,1498.854,149.71,0,0,172.453,84.761,163.694,0,0,85.659,0,146.996,0,0,0,0,101.859,0,0,0,0,0,0,0,0,0,0,0,0,0
"ORT.1.8_2012",0,3754.036,0,0,674.304,293.607,0,0,1019.862,0,0,247.971,0,0,400.238,0,0,649.961,191.044,0,2650.865,0,0,7297.314,419.844,0,342.156,341.462,0,601.24,0,0,135.467,0,0,138.175,142.871,100.127,1325.566,177.317,78.285,0,4170.171,282.172,0,91.572,0,0,94.535,405.265,0,161.334,279.738,0,0,197.779,0,0,0,0,0,0,0,221.854,0,268.162,122.916,0,0,0,0,0,0
"ORT.1.9_2012",61.818,3663.766,0,0,675.475,261.472,0,0,1668.096,0,174.504,339.271,0,0,504.4,0,0,964.586,0,0,2654.474,0,0,2982.983,271.996,0,0,649.132,0,917.29,0,0,379.49,0,0,0,143.328,2688.81,1501.511,0,0,0,3501.427,328.714,0,102.859,0,639.93,137.915,266.892,61.876,111.202,170.525,0,0,136.553,0,0,0,0,0,63.589,0,198.523,0,0,72.987,0,0,0,0,0,0
"ORT.1.9_2021",7470.65,147.717,0,1203.885,0,0,1709.296,0,131.082,228.182,449.773,100.791,0,0,121.411,0,2084.621,442.902,4788.852,131.689,0,0,4605.612,0,1021.665,1100.695,1738.704,135.269,0,0,541.109,153.511,0,0,273.786,4717.438,0,570.07,0,7372.214,0,394.935,0,76.776,233.619,516.012,162.175,173.156,72.448,129.389,0,0,128.112,0,0,0,0,0,0,124.856,0,0,0,0,0,0,0,0,0,0,0,0,0
"ORT.2.3_2012",426.231,3412.401,0,0,0,0,430.795,0,542.242,0,0,494.09,0,0,578.661,0,0,829.738,0,0,658.409,0,0,1886.851,0,0,601.059,394.253,0,583.999,0,208.647,163.166,0,0,173.174,250.28,2933.905,1471.56,371.908,178.543,0,1558.621,109.338,0,0,0,569.634,74.502,210.236,0,177.19,172.046,0,0,142.703,0,0,0,0,0,0,0,375.18,0,185.11,140.979,0,0,0,0,0,0
"ORT.2.3_2021",9346.135,186.268,0,2414.553,0,0,395.129,0,0,0,622.021,129.883,0,0,0,0,1668.598,67.559,981.402,156.466,0,0,4637.873,0,680.278,641.552,1947.346,0,0,0,376.733,0,0,0,526.465,5109.818,0,214.806,3688.008,0,116.203,0,0,204.747,84.099,354.898,70.007,168.791,93.697,173.652,0,0,172.483,0,0,0,0,0,78.688,0,0,0,0,0,0,0,0,0,0,0,0,0,0
"ORT.2.4_2012",646.485,2242.36,0,0,486.348,0,0,0,487.288,0,0,634.042,0,0,326.897,0,0,318.888,0,0,1126.899,0,0,1763.922,0,0,358.611,217.228,0,126.703,0,0,0,0,0,0,0,709.33,0,141.086,0,185.56,0,116.437,0,0,0,477.488,0,139.142,0,164.519,79.148,0,0,60.209,0,0,0,0,0,0,0,363.269,0,0,189.909,0,0,0,0,0,0
"ORT.2.4_2021",5336.865,0,0,1212.86,0,0,758.319,0,0,0,1508.046,0,0,0,0,0,1058.999,154.248,3766.896,101.632,0,0,4103.94,0,644.255,592.617,394.298,0,0,0,539.827,0,0,0,185.001,6443.18,170.838,148.759,507.484,0,227.591,0,0,245.36,77.16,456.078,1171.682,75.319,67.32,74.441,0,0,176.336,0,0,0,0,0,0,71.907,0,0,0,0,0,0,0,0,0,0,0,0,0
"ORT.2.5_2012",1544.525,4550.618,0,0,892.872,429.9,0,0,462.124,0,212.427,421.737,0,0,525.8,0,0,990.42,361.781,0,687.552,0,0,7799.063,381.596,0,0,434.221,388.259,1758.143,0,0,211.964,139.366,0,183.687,300.884,5645.62,1612.543,491.127,191.689,149.772,3008.066,211.413,0,166.88,0,0,82.064,474.486,82.624,182.469,320.215,0,0,148.077,0,0,0,0,0,139.474,0,375.216,0,0,98.382,0,0,0,0,0,0
"ORT.2.5_2021",2209.271,129.538,0,0,0,0,129.342,0,0,0,0,0,0,0,0,0,376.583,124.499,132.761,0,0,0,0,157.806,222.82,199.431,1274.738,0,0,160.882,0,0,0,0,73.685,2096.339,598.334,194.322,1394.178,0,0,0,0,722.157,179.204,322.906,0,82.827,0,74.626,0,0,0,0,0,0,0,0,0,89.322,0,0,0,0,0,0,0,0,0,0,0,0,0
"ORT.2.6_2012",0,2152.866,0,0,0,0,0,0,581.132,0,138.408,178.474,0,0,364.996,0,0,772.194,0,0,389.987,0,0,1355.731,0,0,0,231.88,0,278.17,0,139.26,146.406,0,0,0,142.275,1892.552,939.305,174.99,104.357,0,2729.7,81.174,0,0,0,337.164,0,81.811,0,123.284,88.819,0,0,0,0,0,0,0,0,0,0,231.085,0,0,131.879,0,0,0,0,0,0
"ORT.2.9_2012",4013.794,4640.29,0,0,634.709,293.353,500.699,0,1047.029,0,0,996.908,0,0,706.323,0,0,593.866,0,0,1700.55,0,0,3197.175,205.747,0,0,726.751,578.279,301.51,0,0,140.317,185.925,0,0,229.689,86.118,648.167,145.221,73.333,0,684.827,191.299,135.378,0,0,576.882,0,152.653,0,170.29,162.661,0,0,303.658,0,0,0,0,0,0,0,580.257,0,101.36,118.988,0,0,0,0,0,0
"ORT.2.9_2021",10862.413,839.002,0,0,0,0,690.377,0,0,137.263,920.035,121.592,0,0,0,0,1052.484,957.098,1545.835,0,0,0,5817.187,472.971,1089.71,940.527,889.506,0,0,334.51,225.773,146.418,0,0,252.938,6064.9,182.796,113.217,1253.213,0,0,0,0,1586.499,222.983,379.714,0,201.922,66.741,241.899,0,0,489.414,0,125.279,0,0,0,0,0,0,0,0,0,0,0,0,0,0,0,0,0,0
"ORT.3.1_2012",676.869,3106.537,0,0,0,0,0,0,1344.376,0,187.493,482.328,0,0,5845.966,0,0,328.218,0,0,2182.137,0,0,1607.957,1276.695,0,0,450.168,333.156,0,0,0,116.562,267.966,0,0,1950.976,5136.517,715.211,234.261,0,153.281,227.667,243.608,0,136.598,113.391,333.177,59.483,217.57,0,0,120.555,0,0,64.602,0,0,0,0,0,0,0,207.371,0,141.958,85.247,0,0,0,0,0,0
"ORT.3.10_2012",702.158,2922.323,0,0,482.832,0,0,237.068,1412.122,0,0,1219.715,0,0,11026.333,0,0,0,0,0,2042.547,0,0,166.073,1073.216,0,0,218.485,216.31,0,128.404,0,0,236.596,0,0,3435.645,4704.959,0,295.578,0,102.919,182.578,143.037,0,0,192.177,444.244,177.246,588.051,106.411,0,370.283,0,0,203.922,0,0,0,0,0,0,0,342.077,0,87.045,0,0,0,0,0,0,0
"ORT.3.5_2012",327.467,3642.305,0,0,924.324,341.814,0,0,346.079,0,0,146.869,0,0,2015.425,0,0,305.222,0,0,1243.206,0,0,2180.522,1085.609,0,176.378,177.679,0,506.732,0,0,284.486,0,0,0,1317.477,498.309,0,209.475,104.107,0,986.615,130.489,0,0,100.052,542.061,101.739,244.745,163.754,0,221.042,0,0,58.98,0,0,0,0,0,106.144,0,401.313,0,0,132.161,0,0,0,0,0,0
"ORT.3.7_2012",352.089,2432.204,0,0,520.46,0,0,0,1090.285,0,184.813,425.616,0,0,2844.991,0,0,652.29,0,0,2396.956,0,0,1925.378,859.56,0,268.03,206.428,0,1023.486,0,0,0,0,0,0,1024.729,4100.087,544.985,184.534,75.146,0,3017.162,295.796,0,103.116,0,421.131,193.658,510.556,0,0,165.425,0,0,122.333,0,0,0,0,0,0,0,263.654,0,87.302,123.761,0,0,0,0,0,0
"ORTW.2.1_2012",456.275,2205.193,0,0,486.387,0,0,0,1353.957,0,0,528.139,0,0,10270.469,0,0,0,0,0,1574.931,0,0,386.442,1407.81,0,211.464,212.814,0,0,165.186,0,167.669,0,0,0,3348.979,192.879,0,556.432,0,457.734,0,156.138,0,0,92.145,514.217,167.277,418.838,81.645,0,252.836,0,0,61.403,0,0,0,0,0,0,0,91.017,0,0,78.514,0,0,0,0,0,0
"ORV.1.1_2012",1158.694,1028.308,0,0,0,0,0,0,691.534,0,203.037,1732.71,1786.017,0,3787.417,0,0,0,0,0,2308.801,0,0,880.048,1232.147,0,451.916,153.457,0,0,0,0,235.803,0,0,0,576.758,4652.22,158.605,0,0,105.98,0,118.478,0,0,0,0,60.461,231.379,0,0,91.319,0,0,0,0,0,0,0,0,0,0,155.087,0,0,73.628,123.052,0,0,0,0,0
"ORV.1.10_2012",986.628,1875.632,0,0,0,0,0,0,649.384,0,303.989,2417.725,0,0,2549.45,0,0,0,0,0,2772.073,0,0,313.138,433.168,0,0,124.105,113.819,0,0,0,0,0,0,0,846.673,8859.785,0,174.898,142.343,0,387.369,150.874,139.477,0,0,141.731,86.453,81.915,0,0,108.04,0,0,290.167,0,0,0,0,0,0,0,198.996,0,0,69.294,0,0,0,0,0,0
"ORV.1.10_2021",3454.726,198.716,495.021,0,0,0,1046.776,0,231.326,365.615,2258.85,0,140.456,0,145.926,0,151.619,157.897,3627.649,0,0,0,0,0,513.15,322.518,0,0,0,89.945,165.316,148.084,0,0,137.953,2371.966,16221.829,310.061,1252.295,0,232.001,0,0,130.58,0,155.428,119.162,112.124,76.726,0,0,0,701.811,0,0,0,0,0,0,0,0,0,0,0,0,0,0,0,0,0,0,0,0
"ORV.1.3_2012",645.306,1001.024,0,0,0,0,0,0,1483.017,0,309.665,2256.239,0,0,5851.992,0,0,155.749,0,0,422.614,0,0,626.762,799.999,0,0,321.968,309.907,193.373,108.682,0,0,169.999,0,0,1806.906,7980.465,0,368.3,102.048,64.199,1136.424,75.952,0,0,0,334.109,75.012,198.772,0,0,159.036,0,0,86.54,0,0,0,0,0,135.096,0,251.224,0,89.003,324.12,0,0,0,0,0,0
"ORV.1.4_2012",572.632,1927.924,0,0,0,0,0,0,1566.717,0,424.963,2523.562,770.19,0,5225.771,0,0,0,0,0,794.735,0,0,2237.278,1876.797,0,1288.445,338.695,304.874,0,127.942,0,0,199.667,0,0,1471.517,6723.435,0,207.628,93.542,0,587.005,67.7,0,0,0,103.755,87.449,157.643,0,0,133.599,0,0,291.995,0,0,0,0,0,0,0,699.492,0,0,145.025,213.857,0,0,0,0,0
"ORV.1.5_2012",427.964,986.06,0,0,0,0,0,0,2255.33,0,0,0,673.214,0,848.354,0,0,0,0,0,3662.657,0,0,1885.827,399.822,0,702.759,133.842,88.38,0,0,0,0,0,0,0,214.254,0,0,173.908,0,0,129.977,263.297,0,0,0,148.208,0,86.269,0,0,62.322,0,0,73.533,0,0,0,0,0,0,0,745.061,0,0,229.147,283.015,108.354,0,0,0,0
"ORV.1.6_2012",1009.08,2122.798,0,0,0,0,0,0,1743.618,0,191.108,839.578,0,0,2646.591,0,158.764,0,150.867,0,6966.095,0,0,220.979,1187.527,0,0,232.853,208.514,0,0,0,0,122.594,0,0,759.975,3765.339,0,242.787,83.746,64.783,508.413,389.693,147.795,0,0,153.257,71.961,141.126,0,0,111.771,0,0,207.399,0,0,0,0,0,83.136,0,190.052,0,101.493,164.39,0,0,0,0,74.26,0
"ORV.1.8_2012",321.604,1808.072,0,0,596.677,290.353,0,0,1210.724,0,455.517,2734.274,692.692,0,3258.512,0,0,0,0,0,1658.795,0,0,2005.001,2311.697,0,1110.826,193.837,166.876,0,97.569,0,0,185.229,0,0,1558.06,8474.887,0,210.399,196.386,0,308.979,114.881,118.505,0,0,112.175,93.077,332.261,0,0,146.257,0,0,98.271,0,0,0,71.393,0,76.562,0,538.938,0,151.639,256.605,355.642,131.026,0,0,0,0
"ORW.1.1_2012",424.709,2777.65,0,0,0,0,0,0,4458.289,0,0,401.631,0,0,6364.082,0,0,346.358,0,0,1383.613,161.447,0,4737.852,1844.192,0,0,761.828,651.628,226.526,157.922,107.45,219.877,0,0,0,2401.797,3108.44,685.14,372.132,0,264.629,0,125.427,0,0,0,437.869,91.88,232.323,0,0,140.696,0,0,93.591,0,0,0,0,0,0,0,219.633,0,101.006,0,0,0,0,0,0,0
"ORW.1.1_2021",10309.772,221.019,607.244,0,0,0,2823.459,0,183.122,152.907,486.065,161.066,0,5731.926,0,0,865.555,230.349,0,152.163,0,0,3770.515,0,2218.671,945.009,399.637,88.794,0,177.79,457.732,0,0,0,1803.284,457.542,150.681,398.834,374.072,0,354.699,0,0,526.153,0,0,84.385,190.908,131.49,101.614,0,0,88.665,0,0,0,0,0,0,0,0,0,0,0,0,0,0,0,0,0,0,0,0
"UTT.1.1_2012",743.798,4078.593,0,0,636.804,261.982,470.399,0,322.116,0,0,1545.547,0,0,656.544,0,0,825.946,0,0,1650.632,0,0,5729.965,252.328,0,0,659.226,415.936,791.512,0,0,377.596,0,0,162.148,173.782,4273.269,1820.9,222.412,0,0,5450.581,171.72,161.953,0,0,394.894,147.719,669.765,81.312,156.032,369.945,0,71.933,281.245,0,0,0,0,0,123.151,0,79.155,0,0,231.422,0,0,0,0,0,0
"UTT.1.2_2012",296.987,4089.991,0,0,789.594,281.178,551.472,253.881,295.824,0,0,384.577,0,0,357.18,0,0,777.103,352.465,0,2732.291,0,0,2707.42,216.993,0,0,350.629,245.803,582.91,0,0,0,151.888,0,235.591,126.73,85.328,1393.958,365.544,0,0,3144.035,285.408,0,0,0,229.81,53.46,164.828,76.46,171.876,122.289,0,0,105.381,0,0,0,0,0,210.191,0,207.642,0,0,249.477,0,0,0,0,0,0
"UTT.1.5_2012",0,3218.328,0,0,0,0,0,0,593.854,0,0,249.191,0,0,464.05,0,0,715.069,0,0,2055.244,0,0,2734.957,161.839,0,0,564.795,469.871,516.88,0,117.828,123.442,0,0,173.667,141.236,867.436,0,260.485,0,76.647,2071.832,188.117,0,0,0,264.774,0,199.612,0,210.309,93.315,0,0,69.276,0,0,0,0,0,153.045,0,160.14,0,0,200.863,0,0,0,0,0,0
"UTT.1.5_2021",16610.456,332.98,335.124,0,0,0,578.544,0,0,0,600.071,206.611,0,0,0,0,1675.623,1015.644,3948.061,97.748,0,0,2402.887,0,752.607,632.237,1240.769,0,0,112.067,187.503,0,0,0,257.172,2118.676,85.293,574.744,0,6521.632,0,175.969,0,256.923,0,0,71.308,167.14,129.192,113.85,0,0,119.39,103.988,0,0,0,0,116.119,290.183,0,0,0,0,0,0,0,0,0,0,0,0,0
"UTT.1.6_2012",1914.464,5002.779,0,0,823.669,312.497,0,0,0,0,0,369.473,0,0,161.642,0,0,573.824,0,0,1988.952,0,0,2367.628,192.245,0,168.931,156.349,0,277.187,0,0,0,0,0,166.218,90.218,1505.962,835.215,166.489,0,0,2973.446,206.586,0,0,0,509.27,0,136.859,95.812,213.04,86.492,0,0,127.631,0,0,0,0,0,142.398,0,87.625,0,0,0,0,0,0,0,0,0
"UTT.1.6_2021",3167.452,195.616,0,0,0,0,114.614,0,0,0,114.251,0,0,0,0,0,330.883,389.524,659.486,0,0,0,0,140.592,0,93.969,227.624,0,0,151.916,0,0,0,0,156.92,826.307,387.033,122.701,1538.292,0,0,0,0,571.192,0,0,0,0,69.714,0,0,0,104.711,84.13,0,0,0,0,0,77.672,0,0,0,0,0,0,0,0,0,0,0,0,0
"UTT.1.8_2012",144.962,3144.306,0,0,690.474,232.868,0,0,292.128,0,0,0,0,0,389.28,0,0,613.347,0,0,2156.458,0,0,3637.943,192.98,0,343.941,230.296,0,489.868,0,135.815,0,0,0,163.642,124.551,0,1176.22,257.06,97.206,0,1931.047,174,0,0,0,215.166,59.354,260.604,0,189.237,127.761,0,0,75.997,0,0,0,0,0,191.748,0,0,0,0,249.375,0,0,0,0,0,0
"UTT.1.9_2012",1620.614,7235.198,0,0,0,0,0,286.656,327.132,0,0,827.285,0,0,392.701,0,0,1034.183,0,274.784,2902.019,0,0,1762.526,163.937,0,0,488.18,402.125,371.764,0,0,114.846,245.681,0,233.745,172.912,3507.737,1070.926,180.532,124.198,0,3734.547,275.971,0,0,87.66,729.397,82.611,123.662,103.392,295.976,152.88,0,0,67.024,0,0,0,0,0,170.173,0,0,0,0,128.628,0,0,0,0,0,0
"UTT.1.9_2021",629.702,0,0,0,0,0,125.054,0,0,0,0,0,0,0,0,0,0,0,317.734,0,0,0,0,0,0,0,0,0,0,0,0,0,0,0,0,528.303,134.465,0,526.92,0,0,0,0,193.43,0,0,0,0,298.019,0,0,0,0,0,0,0,0,0,88.819,0,0,0,0,0,0,0,0,0,0,0,0,0,0
"UTT.2.3_2012",0,2102.042,0,0,0,0,0,0,364.058,0,146.475,191.881,0,0,535.964,0,0,502.911,0,0,261.643,0,0,5333.178,188.729,0,0,295.714,0,510.251,0,170.584,131.126,0,0,0,204.834,79.113,1190.074,265.98,69.275,0,1716.979,0,0,0,0,280.83,0,191.196,0,134.67,126.087,0,0,64.083,0,0,0,0,0,143.796,0,0,0,0,349.408,0,0,0,0,0,0
"UTT.3.10_2012",512.087,2627.065,0,0,494.616,0,285.081,0,288.501,0,0,177.84,0,0,273.012,0,0,451.57,0,0,581.417,0,0,1761.542,0,0,289.333,190.595,0,268.857,0,0,0,0,0,131.794,97.639,87.883,705.277,324.612,0,0,2103.741,0,0,0,0,352.984,0,119.055,0,212.233,0,0,0,176.354,0,0,0,0,0,246.763,0,0,0,0,373.758,0,0,0,0,0,0
"UTT.3.3_2012",486.404,3773.722,0,0,571.127,236.901,480.124,0,228.214,0,0,524.871,0,0,232.189,0,0,510.435,0,0,1877.303,0,0,2357.34,161.783,0,257.733,174.35,0,367.042,0,0,167.854,0,0,0,77.288,814.301,0,135.735,0,0,1470.143,184.477,0,0,0,538.726,0,119.508,0,184.673,0,59.749,0,165.902,0,0,0,0,0,179.998,0,162.761,0,0,150.726,0,0,0,0,0,0
"UTV.1.7_2012",663.627,655.602,0,0,0,0,0,0,504.326,0,266.264,1441.237,0,0,1065.356,0,0,0,0,0,3953.453,0,0,0,298.141,0,0,0,0,0,7824.195,0,0,1114.09,0,0,95.251,3386.61,0,0,101.696,0,1112.815,228.452,0,0,0,350.338,0,0,0,0,0,0,0,311.201,2105.253,0,0,0,0,85.334,0,362.598,0,254.174,315.554,0,0,0,0,0,0
"UTV.3.4_2012",681.533,0,0,0,0,0,0,0,0,0,0,151.565,0,0,2914.587,0,107.729,0,155.77,750.139,1128.008,0,0,0,488.913,0,0,0,0,0,5090.847,0,0,1228.265,0,0,0,0,0,0,0,0,148.364,555.362,0,0,0,390.773,0,0,0,0,0,0,0,93.55,3156.527,0,0,0,0,0,0,116.336,0,0,203.425,0,0,0,0,0,0
"UTV.3.5_2012",1235.815,0,0,0,0,0,0,0,0,0,502.906,297.648,0,0,206.777,0,147.918,0,173.626,816.807,2148.899,0,0,0,524.292,0,0,0,0,0,0,0,0,219.924,0,0,0,8973.818,205.379,0,0,0,737.368,749.351,0,0,0,376.622,0,0,0,0,0,0,0,166.496,4742.624,0,0,0,0,0,0,256.096,0,0,153.164,0,0,0,0,0,0
"UTW.1.1_2012",378.884,694.609,0,0,0,0,0,0,162.466,0,319.782,1667.872,320.511,0,1865.885,0,0,0,121.909,0,3703.355,0,0,396.671,411.677,0,266.166,0,0,0,0,0,0,0,0,0,776.366,7873.821,0,117.764,186.427,0,179.556,300.825,0,0,0,320.875,0,0,0,0,0,0,0,76.91,0,0,0,0,169.967,83.339,0,392.463,0,0,466.798,0,0,0,0,0,0
"UTW.1.1_2021",749.102,0,0,204.905,0,0,320.62,0,0,530.895,1946.537,0,0,0,0,0,0,130.71,3401.465,0,0,301.046,0,372.133,0,113.8,0,0,0,0,0,304.431,0,0,1100.942,0,0,150.825,0,0,338.455,0,0,0,0,0,0,0,0,0,0,0,0,0,0,0,0,0,0,122.456,0,0,0,0,0,0,0,0,0,0,0,0,0
"UTW.1.10_2021",2998.706,524.145,0,0,0,0,300.74,0,106.243,812.384,2209.388,0,161.432,0,0,0,95.117,365.367,0,10147.25,0,0,0,247.566,137.077,211.528,0,162.181,0,358.515,270.325,382.272,0,0,111.711,1512.323,19772.135,742.97,1250.955,0,591.168,0,0,89.764,0,0,0,149.235,0,65.349,0,0,211.261,0,0,0,0,0,0,221.616,0,0,0,0,0,0,0,0,0,0,0,0,0
"UTW.1.4_2012",0,926.626,0,0,0,0,0,0,0,0,0,1324.046,0,0,1851.684,0,0,0,148.655,0,5112.612,0,0,98.879,467.962,0,100.535,100.577,0,0,0,0,0,0,0,0,591.721,7661.853,0,142.949,191.428,0,496.124,514.562,0,0,0,385.263,84.66,124.151,0,0,91.502,0,0,255.414,0,0,0,0,323.983,120.118,0,237.271,0,111.974,661.861,0,0,0,0,0,0
"UTW.1.4_2021",894.973,0,0,298.197,0,0,100.43,0,0,141.555,1236.799,0,0,0,0,0,0,189.32,0,0,0,0,0,0,0,86.368,0,0,0,0,0,343.306,0,0,428.224,6663.758,0,166.415,0,0,617.169,0,0,0,0,0,0,0,0,0,0,0,256.207,0,0,0,0,0,0,437.619,0,0,0,0,0,0,0,0,0,0,0,0,0
"UTW.2.10_2012",492.027,2035.892,0,0,0,0,0,0,892.274,0,0,404.704,0,0,2261.072,0,0,210.972,0,0,3398.076,0,0,1570.534,446.612,0,0,453.765,376.938,114.988,0,0,0,128.037,0,0,822.278,297.372,0,259.956,0,0,212.118,286.808,0,0,0,381.929,0,84.681,0,0,78.322,0,0,0,0,0,0,0,0,0,0,325.722,0,0,0,0,0,0,0,0,0
"UTW.2.3_2012",514.868,2774.553,0,0,498.259,0,0,0,1530.763,0,0,0,0,0,4834.027,0,0,166.973,0,0,749.586,0,0,1516.093,919.238,0,120.875,337.06,0,194.598,185.388,0,0,0,0,0,1871.138,223.25,0,290.967,67.831,160.094,0,78.858,0,0,0,386.925,138.977,264.859,0,0,138.703,0,0,83.512,0,0,0,0,0,0,0,270.706,0,177.352,119.381,0,0,0,0,0,0
"UTW.2.3_2021",3685.832,159.125,0,0,0,0,2075.341,0,0,0,196.813,0,0,6346.014,0,0,372.38,0,1131.234,110.158,0,0,0,0,694.768,443.783,303.045,0,0,204.449,110.765,0,0,0,2431.153,597,263.206,206.558,223.115,0,0,0,0,276.837,0,0,70.681,127.481,0,0,0,0,81.429,0,0,0,0,0,0,0,0,0,0,0,0,0,0,0,0,0,0,0,0
"UTW.2.5_2012",1293.353,2303.353,0,0,441.624,0,0,200.365,1694.943,0,0,772.064,0,0,4328.311,0,0,0,0,0,2765.806,0,0,1354.732,1615.848,0,235.167,233.458,0,0,147.216,0,138.934,0,0,0,1719.311,3693.844,336.538,0,74.243,321.622,0,184.66,0,0,0,92.281,153.708,504.094,0,0,199.263,0,0,135.522,0,0,0,0,0,0,0,227.811,0,154.455,78.049,0,0,0,0,0,0
"UTW.2.6_2012",633.061,3086.591,0,0,545.142,0,0,0,2281.717,0,197.13,977.469,0,0,5502.897,0,0,272.704,181.094,0,4746.065,0,0,2232.258,1101.74,0,0,442.108,366.913,128.906,111.05,0,117.84,173.429,0,0,2117.48,5493.289,510.066,340.467,0,120.522,375.267,389.993,0,151.486,106.909,411.895,114.33,295.598,0,0,146.745,0,0,125.328,0,0,0,0,0,70.696,0,380.452,0,0,148.499,0,0,0,0,0,0
"UTWV.2.1_2012",754.512,1580.442,0,0,0,0,0,0,0,0,168.245,773.637,0,0,1593.223,0,0,0,134.787,0,4987.985,0,0,375.913,340.578,0,144.652,128.328,0,0,0,0,0,0,0,0,466.822,4244.043,0,111.583,0,269.743,0,536.798,0,0,0,478.054,0,0,0,0,0,0,0,163.374,0,0,0,0,0,191.805,0,616.81,0,0,272.842,0,0,0,0,0,0
"UTWV.2.1_2021",3923.162,177.403,0,0,0,0,193.661,0,200.229,416.288,1771.506,0,0,0,0,0,232.902,564.662,0,11053.187,0,0,0,0,178.867,311.469,107.437,202.311,0,0,187.403,0,0,0,186.667,6647.752,0,299.7,670.364,0,755.979,0,0,137.733,0,0,0,0,0,0,0,0,341.076,0,0,0,0,0,0,344.541,0,0,0,0,0,0,0,0,0,0,0,0,0
"UTWV.2.10_2021",4760.549,361.391,827.053,0,0,0,328.121,0,217.054,1464.645,4388.7,0,0,0,0,0,0,248.374,3707.206,97.408,0,638.986,0,0,808.113,247.634,0,93.599,0,98.976,217.065,262.657,0,0,150.364,2229.733,141.912,915.328,869.657,0,305.528,0,0,326.838,0,0,225.452,155.49,63.876,57.421,0,0,312.531,0,0,0,0,0,0,208.465,0,0,0,0,0,0,0,0,0,0,0,0,0
"UTWV.2.6_2012",370.71,1788.617,0,0,0,0,0,0,397.338,0,217.414,889.58,0,0,4581.674,0,0,0,0,0,4405.913,0,0,276.014,731.585,0,250.441,240.396,0,0,84.95,0,177.946,0,0,0,1234.357,4384.302,0,196.656,0,255.861,0,395.04,0,0,0,753.956,80.765,105.06,0,0,0,108.162,0,104.524,0,0,0,0,0,93.711,0,395.278,0,0,300.458,0,0,0,0,0,0
"UTWV.2.6_2021",5089.097,327.76,0,74.562,0,0,340.003,0,0,197.587,875.251,0,0,0,0,0,196.584,536.763,4672.983,102.443,0,0,0,107.428,725.182,549.156,118.574,192.484,0,102.711,298.412,179.259,0,0,1393.843,830.618,0,220.338,233.074,0,612.669,0,0,221.082,0,0,124.268,136.712,110.943,59.092,0,0,246.525,0,0,0,0,0,0,273.616,0,0,0,0,0,0,0,0,0,0,0,0,0
"UTWV.2.7_2012",490.776,1641.392,0,0,0,0,0,0,537.757,0,0,0,538.443,0,2032.961,0,0,533.85,0,0,1856.693,0,0,790.893,0,10512.86,448.438,72.941,0,1453.145,0,0,0,0,0,0,718.316,519.348,0,188.124,0,0,1842.457,154.814,97.87,0,0,469.976,93.507,0,0,0,0,0,0,0,0,0,0,0,0,67.906,0,219.999,0,0,108.713,0,0,0,0,0,0
"UTWV.2.7_2021",4033.546,234.065,700.718,0,0,0,255.811,0,0,0,480.154,0,0,0,0,0,997.8,167.134,2512.75,200.199,0,0,0,21311.358,1404.986,117.671,3480.531,0,0,0,140.827,212.729,0,0,1060.118,362.707,0,117.345,0,4958.329,102.906,0,102.617,0,102.621,0,74.432,0,0,0,0,0,81.053,0,0,0,0,0,0,188.568,0,0,0,0,0,0,0,0,0,0,0,0,0
"UTWV.2.8_2012",176.454,1084.882,0,534.346,0,0,0,0,0,0,0,479.171,0,0,475.139,0,0,742.025,0,0,1394.428,0,0,301.588,0,15518.994,0,75.219,0,1624.237,0,0,0,0,176.171,0,203.853,1668.86,0,0,0,0,1621.671,104.834,179.901,0,0,436.274,0,0,0,0,0,0,0,126.23,0,0,0,0,0,91.655,0,330.401,0,0,189.303,0,0,0,0,0,0
"UTWV.2.8_2021",1494.619,109.172,202.339,0,0,0,0,0,0,0,462.41,0,0,0,0,0,1138.07,0,949.447,0,0,0,0,9443.525,116.255,0,1781.843,0,0,0,0,283.597,0,0,143.848,1672.479,0,259.243,2028.461,0,128.95,0,121.428,0,111.439,0,0,0,0,0,0,0,191.574,0,0,0,0,0,0,85.63,0,0,0,0,0,0,0,0,0,0,0,0,0
"WAT.1.3_2012",428.315,5451.254,0,0,992.696,458.896,651.076,246.952,1494.395,0,0,2068.63,0,0,1278.469,0,0,740.677,0,0,1767.158,0,0,4881.589,261.805,0,0,751.772,457.9,328.235,0,0,402.236,0,0,138.422,402.264,76.541,1704.516,168.589,0,0,1901.004,183.391,0,0,0,391.244,74.192,315.086,0,136.492,234.948,0,0,124.234,0,0,0,0,0,0,0,0,0,0,105.644,0,0,0,0,0,0
"WAT.1.3_2021",1196.22,428.414,0,0,0,0,162.946,0,0,0,118.138,0,0,0,0,0,250.203,128.712,290.703,0,0,0,0,0,275.744,0,193.385,0,0,0,111.821,0,0,0,118.368,3207.245,540.443,88.316,670.149,0,0,0,0,124.155,0,288.132,0,65.404,0,64.792,0,0,111.568,0,0,0,0,0,0,0,0,0,0,0,0,0,0,0,0,0,0,0,0
"WAT.1.6_2012",706.2,3216.309,0,0,0,0,0,0,1497.477,0,0,677.282,0,0,566.043,0,0,1400.937,0,0,1980.194,0,0,941.355,0,0,0,483.03,336.593,400.125,0,0,211.404,227.684,0,0,149.345,2845.648,1824.226,427.566,0,0,2035.083,290.682,0,0,0,213.531,0,99.354,58.571,164.683,95.833,0,0,60.92,0,0,0,0,0,0,0,159.574,0,0,98.05,0,0,0,0,0,0
"WAT.1.6_2021",6420.564,124.224,0,0,127.794,0,839.952,0,0,0,421.248,103.604,0,0,116.438,0,2010.95,478.951,3584.148,177.048,0,0,4989.049,0,1256.904,969.07,2039.213,131.601,0,0,454.988,328.098,0,0,341.13,4978.763,0,683.376,287.455,4362.849,0,324.554,0,212.858,0,0,67.25,167.322,70.38,163.3,0,0,327.464,0,0,0,0,0,0,80.692,0,0,0,0,0,0,0,0,0,0,0,0,0
"WAT.2.1_2012",6653.789,2983.99,0,0,829.473,350.568,0,0,1366.966,0,424.308,1771.555,0,0,5550.375,0,0,204.323,129.41,0,3446.385,0,0,2933.658,0,0,0,286.355,416.499,458.646,266.31,0,0,176.661,0,0,4482.632,9002.069,358.505,296.714,181.473,0,1810.721,309.302,0,0,100.438,225.58,451.633,1927.54,53.451,0,678.044,0,86.873,793.18,0,0,0,0,0,325.771,0,933.609,0,1064.044,494.02,0,0,0,0,0,0
"WAT.2.1_2021",959.687,108.057,0,621.247,0,0,0,0,0,0,0,0,0,0,0,0,344.822,134.024,1209.591,96.856,0,0,0,0,334.93,319.679,286.009,0,0,137.459,173.763,311.468,0,0,1995.71,1109.328,211.358,706.024,1554.343,0,336.343,0,0,0,0,322.458,60.294,92.71,0,0,0,0,223.584,0,0,0,0,0,0,0,0,0,0,0,0,0,0,0,0,0,0,0,0
"WAT.2.10_2012",0,2646.018,0,0,984.873,328.236,0,0,1006.165,0,207.131,1643.077,0,0,4114.726,0,0,0,362.689,0,9522.094,0,0,405.645,2467.282,0,0,122.909,134.911,129.452,88.57,0,0,0,0,0,2054.464,7811.443,0,308.226,114.264,0,225.532,872.672,91.078,0,0,268.504,142.545,359.101,65.92,0,259.209,0,0,115.664,0,0,0,0,0,230.715,0,907.165,0,1241.504,587.157,0,0,0,0,0,0
"WAT.2.3_2012",446.744,2535.886,0,0,0,0,0,0,534.194,0,0,1189.129,0,0,4773.455,0,0,281.077,0,0,4275.315,0,0,773.002,1244.025,0,265.869,237.339,0,369.729,97.236,0,0,0,0,0,1782.048,5193.723,0,245.94,0,0,739.767,352.362,0,0,0,586.083,98.465,264.612,66.124,0,178.881,0,0,122.073,0,0,0,0,0,154.866,0,408.408,0,380.864,275.36,0,0,0,0,0,0
"WAT.2.4_2012",423.702,2841.853,0,0,632.346,280.003,0,0,814.206,0,296.865,1574.699,0,0,7168.692,0,0,0,186.482,0,5873.903,0,0,463.896,2481.197,0,159.607,212.027,0,0,120.221,0,0,0,0,0,3018.574,7672.838,0,381.909,174.681,123.755,254.508,485.101,0,0,0,494.255,153.054,630.013,97.487,0,379.236,0,53.317,219.337,0,0,0,0,78.348,141.084,0,464.606,0,261.207,183.95,0,0,0,0,0,0
"WAT.2.7_2012",827.43,2129.901,0,0,431.155,0,0,0,454.328,0,197.585,1661.1,0,0,3903.827,0,0,0,149.394,0,4644.803,0,0,464.776,2708.481,0,104.699,137.191,0,0,0,0,0,140.092,0,0,2174.491,7183.259,0,310.158,79.48,0,308.688,397.705,0,0,0,228.102,122.377,391.914,0,0,217.046,0,0,108.457,0,0,0,0,0,228.635,0,667.199,0,988.258,251.735,0,0,0,0,0,0
"WAT.2.8_2021",2230.523,806.021,0,0,0,0,449.316,0,0,0,187.952,0,0,0,0,0,138.055,0,2167.523,0,0,0,0,721.512,410.511,181.719,356.952,0,0,600.023,228.935,207.937,0,0,1158.018,1161.845,237.896,566.826,730.539,0,72.908,0,0,219.959,0,0,74.662,225.009,138.348,149.609,0,0,238.702,0,0,0,0,0,109.249,171.704,0,0,0,0,0,0,0,0,0,0,0,0,0
"WAT.2.9_2012",0,1800.013,0,0,502.215,0,0,0,777.207,0,0,1012.763,0,0,6790.978,0,0,0,0,0,1983.042,0,0,278.12,1002.364,0,131.819,137.744,0,0,111.661,0,0,0,0,0,2781.268,6075.184,0,300.684,0,76.232,0,218.42,0,0,96.435,539.445,152.421,389.138,87.088,0,244.142,0,0,117.062,0,0,0,0,0,110.071,0,199.695,0,158.79,109.776,0,0,0,0,0,0
"WAT.2.9_2021",2050.4,210.689,0,0,0,0,311.311,0,0,107.488,786.856,0,0,8185.398,0,0,117.442,116.891,2642.324,121.353,0,0,0,0,432.274,340.501,0,0,0,138.18,247.092,272.949,0,0,224.112,2316.296,291.307,279.364,135.53,0,327.346,0,0,0,83.391,254.642,94.699,116.176,102.437,84.812,0,0,0,0,0,0,0,0,0,0,0,0,0,0,0,0,0,0,0,0,0,0,0
"WAW.1.1_2012",141.35,1932.328,0,0,566.012,254.622,0,0,570.319,0,160.118,2434.508,0,0,6882.072,0,0,0,0,0,2242.856,0,0,421.797,1303.567,0,117.58,146.163,0,0,112.064,0,0,0,0,0,2909.504,8641.09,0,162.295,0,0,155.352,185.033,0,0,101.944,428.034,129.459,541.379,91.043,0,256.371,0,0,111.146,0,0,0,0,0,219.143,0,356.498,0,177.469,153.225,0,0,0,0,0,0
"WAW.1.2_2012",268.366,2120.5,0,0,520.861,0,0,0,1745.632,0,0,816.477,0,0,7808.818,0,0,0,0,0,3039.114,0,0,333.418,937.989,0,0,190.474,187.521,0,147.652,0,0,185.928,0,146.525,2701.834,4903.339,0,374.324,0,98.643,137.665,305.472,0,0,107.636,447.009,139.254,210.516,73.695,0,167.166,0,0,125.283,0,0,0,0,0,103.153,0,296.091,0,86.141,105.218,0,0,0,0,0,0
"WAW.1.2_2021",4227.835,370.595,0,481.259,0,0,764.632,0,215.325,117.883,576.622,0,0,5840.044,0,0,170.993,174.23,2285.747,106.464,0,0,0,0,834.81,306.896,0,0,0,139.194,415.284,209.966,0,0,2047.588,499.298,411.752,508.518,0,0,321.14,0,0,170.317,0,213.051,117.809,193.411,95.808,79.793,0,0,208.39,0,0,0,0,0,0,100.679,0,0,0,0,0,0,0,0,0,0,0,0,0
"WAW.1.3_2012",490.965,2073.459,0,0,533.762,0,0,0,971.294,0,192.75,1114.151,0,0,6272.649,0,0,0,181.492,0,6743.705,0,0,245.878,876.374,0,0,110.518,112.163,0,97.812,0,0,0,0,0,2208.345,7488.005,134.397,420.119,126.634,129.932,382.092,668.09,0,0,0,358.513,59.505,100.164,0,0,130.625,0,0,0,0,0,0,0,0,170.927,0,474.948,0,105.919,136.614,0,0,0,0,0,0
"WAW.1.3_2021",2940.833,244.532,0,324.117,0,0,974.259,0,0,183.471,616.038,0,0,6356.817,0,0,150.049,284.317,0,10032.126,0,0,0,0,852.528,181,0,112.876,0,112.366,251.048,470.909,0,0,1923.471,806.396,0,138.057,1024.23,0,1023.315,0,0,257.611,0,165.554,126.011,0,79.732,0,0,0,115.513,0,0,0,0,0,0,86.644,0,0,0,0,0,0,0,0,0,0,0,0,0
"WAW.1.4_2012",117.271,2236.118,0,0,671.514,0,0,0,988.513,0,176.749,1417.431,0,0,6425.449,0,0,0,180.315,0,6916.337,0,0,248.328,876.412,0,0,106.917,108.209,0,90.395,0,0,143.56,0,0,2322.554,6556.806,125.496,419.009,118.123,125.977,298.223,584.198,0,0,0,353.387,77.813,127.418,108.318,0,158.993,0,0,131.249,0,0,0,0,0,126.517,0,580.468,0,156.774,82.518,0,0,0,0,0,0
"WAW.1.5_2012",525.738,1591.245,0,0,0,0,0,0,719.862,0,0,1039.978,0,0,5528.846,0,0,0,0,0,3789.604,0,0,193.601,574.817,0,0,82.681,0,0,85.71,0,0,138.075,0,0,2040.419,5717.167,0,393.967,99.618,132.421,194.028,415.188,0,0,144.723,428.722,80.476,127.325,72.739,0,155.779,0,0,96.889,0,0,0,0,0,109.979,0,303.467,0,194.593,144.67,0,0,0,0,123.987,0
"WAW.1.6_2012",0,1215.686,0,0,0,0,0,0,691.879,0,192.716,1354.982,0,0,5362.771,0,0,0,134.986,0,5753.872,0,0,253.452,902.054,0,0,83.868,88.404,0,85.228,0,0,0,0,0,2059.291,6534.94,0,353.732,101.755,128.385,161.494,512.417,0,0,0,429.107,77.588,117.6,0,0,140.801,0,0,0,0,0,0,0,0,139.287,0,372.57,0,175.591,116.713,0,0,0,0,0,0
"WAW.1.6_2021",3617.929,281.311,0,0,0,0,632.93,0,174.037,250.07,1499.607,0,0,0,0,0,120.835,427.842,0,9124.639,0,0,0,0,744.193,194.346,0,158.924,0,113.829,322.829,538.108,0,0,185.31,510.453,154.557,206.106,571.965,0,1061.304,0,0,252.95,0,151.162,0,0,83.006,0,0,0,90.872,0,0,0,0,0,0,0,0,0,0,0,0,0,0,0,0,0,0,0,0
"WAW.1.7_2012",0,1729.088,0,0,674.559,278.294,0,0,878.405,0,0,253.449,0,0,6325.281,0,0,0,189.228,0,5477.453,0,0,434.378,1762.003,0,107.504,137.96,0,0,115.047,0,0,0,0,0,3116.878,247.613,0,275.715,0,94.375,0,500.803,0,0,102.058,302.931,114.58,378.691,106.674,0,223.543,0,0,104.722,0,0,0,0,0,0,0,144.856,0,120.118,151.381,0,0,0,0,0,0
"WYW.1.2_2012",698.042,2622.653,0,0,685.395,250.029,0,0,1661.698,0,0,556.71,76.934,0,8263.757,0,0,0,0,0,2187.871,0,0,1007.305,2091.942,0,464.111,252.783,0,0,167.282,0,0,489.678,0,0,3193.327,557.534,0,124.56,0,111.632,0,128.049,0,0,385.797,148.563,172.52,780.027,0,0,206.775,0,0,294.47,0,0,0,0,0,89.044,0,104.703,0,0,85.412,0,0,0,0,0,0
