"C001","C002","C003","C004","C005","C006","C007","C008","C009","C010","C011","C012","C013","C014","C015","C016","C017","C018","C019","C020","C021","C022","C023","C024","C025","C026","C027","C028","C029","C030","C031","C032","C033","C034","C035","C036","C037","C038","C039","C040","C041","C042","C043","C044","C045","C046","C047","C048","C049","C050","C051","C052","C053","C054","C055","C056","C057","C058","C059","C060","C061","C062","C063","C064","C065","C066","C067","C068","C069","C070","C071","C072","C073","C074"
NA,1235.815,NA,NA,NA,NA,NA,NA,NA,NA,NA,502.906,297.648,NA,NA,206.777,NA,147.918,NA,173.626,816.807,2148.899,NA,NA,NA,524.292,NA,NA,NA,NA,NA,NA,NA,NA,219.924,NA,NA,NA,8973.818,205.379,NA,NA,NA,737.368,749.351,NA,NA,NA,376.622,NA,NA,NA,NA,NA,NA,NA,166.496,4742.624,NA,NA,NA,NA,NA,NA,256.096,NA,NA,153.164,NA,NA,NA,NA,NA,NA
NA,446.744,2535.886,NA,NA,NA,NA,NA,NA,534.194,NA,NA,1189.129,NA,NA,4773.455,NA,NA,281.077,NA,NA,4275.315,NA,NA,773.002,1244.025,NA,265.869,237.339,NA,369.729,97.236,NA,NA,NA,NA,NA,1782.048,5193.723,NA,245.94,NA,NA,739.767,352.362,NA,NA,NA,586.083,98.465,264.612,66.124,NA,178.881,NA,NA,122.073,NA,NA,NA,NA,NA,154.866,NA,408.408,NA,380.864,275.36,NA,NA,NA,NA,NA,NA
NA,456.275,2205.193,NA,NA,486.387,NA,NA,NA,1353.957,NA,NA,528.139,NA,NA,10270.469,NA,NA,NA,NA,NA,1574.931,NA,NA,386.442,1407.81,NA,211.464,212.814,NA,NA,165.186,NA,167.669,NA,NA,NA,3348.979,192.879,NA,556.432,NA,457.734,NA,156.138,NA,NA,92.145,514.217,167.277,418.838,81.645,NA,252.836,NA,NA,61.403,NA,NA,NA,NA,NA,NA,NA,91.017,NA,NA,78.514,NA,NA,NA,NA,NA,NA
NA,620.085,1294.72,NA,NA,NA,NA,NA,NA,1017.19,NA,617.121,2142.559,NA,NA,3902.043,NA,NA,NA,NA,160.459,6377.122,NA,NA,NA,564.212,NA,161.266,162.371,NA,NA,NA,NA,NA,148.802,NA,NA,1260.759,8891.673,NA,216.507,310.388,77.153,428.357,468.806,112.366,NA,NA,263.473,NA,118.478,NA,NA,126.316,NA,NA,199.935,NA,NA,NA,NA,NA,234.854,NA,NA,NA,NA,100.969,NA,NA,NA,NA,NA,NA
NA,144.962,3144.306,NA,NA,690.474,232.868,NA,NA,292.128,NA,NA,NA,NA,NA,389.28,NA,NA,613.347,NA,NA,2156.458,NA,NA,3637.943,192.98,NA,343.941,230.296,NA,489.868,NA,135.815,NA,NA,NA,163.642,124.551,NA,1176.22,257.06,97.206,NA,1931.047,174,NA,NA,NA,215.166,59.354,260.604,NA,189.237,127.761,NA,NA,75.997,NA,NA,NA,NA,NA,191.748,NA,NA,NA,NA,249.375,NA,NA,NA,NA,NA,NA
NA,550.851,1695.59,NA,NA,NA,NA,NA,NA,188.862,NA,NA,1564.781,NA,NA,2430.277,NA,NA,NA,NA,NA,1090,NA,NA,128.374,402.806,NA,NA,NA,NA,NA,NA,NA,NA,NA,NA,NA,1347.292,107.897,NA,79.369,NA,107.447,NA,96.976,NA,NA,NA,535.39,62.628,97.072,74.448,NA,NA,120.948,NA,103.097,NA,NA,NA,NA,NA,153.582,NA,490.226,NA,147.289,271.639,NA,NA,NA,NA,NA,NA
NA,NA,3218.328,NA,NA,NA,NA,NA,NA,593.854,NA,NA,249.191,NA,NA,464.05,NA,NA,715.069,NA,NA,2055.244,NA,NA,2734.957,161.839,NA,NA,564.795,469.871,516.88,NA,117.828,123.442,NA,NA,173.667,141.236,867.436,NA,260.485,NA,76.647,2071.832,188.117,NA,NA,NA,264.774,NA,199.612,NA,210.309,93.315,NA,NA,69.276,NA,NA,NA,NA,NA,153.045,NA,160.14,NA,NA,200.863,NA,NA,NA,NA,NA,NA
NA,352.089,2432.204,NA,NA,520.46,NA,NA,NA,1090.285,NA,184.813,425.616,NA,NA,2844.991,NA,NA,652.29,NA,NA,2396.956,NA,NA,1925.378,859.56,NA,268.03,206.428,NA,1023.486,NA,NA,NA,NA,NA,NA,1024.729,4100.087,544.985,184.534,75.146,NA,3017.162,295.796,NA,103.116,NA,421.131,193.658,510.556,NA,NA,165.425,NA,NA,122.333,NA,NA,NA,NA,NA,NA,NA,263.654,NA,87.302,123.761,NA,NA,NA,NA,NA,NA
NA,NA,2152.866,NA,NA,NA,NA,NA,NA,581.132,NA,138.408,178.474,NA,NA,364.996,NA,NA,772.194,NA,NA,389.987,NA,NA,1355.731,NA,NA,NA,231.88,NA,278.17,NA,139.26,146.406,NA,NA,NA,142.275,1892.552,939.305,174.99,104.357,NA,2729.7,81.174,NA,NA,NA,337.164,NA,81.811,NA,123.284,88.819,NA,NA,NA,NA,NA,NA,NA,NA,NA,NA,231.085,NA,NA,131.879,NA,NA,NA,NA,NA,NA
NA,784.843,1099.363,NA,NA,NA,NA,NA,NA,1308.216,NA,454.582,1049.64,NA,NA,5027.877,NA,114.369,NA,NA,145.318,5647.794,NA,NA,84.517,669.172,NA,186.951,188.614,NA,NA,NA,NA,142.004,NA,NA,NA,834.485,4324.833,NA,142.299,135.096,NA,228.992,562.669,198.984,NA,NA,188.285,NA,NA,NA,NA,NA,NA,NA,NA,NA,NA,NA,NA,NA,93.257,NA,979.117,71.457,463.721,520.825,NA,NA,NA,NA,NA,NA
NA,781.498,NA,NA,NA,NA,NA,NA,NA,341.282,153.022,533.347,3533.09,NA,NA,1025.019,NA,177.491,NA,159.169,225.023,9976.922,NA,NA,NA,390.163,NA,NA,NA,NA,NA,NA,NA,NA,NA,NA,NA,90.218,11102.693,NA,NA,373.967,NA,964.852,686.619,168.805,NA,NA,467.815,NA,NA,NA,NA,NA,NA,NA,122.284,NA,NA,NA,NA,NA,NA,NA,542.724,NA,NA,117.231,NA,NA,NA,NA,NA,NA
NA,NA,1032.259,NA,NA,NA,NA,NA,NA,684.104,NA,627.418,2148.734,NA,NA,3632.736,NA,NA,NA,144.112,NA,4761.979,NA,NA,206.283,1066.426,NA,NA,160.469,166.229,NA,NA,NA,NA,NA,NA,NA,866.221,7611.955,NA,185.36,258.298,NA,460.384,342.662,109.578,NA,NA,251.731,NA,93.506,NA,NA,119.456,NA,NA,137.759,NA,168.793,NA,NA,NA,79.243,NA,538.467,NA,235.761,225.451,NA,NA,NA,NA,NA,NA
NA,363.502,2630.05,NA,NA,665.854,337.212,NA,NA,363.963,NA,NA,696.536,NA,NA,1023.007,NA,NA,265.606,179.368,NA,3758.795,NA,NA,2621.813,699.167,NA,NA,129.689,108.117,136.669,NA,NA,NA,NA,NA,148.936,511.946,86.237,598.924,170.999,89.568,NA,186.528,281.984,NA,NA,NA,162.05,91.637,197.393,NA,108.495,147.462,NA,NA,55.544,NA,NA,NA,NA,NA,508.416,NA,331.006,NA,87.971,1140.459,NA,NA,NA,NA,NA,NA
NA,803.585,2598.282,NA,NA,NA,NA,NA,NA,593.082,NA,NA,249.657,NA,NA,2422.115,NA,NA,NA,NA,NA,1294.795,NA,NA,516.843,187.087,NA,161.421,113.622,NA,NA,NA,NA,NA,NA,NA,247.073,945.009,300.481,NA,252.838,NA,65.229,NA,114.016,NA,NA,NA,386.391,86.241,64.366,NA,NA,NA,NA,NA,NA,NA,NA,NA,NA,NA,164.605,NA,612.563,NA,173.335,513.348,NA,NA,NA,NA,NA,NA
NA,424.709,2777.65,NA,NA,NA,NA,NA,NA,4458.289,NA,NA,401.631,NA,NA,6364.082,NA,NA,346.358,NA,NA,1383.613,161.447,NA,4737.852,1844.192,NA,NA,761.828,651.628,226.526,157.922,107.45,219.877,NA,NA,NA,2401.797,3108.44,685.14,372.132,NA,264.629,NA,125.427,NA,NA,NA,437.869,91.88,232.323,NA,NA,140.696,NA,NA,93.591,NA,NA,NA,NA,NA,NA,NA,219.633,NA,101.006,NA,NA,NA,NA,NA,NA,NA
NA,394.48,2974.36,NA,NA,646.867,243.416,NA,NA,3506.928,NA,NA,298.689,NA,NA,1342.173,NA,NA,635.507,NA,NA,1161.622,152.844,NA,NA,602.186,NA,NA,849.89,583.616,421.045,NA,344.765,230.62,NA,NA,NA,646.283,1345.596,2753.3,680.137,468.093,NA,561.296,84.535,NA,NA,NA,NA,68.696,677.326,NA,73.352,257.99,NA,96.12,183.019,NA,NA,NA,NA,NA,NA,NA,183.658,NA,NA,NA,NA,NA,NA,NA,NA,NA
NA,418.897,3562.427,NA,NA,445.595,NA,NA,NA,2224.816,NA,NA,377.057,NA,NA,1276.817,NA,NA,543.637,195.041,NA,4820.249,NA,NA,10813.887,556.788,NA,NA,892.858,628.681,278.63,NA,189.306,249.731,NA,NA,NA,475.391,1508.051,2106.427,244.165,NA,160.231,863.286,344.484,NA,NA,NA,382.981,NA,196.383,NA,87.541,NA,NA,NA,64.467,NA,NA,NA,NA,NA,79.525,NA,504.565,NA,NA,80.952,NA,NA,NA,NA,NA,NA
NA,4407.104,2720.008,NA,NA,NA,NA,NA,NA,664.128,NA,NA,621.485,NA,NA,5622.341,NA,NA,496.118,130.679,175.21,7287.983,NA,NA,NA,358.57,NA,NA,256.614,216.861,NA,NA,NA,NA,207.066,NA,223.42,2140.268,3987.309,443.729,549.161,NA,NA,1231.53,926.839,NA,NA,NA,285.679,NA,68.162,90.873,NA,151.663,NA,NA,138.035,NA,NA,NA,NA,NA,139.237,NA,1286.984,78.024,1153.216,599.27,NA,NA,NA,NA,NA,NA
NA,619.073,3445.348,NA,NA,NA,NA,NA,NA,2548.163,NA,NA,145.867,NA,NA,480.571,NA,NA,454.007,NA,NA,1388.784,NA,NA,3243.94,107.513,NA,160.526,574.423,451.288,240.549,NA,183.184,NA,184.083,NA,NA,257.42,751.772,719.786,265.884,NA,99.811,740.734,129.485,NA,NA,NA,398.682,NA,NA,NA,157.071,NA,NA,NA,NA,NA,NA,NA,NA,NA,NA,NA,305.898,NA,NA,142.745,NA,NA,NA,NA,NA,NA
NA,210.701,2266.039,NA,NA,NA,NA,NA,NA,1307.479,NA,NA,229.519,NA,NA,634.404,NA,NA,387.094,NA,NA,695.724,NA,NA,3889.051,159.941,NA,NA,690.545,514.03,213.35,NA,233.367,NA,161.172,NA,NA,280.808,1093.163,926.628,305.317,NA,159.011,502.499,71.207,NA,NA,NA,338.985,NA,79.766,NA,147.627,NA,NA,NA,NA,NA,NA,NA,NA,NA,NA,NA,351.777,NA,103.609,145.728,NA,NA,NA,NA,NA,NA
NA,912.991,NA,NA,NA,NA,NA,NA,NA,161.575,NA,NA,523.228,NA,NA,1256.598,NA,NA,580.484,NA,NA,1403.042,NA,NA,NA,NA,20431.958,NA,NA,NA,2120.984,NA,NA,NA,NA,NA,NA,581.258,2632.389,NA,106.321,NA,NA,4314.075,NA,381.079,NA,NA,NA,NA,70.445,NA,NA,NA,NA,NA,89.224,NA,NA,NA,NA,NA,133.425,NA,202.302,NA,NA,592.965,NA,NA,NA,NA,NA,NA
NA,370.71,1788.617,NA,NA,NA,NA,NA,NA,397.338,NA,217.414,889.58,NA,NA,4581.674,NA,NA,NA,NA,NA,4405.913,NA,NA,276.014,731.585,NA,250.441,240.396,NA,NA,84.95,NA,177.946,NA,NA,NA,1234.357,4384.302,NA,196.656,NA,255.861,NA,395.04,NA,NA,NA,753.956,80.765,105.06,NA,NA,NA,108.162,NA,104.524,NA,NA,NA,NA,NA,93.711,NA,395.278,NA,NA,300.458,NA,NA,NA,NA,NA,NA
NA,492.027,2035.892,NA,NA,NA,NA,NA,NA,892.274,NA,NA,404.704,NA,NA,2261.072,NA,NA,210.972,NA,NA,3398.076,NA,NA,1570.534,446.612,NA,NA,453.765,376.938,114.988,NA,NA,NA,128.037,NA,NA,822.278,297.372,NA,259.956,NA,NA,212.118,286.808,NA,NA,NA,381.929,NA,84.681,NA,NA,78.322,NA,NA,NA,NA,NA,NA,NA,NA,NA,NA,325.722,NA,NA,NA,NA,NA,NA,NA,NA,NA
NA,426.231,3412.401,NA,NA,NA,NA,430.795,NA,542.242,NA,NA,494.09,NA,NA,578.661,NA,NA,829.738,NA,NA,658.409,NA,NA,1886.851,NA,NA,601.059,394.253,NA,583.999,NA,208.647,163.166,NA,NA,173.174,250.28,2933.905,1471.56,371.908,178.543,NA,1558.621,109.338,NA,NA,NA,569.634,74.502,210.236,NA,177.19,172.046,NA,NA,142.703,NA,NA,NA,NA,NA,NA,NA,375.18,NA,185.11,140.979,NA,NA,NA,NA,NA,NA
NA,624.541,3456,NA,NA,631.778,NA,NA,NA,1750.641,NA,NA,NA,NA,NA,983.024,NA,NA,255.284,NA,NA,315.178,NA,NA,5018.684,1071.03,NA,361.185,215.963,244.141,173.507,NA,NA,151.741,NA,NA,NA,914.354,NA,887.105,201.384,NA,106.515,432.864,94.113,NA,NA,NA,397.596,96.506,388.415,NA,155.441,161.793,NA,NA,80.173,NA,NA,NA,NA,NA,NA,NA,763.608,NA,NA,156.04,95.473,NA,NA,NA,NA,NA
NA,679.394,1606.503,NA,NA,NA,NA,NA,NA,408.958,NA,273.861,1067.758,NA,NA,3674.295,NA,NA,292.191,NA,NA,134.785,NA,NA,1010.422,374.82,NA,NA,479.128,338.088,NA,NA,NA,114.078,159.15,NA,NA,1386.62,6568.965,844.407,162.859,87.761,NA,176.256,NA,NA,NA,NA,352.685,59.566,150.408,NA,NA,91.765,NA,NA,NA,NA,NA,NA,NA,NA,360.632,NA,135.725,NA,NA,573.59,NA,NA,NA,NA,NA,NA
NA,NA,2646.018,NA,NA,984.873,328.236,NA,NA,1006.165,NA,207.131,1643.077,NA,NA,4114.726,NA,NA,NA,362.689,NA,9522.094,NA,NA,405.645,2467.282,NA,NA,122.909,134.911,129.452,88.57,NA,NA,NA,NA,NA,2054.464,7811.443,NA,308.226,114.264,NA,225.532,872.672,91.078,NA,NA,268.504,142.545,359.101,65.92,NA,259.209,NA,NA,115.664,NA,NA,NA,NA,NA,230.715,NA,907.165,NA,1241.504,587.157,NA,NA,NA,NA,NA,NA
NA,476.824,4785.96,NA,NA,733.915,385.997,284.394,NA,1108.235,NA,NA,NA,NA,NA,1116.295,NA,NA,717.856,383.551,NA,2867.525,NA,NA,7630.493,306.508,NA,NA,1090.194,699.56,358.031,NA,357.687,NA,195.231,NA,155.947,509.665,153.282,2256.568,516.99,NA,196.473,1568.663,235.252,235.082,NA,NA,184.187,NA,167.926,NA,197.448,122.428,NA,NA,88.729,NA,NA,NA,NA,NA,103.168,NA,665.354,NA,NA,100.151,NA,NA,NA,NA,NA,NA
NA,568.337,NA,600.072,NA,NA,NA,NA,NA,NA,210.46,1347.065,4211.394,NA,NA,981.824,NA,123.586,NA,150.976,NA,6374.696,NA,NA,NA,227.995,NA,158.508,NA,NA,NA,NA,NA,NA,NA,NA,NA,NA,10822.998,NA,NA,86.919,NA,914.264,314.844,294.082,134.47,NA,179.726,NA,NA,NA,NA,NA,NA,NA,879.186,NA,NA,NA,182.203,NA,NA,NA,166.887,NA,156.525,76.102,NA,NA,NA,NA,335.011,NA
NA,1293.353,2303.353,NA,NA,441.624,NA,NA,200.365,1694.943,NA,NA,772.064,NA,NA,4328.311,NA,NA,NA,NA,NA,2765.806,NA,NA,1354.732,1615.848,NA,235.167,233.458,NA,NA,147.216,NA,138.934,NA,NA,NA,1719.311,3693.844,336.538,NA,74.243,321.622,NA,184.66,NA,NA,NA,92.281,153.708,504.094,NA,NA,199.263,NA,NA,135.522,NA,NA,NA,NA,NA,NA,NA,227.811,NA,154.455,78.049,NA,NA,NA,NA,NA,NA
NA,296.987,4089.991,NA,NA,789.594,281.178,551.472,253.881,295.824,NA,NA,384.577,NA,NA,357.18,NA,NA,777.103,352.465,NA,2732.291,NA,NA,2707.42,216.993,NA,NA,350.629,245.803,582.91,NA,NA,NA,151.888,NA,235.591,126.73,85.328,1393.958,365.544,NA,NA,3144.035,285.408,NA,NA,NA,229.81,53.46,164.828,76.46,171.876,122.289,NA,NA,105.381,NA,NA,NA,NA,NA,210.191,NA,207.642,NA,NA,249.477,NA,NA,NA,NA,NA,NA
NA,NA,NA,NA,NA,NA,NA,NA,NA,NA,NA,429.638,2679.742,NA,NA,381.655,NA,183.775,NA,181.174,NA,6455.189,NA,NA,NA,288.782,NA,NA,NA,NA,NA,NA,NA,NA,NA,NA,NA,NA,11196.276,NA,NA,118.323,NA,543.601,444.064,217.633,NA,NA,NA,NA,NA,NA,NA,NA,NA,NA,84.009,NA,NA,NA,NA,NA,260.752,NA,940.702,NA,624.195,475.535,NA,NA,NA,NA,NA,NA
NA,454.882,1405.298,NA,NA,453.921,NA,NA,NA,524.647,NA,NA,NA,NA,NA,2332.473,NA,NA,161.228,NA,NA,1546.407,NA,NA,1221.468,570.238,NA,229.637,197.485,NA,NA,NA,NA,115.607,NA,NA,135.402,998.387,299.619,331.207,NA,NA,118.401,NA,142.968,NA,NA,NA,196.683,104.714,282.543,NA,NA,222.235,NA,NA,53.712,NA,NA,NA,NA,NA,334.834,NA,229.475,NA,NA,657.104,NA,NA,NA,NA,NA,NA
NA,585.076,NA,NA,NA,NA,NA,NA,NA,495.41,NA,318.943,1779.763,906.501,NA,976.628,NA,NA,NA,NA,NA,2832.21,NA,NA,917.635,422.198,NA,683.86,NA,NA,NA,NA,NA,NA,NA,NA,NA,120.193,5183.623,NA,NA,153.359,NA,456.237,193.915,NA,NA,NA,146.484,NA,NA,63.398,NA,NA,NA,NA,84.49,NA,NA,NA,55.58,NA,NA,NA,249.899,NA,74.765,129.59,116.195,NA,NA,NA,NA,NA
NA,1022.986,1137.044,NA,NA,NA,NA,NA,NA,509.792,NA,261.468,NA,NA,NA,3331.467,NA,NA,NA,182.212,NA,6892.299,NA,NA,2875.998,391.359,NA,142.393,NA,NA,255.805,NA,14361.198,NA,NA,NA,NA,104.508,120.759,NA,139.068,115.728,NA,445.475,437.124,NA,NA,NA,210.584,NA,119.689,NA,NA,NA,NA,NA,NA,NA,NA,NA,NA,NA,NA,NA,644.963,NA,105.558,180.889,NA,NA,NA,NA,NA,NA
NA,2486.525,4215.557,NA,NA,753.567,412.382,NA,NA,606.746,NA,NA,1091.288,NA,NA,248.552,NA,NA,508.787,291.539,NA,2119.49,NA,NA,6135.95,353.996,NA,NA,211.052,246.05,362.404,NA,NA,NA,NA,NA,NA,133.994,131.569,1058.216,195.327,132.326,NA,771.742,236.707,178.6,126.9,NA,NA,79.212,270.178,90.833,219.859,205.946,NA,NA,392.638,NA,NA,NA,NA,NA,NA,NA,591.416,NA,396.663,251.882,NA,NA,NA,NA,NA,NA
NA,NA,NA,NA,NA,NA,NA,NA,NA,464.936,NA,527.58,583.418,NA,NA,1076.116,NA,NA,NA,135.825,NA,4201.215,NA,NA,NA,718.804,128.926,NA,NA,NA,NA,NA,NA,NA,NA,NA,NA,176.996,5737.262,NA,NA,163.475,NA,248.209,427.464,293.669,97.995,NA,273.15,NA,NA,NA,NA,NA,NA,NA,NA,NA,NA,NA,NA,NA,NA,NA,732.698,NA,NA,549.873,NA,NA,NA,NA,NA,NA
NA,1013.283,910.08,NA,NA,NA,NA,NA,NA,1687.362,NA,421.17,1424.939,NA,NA,4009.599,NA,NA,NA,NA,NA,2091.774,NA,NA,NA,606.821,NA,108.562,121.316,NA,NA,NA,NA,NA,NA,NA,NA,586.384,5047.77,NA,147.711,80.362,NA,122.652,155.831,88.525,NA,NA,760.618,110.739,160.697,NA,NA,89.053,NA,NA,55.818,NA,120.633,NA,NA,NA,NA,NA,283.415,NA,NA,102.725,NA,NA,NA,NA,NA,NA
NA,770.886,811.592,NA,NA,NA,NA,NA,NA,400.15,NA,NA,NA,NA,NA,1466.994,NA,NA,NA,NA,NA,736.276,NA,NA,1147.914,568.921,NA,NA,179.355,185.942,NA,NA,NA,NA,NA,NA,NA,423.362,NA,NA,220.389,NA,NA,NA,NA,NA,NA,NA,134.591,NA,95.507,NA,NA,94.457,NA,NA,NA,NA,NA,NA,NA,NA,NA,NA,304.049,NA,140.032,281.535,NA,NA,NA,NA,NA,NA
NA,927.466,1287.518,NA,NA,NA,NA,NA,NA,548.985,NA,NA,778.592,151.573,NA,2254.016,NA,NA,NA,NA,NA,1091.742,NA,NA,2392.607,1094.026,NA,935.105,115.724,NA,NA,NA,NA,NA,NA,NA,NA,744.274,116.824,NA,143.778,NA,NA,NA,89.216,NA,NA,NA,189.63,57.757,159.595,NA,NA,NA,116.315,NA,NA,NA,NA,NA,NA,NA,75.597,NA,160.798,NA,58.848,152.136,345.111,148.925,NA,NA,NA,NA
NA,NA,944.269,NA,NA,NA,NA,NA,NA,1109.255,NA,657.941,807.619,NA,NA,2294.53,NA,NA,NA,196.408,NA,5592.756,NA,NA,248.111,1718.468,NA,210.043,154.816,NA,NA,NA,NA,NA,138.801,NA,NA,358.079,7375.787,NA,172.568,188.22,NA,305.002,574.224,193.371,NA,NA,163.73,NA,131.129,NA,NA,71.336,NA,NA,NA,NA,NA,NA,NA,NA,NA,NA,1276.036,66.673,NA,386.672,NA,NA,NA,NA,NA,NA
NA,NA,1215.686,NA,NA,NA,NA,NA,NA,691.879,NA,192.716,1354.982,NA,NA,5362.771,NA,NA,NA,134.986,NA,5753.872,NA,NA,253.452,902.054,NA,NA,83.868,88.404,NA,85.228,NA,NA,NA,NA,NA,2059.291,6534.94,NA,353.732,101.755,128.385,161.494,512.417,NA,NA,NA,429.107,77.588,117.6,NA,NA,140.801,NA,NA,NA,NA,NA,NA,NA,NA,139.287,NA,372.57,NA,175.591,116.713,NA,NA,NA,NA,NA,NA
NA,457.876,849.655,NA,NA,NA,NA,NA,NA,372.948,NA,NA,307.254,1511.161,NA,2992.439,NA,NA,1760.535,129.313,NA,5491.396,NA,NA,954.275,NA,10302.708,586.041,97.643,91.609,3350.363,NA,NA,NA,NA,NA,NA,1293.031,872.784,NA,269.58,NA,NA,3477.293,455.788,151.69,NA,NA,263.457,NA,70.575,NA,NA,74.943,NA,NA,NA,NA,NA,NA,NA,NA,NA,NA,115.267,NA,NA,NA,NA,NA,NA,NA,NA,NA
NA,NA,3754.036,NA,NA,674.304,293.607,NA,NA,1019.862,NA,NA,247.971,NA,NA,400.238,NA,NA,649.961,191.044,NA,2650.865,NA,NA,7297.314,419.844,NA,342.156,341.462,NA,601.24,NA,NA,135.467,NA,NA,138.175,142.871,100.127,1325.566,177.317,78.285,NA,4170.171,282.172,NA,91.572,NA,NA,94.535,405.265,NA,161.334,279.738,NA,NA,197.779,NA,NA,NA,NA,NA,NA,NA,221.854,NA,268.162,122.916,NA,NA,NA,NA,NA,NA
NA,316.133,3039.178,NA,NA,NA,NA,NA,NA,635.822,NA,NA,1274.823,NA,NA,645.065,NA,NA,682.707,244.599,NA,1348.896,NA,NA,4045.603,195.786,NA,NA,880.646,711.938,491.374,NA,NA,199.17,159.189,NA,NA,172.411,93.833,647.498,311.292,75.383,NA,3009.958,188.637,160.148,122.912,NA,471.704,73.817,178.651,NA,198.68,78.5,NA,NA,498.036,NA,NA,NA,NA,NA,NA,NA,385.035,NA,NA,79.545,NA,NA,NA,NA,NA,NA
NA,NA,NA,NA,NA,NA,NA,NA,NA,546.501,NA,NA,729.979,NA,NA,666.245,NA,NA,NA,159.084,NA,4292.028,NA,NA,NA,254.516,NA,NA,NA,NA,NA,7885.747,NA,NA,1047.257,NA,NA,NA,2870.647,NA,1457.842,NA,NA,409.695,429.706,NA,NA,NA,NA,70.885,NA,NA,NA,1035.403,NA,NA,NA,NA,NA,NA,90.255,NA,NA,NA,348.431,NA,NA,280.577,NA,NA,NA,NA,NA,NA
NA,633.061,3086.591,NA,NA,545.142,NA,NA,NA,2281.717,NA,197.13,977.469,NA,NA,5502.897,NA,NA,272.704,181.094,NA,4746.065,NA,NA,2232.258,1101.74,NA,NA,442.108,366.913,128.906,111.05,NA,117.84,173.429,NA,NA,2117.48,5493.289,510.066,340.467,NA,120.522,375.267,389.993,NA,151.486,106.909,411.895,114.33,295.598,NA,NA,146.745,NA,NA,125.328,NA,NA,NA,NA,NA,70.696,NA,380.452,NA,NA,148.499,NA,NA,NA,NA,NA,NA
NA,6653.789,2983.99,NA,NA,829.473,350.568,NA,NA,1366.966,NA,424.308,1771.555,NA,NA,5550.375,NA,NA,204.323,129.41,NA,3446.385,NA,NA,2933.658,NA,NA,NA,286.355,416.499,458.646,266.31,NA,NA,176.661,NA,NA,4482.632,9002.069,358.505,296.714,181.473,NA,1810.721,309.302,NA,NA,100.438,225.58,451.633,1927.54,53.451,NA,678.044,NA,86.873,793.18,NA,NA,NA,NA,NA,325.771,NA,933.609,NA,1064.044,494.02,NA,NA,NA,NA,NA,NA
NA,399.753,1596.315,NA,NA,NA,NA,NA,NA,313.48,NA,NA,1370.219,2313.761,NA,1088.011,NA,NA,NA,145.96,NA,4114.135,NA,NA,2054.18,371.383,NA,962.757,95.651,NA,NA,NA,NA,NA,NA,NA,NA,439.193,5160.686,193.627,127.353,NA,NA,228.307,319.239,NA,NA,NA,319.773,NA,52.211,NA,NA,NA,NA,NA,NA,NA,NA,NA,NA,NA,115.112,NA,211.287,NA,123.796,406.217,123.574,NA,NA,NA,NA,NA
NA,487.048,1527.64,NA,NA,508.691,NA,NA,NA,272.705,NA,NA,1459.202,NA,NA,1650.501,NA,NA,147.026,NA,NA,393.546,NA,NA,1038.409,537.053,NA,119.322,106.097,NA,NA,NA,NA,NA,NA,NA,NA,840.887,6587.942,172.1,NA,121.581,272.723,NA,NA,NA,NA,NA,NA,NA,106.679,NA,NA,104.204,NA,NA,98.971,NA,NA,NA,NA,NA,219.17,NA,870.176,69.411,368.119,1122.458,NA,NA,NA,NA,NA,NA
NA,528.136,1616.041,NA,NA,NA,NA,NA,NA,766.749,NA,NA,499.752,481.176,NA,4077.057,NA,NA,NA,119.99,NA,4841.937,NA,NA,303.699,1008.181,NA,337.374,142.151,NA,205.999,NA,NA,NA,NA,NA,NA,1258.377,1789.649,NA,265.713,NA,NA,577.026,406.946,NA,NA,NA,335.284,95.488,199.636,NA,NA,NA,153.415,NA,54.278,NA,NA,NA,NA,NA,NA,NA,NA,NA,NA,NA,NA,NA,NA,NA,NA,NA
NA,NA,1800.013,NA,NA,502.215,NA,NA,NA,777.207,NA,NA,1012.763,NA,NA,6790.978,NA,NA,NA,NA,NA,1983.042,NA,NA,278.12,1002.364,NA,131.819,137.744,NA,NA,111.661,NA,NA,NA,NA,NA,2781.268,6075.184,NA,300.684,NA,76.232,NA,218.42,NA,NA,96.435,539.445,152.421,389.138,87.088,NA,244.142,NA,NA,117.062,NA,NA,NA,NA,NA,110.071,NA,199.695,NA,158.79,109.776,NA,NA,NA,NA,NA,NA
NA,329.2,3593.697,NA,NA,1137.169,388.485,NA,NA,917.579,NA,NA,NA,1758.527,NA,3494.37,NA,NA,465.786,NA,NA,181.721,NA,NA,4906.051,2282.346,NA,675.968,236.898,218.837,509.472,90.481,NA,202.483,NA,NA,237.727,2374.782,NA,948.566,469.145,NA,NA,3830.164,NA,NA,NA,117.139,194.027,189.193,760.491,55.746,50.122,460.728,NA,NA,219.921,NA,NA,NA,NA,164.264,82.239,NA,223.588,NA,95.464,103.895,212.532,NA,NA,NA,NA,NA
NA,364.072,NA,NA,NA,NA,NA,NA,NA,666.102,NA,3094.079,724.977,NA,NA,1799.885,NA,137.574,NA,171.521,NA,6574.377,NA,NA,NA,546.542,NA,NA,NA,NA,NA,NA,NA,NA,NA,NA,NA,101.843,2387.52,NA,619.743,NA,NA,203.91,539.668,214.121,NA,NA,500.198,112.758,94.511,NA,NA,NA,NA,NA,NA,NA,NA,NA,103.639,NA,77.399,NA,441.791,NA,136.802,142.629,NA,NA,NA,NA,NA,NA
NA,4013.794,4640.29,NA,NA,634.709,293.353,500.699,NA,1047.029,NA,NA,996.908,NA,NA,706.323,NA,NA,593.866,NA,NA,1700.55,NA,NA,3197.175,205.747,NA,NA,726.751,578.279,301.51,NA,NA,140.317,185.925,NA,NA,229.689,86.118,648.167,145.221,73.333,NA,684.827,191.299,135.378,NA,NA,576.882,NA,152.653,NA,170.29,162.661,NA,NA,303.658,NA,NA,NA,NA,NA,NA,NA,580.257,NA,101.36,118.988,NA,NA,NA,NA,NA,NA
NA,645.306,1001.024,NA,NA,NA,NA,NA,NA,1483.017,NA,309.665,2256.239,NA,NA,5851.992,NA,NA,155.749,NA,NA,422.614,NA,NA,626.762,799.999,NA,NA,321.968,309.907,193.373,108.682,NA,NA,169.999,NA,NA,1806.906,7980.465,NA,368.3,102.048,64.199,1136.424,75.952,NA,NA,NA,334.109,75.012,198.772,NA,NA,159.036,NA,NA,86.54,NA,NA,NA,NA,NA,135.096,NA,251.224,NA,89.003,324.12,NA,NA,NA,NA,NA,NA
NA,640.03,982.661,NA,NA,NA,NA,NA,NA,630.767,NA,305.323,1587.405,408.533,NA,3409.616,NA,NA,NA,122.22,NA,153.006,NA,NA,980.656,1420.273,NA,553.21,207.04,195.498,NA,NA,NA,NA,250.496,NA,NA,364.639,86.932,NA,180.478,NA,NA,445.231,NA,NA,NA,NA,NA,79.811,244.378,NA,NA,100.429,NA,NA,50.947,NA,NA,NA,135.551,NA,NA,NA,474.457,NA,NA,270.008,227.232,NA,NA,NA,NA,NA
NA,321.604,1808.072,NA,NA,596.677,290.353,NA,NA,1210.724,NA,455.517,2734.274,692.692,NA,3258.512,NA,NA,NA,NA,NA,1658.795,NA,NA,2005.001,2311.697,NA,1110.826,193.837,166.876,NA,97.569,NA,NA,185.229,NA,NA,1558.06,8474.887,NA,210.399,196.386,NA,308.979,114.881,118.505,NA,NA,112.175,93.077,332.261,NA,NA,146.257,NA,NA,98.271,NA,NA,NA,71.393,NA,76.562,NA,538.938,NA,151.639,256.605,355.642,131.026,NA,NA,NA,NA
NA,754.512,1580.442,NA,NA,NA,NA,NA,NA,NA,NA,168.245,773.637,NA,NA,1593.223,NA,NA,NA,134.787,NA,4987.985,NA,NA,375.913,340.578,NA,144.652,128.328,NA,NA,NA,NA,NA,NA,NA,NA,466.822,4244.043,NA,111.583,NA,269.743,NA,536.798,NA,NA,NA,478.054,NA,NA,NA,NA,NA,NA,NA,163.374,NA,NA,NA,NA,NA,191.805,NA,616.81,NA,NA,272.842,NA,NA,NA,NA,NA,NA
NA,304.31,3359.454,NA,NA,605.935,269.343,NA,NA,1077.184,NA,NA,250.058,NA,NA,2266.901,NA,NA,285.779,NA,NA,1943.918,NA,NA,1597.903,776.844,NA,199.035,151.86,NA,261.251,NA,NA,125.341,NA,NA,NA,882.718,398.304,NA,138.081,NA,NA,935.948,189.564,NA,NA,NA,685.723,110.572,149.802,NA,NA,NA,81.857,NA,55.584,NA,NA,NA,NA,NA,93.717,NA,112.423,NA,NA,129.592,NA,NA,NA,NA,NA,NA
NA,706.2,3216.309,NA,NA,NA,NA,NA,NA,1497.477,NA,NA,677.282,NA,NA,566.043,NA,NA,1400.937,NA,NA,1980.194,NA,NA,941.355,NA,NA,NA,483.03,336.593,400.125,NA,NA,211.404,227.684,NA,NA,149.345,2845.648,1824.226,427.566,NA,NA,2035.083,290.682,NA,NA,NA,213.531,NA,99.354,58.571,164.683,95.833,NA,NA,60.92,NA,NA,NA,NA,NA,NA,NA,159.574,NA,NA,98.05,NA,NA,NA,NA,NA,NA
NA,NA,NA,NA,NA,NA,NA,NA,NA,NA,NA,266.344,364.149,2213.034,148.988,NA,NA,NA,379.123,NA,NA,254.873,NA,NA,1928.288,NA,NA,1319.628,NA,NA,574.59,NA,NA,NA,NA,NA,188.258,NA,1521.061,NA,NA,NA,NA,13048.754,NA,NA,NA,NA,185.393,NA,NA,NA,NA,NA,NA,NA,NA,NA,NA,NA,NA,NA,NA,NA,97.353,NA,195.187,414.883,517.156,204.688,NA,NA,NA,NA
NA,1620.614,7235.198,NA,NA,NA,NA,NA,286.656,327.132,NA,NA,827.285,NA,NA,392.701,NA,NA,1034.183,NA,274.784,2902.019,NA,NA,1762.526,163.937,NA,NA,488.18,402.125,371.764,NA,NA,114.846,245.681,NA,233.745,172.912,3507.737,1070.926,180.532,124.198,NA,3734.547,275.971,NA,NA,87.66,729.397,82.611,123.662,103.392,295.976,152.88,NA,NA,67.024,NA,NA,NA,NA,NA,170.173,NA,NA,NA,NA,128.628,NA,NA,NA,NA,NA,NA
NA,2717.448,3531.621,NA,NA,NA,NA,NA,NA,728.862,NA,NA,752.356,NA,NA,642.15,NA,NA,1205.229,NA,NA,1867.424,NA,NA,384.223,NA,NA,NA,726.247,552.208,290.107,NA,NA,193.138,219.681,NA,NA,221.801,4608.996,717.364,271.968,97.94,NA,1317.079,265.869,NA,NA,NA,430.651,NA,NA,NA,265.889,58.121,NA,NA,115.182,79.008,NA,NA,NA,NA,NA,NA,355.023,NA,NA,NA,NA,NA,NA,NA,NA,NA
NA,290.918,3028.827,NA,NA,784.65,258.479,NA,NA,1148.948,NA,180.947,440.78,NA,NA,3436.386,NA,NA,782.993,NA,NA,1944.759,NA,NA,3008.677,968.385,NA,NA,323.232,322.874,1182.131,85.39,NA,NA,NA,NA,179.536,1256.01,3762.332,512.04,315.582,NA,NA,6929.535,197.055,NA,84.16,NA,137.927,231.061,594.52,NA,NA,255.4,NA,NA,135.513,NA,NA,NA,NA,NA,58.586,NA,159.507,NA,NA,121.486,NA,NA,77.114,NA,NA,NA
NA,580.138,2028.279,NA,NA,NA,NA,NA,NA,361.491,NA,NA,785.957,NA,NA,3265.328,NA,NA,NA,NA,NA,4273.656,NA,NA,465.324,256.325,NA,198.117,160.535,NA,NA,82.74,NA,NA,NA,NA,138.574,1179.191,306.987,NA,187.746,NA,151.194,NA,349.171,NA,NA,NA,598.792,111.021,89.599,NA,NA,NA,NA,NA,72.717,NA,NA,NA,NA,NA,345.767,NA,382.58,NA,NA,289.394,NA,NA,NA,NA,NA,NA
NA,1055.939,2172.391,NA,NA,NA,NA,NA,NA,2566.353,NA,714.876,1499.555,NA,NA,3127.426,NA,NA,NA,280.064,NA,10286.657,NA,NA,359.154,2432.908,NA,113.225,148.609,NA,126.623,100.55,NA,NA,NA,NA,NA,1490.34,6723.375,NA,136.353,318.736,NA,499.598,790.357,83.542,NA,NA,212.301,106.219,216.386,NA,NA,172.36,NA,NA,85.787,NA,NA,NA,NA,NA,172.001,NA,1087.165,63.871,152.863,623.466,68.726,NA,NA,NA,NA,NA
NA,786.088,3514.869,NA,NA,599.378,NA,595.296,NA,699.505,NA,NA,182.146,NA,NA,473.392,NA,NA,466.669,NA,NA,114.437,NA,NA,2091.571,NA,NA,681.142,465.071,NA,180.829,NA,188.898,133.625,NA,NA,NA,117.959,1089.994,NA,173.736,NA,225.559,NA,NA,NA,NA,NA,535.824,61.11,187.674,NA,149.575,NA,135.104,NA,82.543,NA,NA,NA,NA,NA,NA,NA,110.228,NA,NA,NA,NA,NA,NA,NA,NA,NA
NA,504.766,1362.941,149.26,NA,NA,NA,NA,NA,1516.965,NA,224.486,1626.795,NA,NA,664.406,NA,155.443,261.778,160.001,NA,5573.295,NA,NA,5132.827,401.856,NA,NA,424.784,454.485,224.498,181.062,NA,NA,NA,NA,NA,188.75,5066.406,126.154,253.231,97.82,NA,436.565,195.945,186.298,NA,NA,NA,NA,145.289,NA,NA,143.537,NA,228.276,107.743,NA,NA,NA,NA,NA,172.646,NA,356.181,NA,199.356,135.84,NA,NA,NA,NA,161.611,NA
NA,70.689,2133.093,NA,NA,457.99,NA,NA,NA,569.955,NA,NA,676.584,NA,NA,1924.849,NA,NA,241.134,NA,NA,1634.245,NA,NA,4736.041,794.962,NA,NA,365.276,335.791,235.877,NA,NA,NA,NA,NA,NA,705.5,2771.851,708.537,295.189,NA,NA,161.327,106.818,NA,NA,NA,NA,83.311,385.03,NA,NA,179.477,NA,NA,149.514,NA,NA,NA,NA,NA,168.755,NA,488.424,NA,346.938,765.893,NA,NA,NA,NA,NA,NA
NA,1158.694,1028.308,NA,NA,NA,NA,NA,NA,691.534,NA,203.037,1732.71,1786.017,NA,3787.417,NA,NA,NA,NA,NA,2308.801,NA,NA,880.048,1232.147,NA,451.916,153.457,NA,NA,NA,NA,235.803,NA,NA,NA,576.758,4652.22,158.605,NA,NA,105.98,NA,118.478,NA,NA,NA,NA,60.461,231.379,NA,NA,91.319,NA,NA,NA,NA,NA,NA,NA,NA,NA,NA,155.087,NA,NA,73.628,123.052,NA,NA,NA,NA,NA
NA,236.458,1240.79,NA,NA,NA,NA,NA,NA,529.103,NA,NA,484.984,NA,NA,1732.023,NA,NA,NA,NA,NA,2328.739,NA,NA,NA,280.792,NA,NA,NA,NA,NA,NA,NA,NA,NA,NA,NA,782.623,2454.217,NA,NA,NA,NA,NA,198.96,NA,NA,NA,570.9,NA,NA,88.528,NA,NA,98.491,NA,144.116,NA,NA,NA,NA,NA,72.231,NA,NA,NA,NA,109.804,NA,NA,NA,NA,NA,NA
NA,176.454,1084.882,NA,534.346,NA,NA,NA,NA,NA,NA,NA,479.171,NA,NA,475.139,NA,NA,742.025,NA,NA,1394.428,NA,NA,301.588,NA,15518.994,NA,75.219,NA,1624.237,NA,NA,NA,NA,176.171,NA,203.853,1668.86,NA,NA,NA,NA,1621.671,104.834,179.901,NA,NA,436.274,NA,NA,NA,NA,NA,NA,NA,126.23,NA,NA,NA,NA,NA,91.655,NA,330.401,NA,NA,189.303,NA,NA,NA,NA,NA,NA
NA,1014.584,1118.436,NA,NA,NA,NA,NA,NA,1860.885,NA,196.481,631.27,NA,NA,2084.036,NA,NA,NA,NA,NA,1099.829,NA,NA,179.015,168.01,NA,197.681,177.078,NA,NA,NA,NA,NA,NA,NA,NA,377.855,2148.077,NA,221.679,NA,NA,178.95,93.578,NA,NA,NA,210.666,NA,98.131,NA,NA,122.58,NA,NA,NA,NA,NA,NA,NA,NA,NA,NA,NA,NA,88.01,NA,NA,NA,NA,NA,NA,NA
NA,546.567,4116.564,NA,NA,609.919,NA,454.694,NA,505.825,NA,NA,NA,NA,NA,459.805,NA,NA,856.625,NA,NA,285.097,NA,NA,1977.28,NA,NA,622.847,394.174,NA,404.406,NA,154.232,203.029,NA,NA,198.361,144.897,NA,1535.193,232.164,NA,NA,5458.353,NA,NA,NA,NA,481.349,NA,144.249,NA,175.47,148.333,NA,NA,NA,NA,NA,NA,NA,NA,NA,NA,259.87,NA,NA,NA,NA,NA,NA,NA,NA,NA
NA,702.158,2922.323,NA,NA,482.832,NA,NA,237.068,1412.122,NA,NA,1219.715,NA,NA,11026.333,NA,NA,NA,NA,NA,2042.547,NA,NA,166.073,1073.216,NA,NA,218.485,216.31,NA,128.404,NA,NA,236.596,NA,NA,3435.645,4704.959,NA,295.578,NA,102.919,182.578,143.037,NA,NA,192.177,444.244,177.246,588.051,106.411,NA,370.283,NA,NA,203.922,NA,NA,NA,NA,NA,NA,NA,342.077,NA,87.045,NA,NA,NA,NA,NA,NA,NA
NA,1174.152,NA,NA,NA,NA,NA,NA,NA,1977.441,NA,2248.604,3051.724,NA,NA,958.741,NA,NA,1151.945,238.934,250.595,12647.732,NA,NA,NA,475.854,NA,258.3,NA,NA,1528.3,NA,NA,NA,NA,NA,NA,NA,11082.368,NA,NA,176.019,NA,894.75,1053.784,NA,NA,NA,724.504,NA,NA,NA,NA,NA,NA,NA,148.643,NA,NA,NA,NA,NA,NA,NA,343.135,NA,NA,156.731,NA,NA,NA,NA,NA,NA
NA,436.323,473.507,NA,NA,NA,NA,NA,NA,NA,NA,NA,NA,1096.656,NA,662.089,NA,NA,513.855,NA,NA,1009.622,NA,NA,1274.848,NA,NA,491.813,NA,NA,2183.955,NA,NA,NA,NA,121.959,NA,243.458,NA,NA,NA,81.181,NA,1958.63,NA,300.153,NA,NA,NA,NA,57.059,NA,NA,76.781,NA,NA,90.61,NA,NA,NA,NA,NA,NA,NA,97.286,NA,NA,98.092,95.037,NA,NA,NA,NA,NA
NA,375.778,2749.415,NA,NA,NA,NA,NA,NA,621.161,NA,NA,192.624,NA,NA,452.407,NA,NA,652.993,NA,NA,1850.574,NA,NA,1488.063,165.713,NA,489.42,396.206,NA,312.163,NA,NA,150.13,NA,NA,166.607,175.382,660.688,NA,227.971,NA,NA,4889.877,226.485,NA,NA,NA,499.644,NA,90.18,NA,120.068,NA,74.446,NA,NA,NA,NA,NA,NA,NA,98.942,NA,279.765,NA,NA,81.448,NA,NA,NA,NA,NA,NA
NA,401.776,4595.333,NA,NA,543.94,258.852,NA,NA,815.551,NA,NA,363.528,NA,NA,2028.175,NA,NA,386.835,NA,NA,839.768,NA,NA,3229.078,354.929,NA,490.945,306.996,NA,182.067,NA,NA,195.058,NA,NA,162.286,528.855,99.396,978.311,244.881,NA,124.179,NA,67.046,NA,NA,NA,520.158,97.813,150.006,NA,89.327,NA,82.83,NA,NA,NA,NA,NA,NA,NA,99.397,NA,250.322,NA,202.324,159.294,NA,NA,NA,NA,NA,NA
NA,NA,3187.678,NA,NA,NA,NA,NA,NA,433.337,NA,NA,193.797,NA,NA,513.475,NA,NA,1197.031,NA,NA,707.113,NA,NA,2727.547,195.939,NA,528.973,339.134,NA,1322.852,NA,NA,129.435,223.184,NA,NA,194.931,1080.07,NA,184.788,NA,NA,1226.098,159.678,NA,NA,NA,535.586,NA,79.769,NA,138.561,99.258,NA,NA,NA,NA,NA,NA,NA,NA,NA,NA,159.751,NA,NA,NA,NA,NA,NA,NA,NA,NA
NA,889.071,3283.547,NA,NA,762.535,NA,NA,NA,923.639,NA,NA,530.858,335.575,NA,2062.173,NA,NA,227.188,NA,NA,381.845,NA,NA,5146.652,2401.005,NA,898.725,310.363,302.123,177.484,101.568,NA,NA,272.66,NA,NA,2064.484,81.843,799.627,NA,NA,NA,582.934,77.979,NA,NA,NA,521.467,169.643,466.623,NA,NA,188.767,NA,NA,134.49,NA,NA,NA,NA,NA,NA,NA,333.91,NA,NA,NA,NA,NA,NA,NA,NA,NA
NA,1321.467,3864.949,NA,NA,673.829,300.128,NA,NA,489.583,NA,181.013,256.514,NA,NA,404.226,NA,NA,681.536,176.88,NA,2970.157,NA,NA,6633.563,375.613,NA,NA,413.589,430.159,1198.25,NA,NA,138.351,NA,NA,NA,157.691,72.553,1287.199,96.967,103.713,NA,786.966,332.171,NA,NA,NA,347.477,75.152,172.592,NA,129.28,142.702,NA,NA,NA,NA,NA,NA,NA,NA,NA,NA,543.185,NA,NA,103.429,NA,NA,NA,NA,NA,NA
NA,162.712,1722.405,NA,NA,514.61,NA,NA,NA,2307.035,NA,NA,NA,NA,NA,3676.845,NA,NA,225.127,NA,NA,206.549,NA,NA,4382.072,973.531,NA,263.343,559.834,469.598,121.342,119.162,NA,NA,NA,NA,NA,1507.202,696.472,NA,192.976,87.228,192.354,NA,NA,NA,NA,NA,268.091,93.247,253.018,NA,NA,NA,87.133,NA,107.428,NA,NA,NA,NA,NA,NA,NA,177.432,NA,NA,94.684,NA,NA,NA,NA,NA,NA
NA,NA,1729.088,NA,NA,674.559,278.294,NA,NA,878.405,NA,NA,253.449,NA,NA,6325.281,NA,NA,NA,189.228,NA,5477.453,NA,NA,434.378,1762.003,NA,107.504,137.96,NA,NA,115.047,NA,NA,NA,NA,NA,3116.878,247.613,NA,275.715,NA,94.375,NA,500.803,NA,NA,102.058,302.931,114.58,378.691,106.674,NA,223.543,NA,NA,104.722,NA,NA,NA,NA,NA,NA,NA,144.856,NA,120.118,151.381,NA,NA,NA,NA,NA,NA
NA,327.467,3642.305,NA,NA,924.324,341.814,NA,NA,346.079,NA,NA,146.869,NA,NA,2015.425,NA,NA,305.222,NA,NA,1243.206,NA,NA,2180.522,1085.609,NA,176.378,177.679,NA,506.732,NA,NA,284.486,NA,NA,NA,1317.477,498.309,NA,209.475,104.107,NA,986.615,130.489,NA,NA,100.052,542.061,101.739,244.745,163.754,NA,221.042,NA,NA,58.98,NA,NA,NA,NA,NA,106.144,NA,401.313,NA,NA,132.161,NA,NA,NA,NA,NA,NA
NA,572.632,1927.924,NA,NA,NA,NA,NA,NA,1566.717,NA,424.963,2523.562,770.19,NA,5225.771,NA,NA,NA,NA,NA,794.735,NA,NA,2237.278,1876.797,NA,1288.445,338.695,304.874,NA,127.942,NA,NA,199.667,NA,NA,1471.517,6723.435,NA,207.628,93.542,NA,587.005,67.7,NA,NA,NA,103.755,87.449,157.643,NA,NA,133.599,NA,NA,291.995,NA,NA,NA,NA,NA,NA,NA,699.492,NA,NA,145.025,213.857,NA,NA,NA,NA,NA
NA,1544.525,4550.618,NA,NA,892.872,429.9,NA,NA,462.124,NA,212.427,421.737,NA,NA,525.8,NA,NA,990.42,361.781,NA,687.552,NA,NA,7799.063,381.596,NA,NA,434.221,388.259,1758.143,NA,NA,211.964,139.366,NA,183.687,300.884,5645.62,1612.543,491.127,191.689,149.772,3008.066,211.413,NA,166.88,NA,NA,82.064,474.486,82.624,182.469,320.215,NA,NA,148.077,NA,NA,NA,NA,NA,139.474,NA,375.216,NA,NA,98.382,NA,NA,NA,NA,NA,NA
NA,NA,2102.042,NA,NA,NA,NA,NA,NA,364.058,NA,146.475,191.881,NA,NA,535.964,NA,NA,502.911,NA,NA,261.643,NA,NA,5333.178,188.729,NA,NA,295.714,NA,510.251,NA,170.584,131.126,NA,NA,NA,204.834,79.113,1190.074,265.98,69.275,NA,1716.979,NA,NA,NA,NA,280.83,NA,191.196,NA,134.67,126.087,NA,NA,64.083,NA,NA,NA,NA,NA,143.796,NA,NA,NA,NA,349.408,NA,NA,NA,NA,NA,NA
NA,742.898,940.912,NA,NA,NA,NA,NA,NA,NA,NA,571.333,1790.123,NA,NA,2331.686,NA,NA,NA,344.653,NA,12048.99,NA,NA,163.267,931.148,NA,156.079,140.976,NA,130.167,NA,NA,NA,NA,NA,NA,934.062,8798.309,NA,252.514,459.583,NA,440.803,1023.473,134.93,NA,NA,175.493,57.728,105.359,NA,NA,130.224,NA,NA,235.375,NA,NA,NA,NA,NA,91.091,NA,250.493,NA,NA,382.527,NA,NA,NA,NA,NA,NA
NA,1266.913,743.933,NA,NA,NA,NA,NA,NA,341.429,NA,NA,433.667,3000.759,378.289,1546.884,NA,NA,1920.362,NA,NA,1455.556,NA,198.153,2159.221,NA,19770.233,1572.203,86.483,NA,1842.354,NA,NA,NA,NA,123.692,NA,542.949,2120.434,NA,NA,NA,NA,2728.412,121.25,165.264,NA,NA,408.29,NA,NA,NA,NA,NA,NA,NA,NA,NA,NA,NA,NA,NA,NA,NA,133.399,NA,NA,128.862,187.175,NA,NA,NA,NA,NA
NA,1550.725,5164.424,NA,NA,559.852,246.204,NA,NA,2444.74,NA,NA,506.794,NA,NA,3230.24,NA,NA,561.982,NA,NA,1590.29,NA,NA,5796.727,660.632,NA,115.202,1197.95,993.653,355.785,NA,NA,215.519,218.181,NA,NA,1015.318,89.144,786.801,348.412,NA,NA,1317.851,136.018,166.919,NA,NA,484.808,76.386,258.537,NA,111.981,145.218,NA,NA,110.829,NA,NA,NA,NA,NA,90.791,NA,772.96,NA,183.975,243.508,NA,NA,NA,NA,NA,NA
NA,630.912,NA,NA,NA,NA,NA,NA,NA,498.77,NA,327.913,1082.522,NA,NA,1580.821,NA,117.123,NA,162.708,NA,5697.307,NA,NA,124.02,953.683,NA,NA,132.261,110.256,NA,187.091,NA,NA,NA,NA,NA,240.961,4801.104,NA,132.491,214.181,NA,329.971,459.022,219.839,NA,NA,NA,NA,NA,NA,NA,NA,NA,NA,127.334,NA,NA,98.27,NA,NA,NA,NA,620.829,NA,NA,374.685,NA,NA,NA,NA,NA,NA
NA,183.83,1091.337,NA,NA,NA,NA,NA,NA,1066.19,NA,403.886,1985.9,NA,NA,7553.838,NA,113.01,NA,131.194,NA,5150.629,NA,NA,131.874,869.059,NA,NA,360.534,347.739,NA,90.763,NA,NA,406.35,NA,NA,768.866,7542.462,NA,123.868,72.858,NA,249.037,463.36,113.395,NA,NA,553.617,143.837,198.089,NA,NA,90.848,NA,NA,148.305,NA,NA,NA,NA,NA,141.477,NA,116.384,NA,NA,NA,NA,NA,NA,NA,NA,NA
NA,423.702,2841.853,NA,NA,632.346,280.003,NA,NA,814.206,NA,296.865,1574.699,NA,NA,7168.692,NA,NA,NA,186.482,NA,5873.903,NA,NA,463.896,2481.197,NA,159.607,212.027,NA,NA,120.221,NA,NA,NA,NA,NA,3018.574,7672.838,NA,381.909,174.681,123.755,254.508,485.101,NA,NA,NA,494.255,153.054,630.013,97.487,NA,379.236,NA,53.317,219.337,NA,NA,NA,NA,78.348,141.084,NA,464.606,NA,261.207,183.95,NA,NA,NA,NA,NA,NA
NA,5324.635,3716.548,NA,NA,689.417,274.562,NA,NA,1033.548,NA,NA,672.378,NA,NA,736.895,NA,NA,513.177,NA,NA,1860.348,NA,NA,6333.654,298.375,NA,NA,572.007,402.937,228.743,NA,140.533,247.588,NA,NA,NA,286.395,86.735,1542.323,329.623,84.717,NA,429.691,207.226,NA,NA,NA,187.169,65.443,212.773,NA,161.141,226.247,NA,NA,67.478,NA,NA,NA,NA,NA,NA,NA,119.662,NA,NA,NA,NA,NA,NA,NA,NA,NA
NA,490.776,1641.392,NA,NA,NA,NA,NA,NA,537.757,NA,NA,NA,538.443,NA,2032.961,NA,NA,533.85,NA,NA,1856.693,NA,NA,790.893,NA,10512.86,448.438,72.941,NA,1453.145,NA,NA,NA,NA,NA,NA,718.316,519.348,NA,188.124,NA,NA,1842.457,154.814,97.87,NA,NA,469.976,93.507,NA,NA,NA,NA,NA,NA,NA,NA,NA,NA,NA,NA,67.906,NA,219.999,NA,NA,108.713,NA,NA,NA,NA,NA,NA
NA,305.288,4355.378,NA,NA,769.798,364.784,216.732,NA,731.604,NA,NA,298.898,NA,NA,643.786,NA,NA,777.887,NA,NA,NA,NA,NA,5726.418,183.864,NA,NA,785.054,499.764,439.519,NA,NA,308.244,238.897,NA,190.066,156.49,109.217,1461.238,387.859,NA,106.546,2437.494,NA,NA,NA,NA,248.319,96.164,322.949,NA,153.68,220.609,NA,NA,109.668,NA,NA,NA,NA,NA,NA,NA,191.481,NA,NA,NA,NA,NA,NA,NA,NA,NA
NA,681.533,NA,NA,NA,NA,NA,NA,NA,NA,NA,NA,151.565,NA,NA,2914.587,NA,107.729,NA,155.77,750.139,1128.008,NA,NA,NA,488.913,NA,NA,NA,NA,NA,5090.847,NA,NA,1228.265,NA,NA,NA,NA,NA,NA,NA,NA,148.364,555.362,NA,NA,NA,390.773,NA,NA,NA,NA,NA,NA,NA,93.55,3156.527,NA,NA,NA,NA,NA,NA,116.336,NA,NA,203.425,NA,NA,NA,NA,NA,NA
NA,827.43,2129.901,NA,NA,431.155,NA,NA,NA,454.328,NA,197.585,1661.1,NA,NA,3903.827,NA,NA,NA,149.394,NA,4644.803,NA,NA,464.776,2708.481,NA,104.699,137.191,NA,NA,NA,NA,NA,140.092,NA,NA,2174.491,7183.259,NA,310.158,79.48,NA,308.688,397.705,NA,NA,NA,228.102,122.377,391.914,NA,NA,217.046,NA,NA,108.457,NA,NA,NA,NA,NA,228.635,NA,667.199,NA,988.258,251.735,NA,NA,NA,NA,NA,NA
NA,141.35,1932.328,NA,NA,566.012,254.622,NA,NA,570.319,NA,160.118,2434.508,NA,NA,6882.072,NA,NA,NA,NA,NA,2242.856,NA,NA,421.797,1303.567,NA,117.58,146.163,NA,NA,112.064,NA,NA,NA,NA,NA,2909.504,8641.09,NA,162.295,NA,NA,155.352,185.033,NA,NA,101.944,428.034,129.459,541.379,91.043,NA,256.371,NA,NA,111.146,NA,NA,NA,NA,NA,219.143,NA,356.498,NA,177.469,153.225,NA,NA,NA,NA,NA,NA
NA,891.755,NA,NA,NA,NA,NA,NA,NA,816.821,175.634,649.167,3733.898,NA,NA,1024.611,NA,165.859,NA,284.479,NA,8054.577,NA,NA,NA,767.44,NA,188.923,NA,NA,117.902,130.854,NA,NA,NA,172.68,NA,149.289,12823.044,NA,NA,151.987,NA,986.738,610.961,351.954,NA,NA,NA,NA,NA,NA,NA,NA,64.245,NA,153.581,NA,NA,NA,NA,NA,329.497,NA,972.35,NA,121.74,370.134,NA,NA,NA,NA,NA,NA
NA,427.964,986.06,NA,NA,NA,NA,NA,NA,2255.33,NA,NA,NA,673.214,NA,848.354,NA,NA,NA,NA,NA,3662.657,NA,NA,1885.827,399.822,NA,702.759,133.842,88.38,NA,NA,NA,NA,NA,NA,NA,214.254,NA,NA,173.908,NA,NA,129.977,263.297,NA,NA,NA,148.208,NA,86.269,NA,NA,62.322,NA,NA,73.533,NA,NA,NA,NA,NA,NA,NA,745.061,NA,NA,229.147,283.015,108.354,NA,NA,NA,NA
NA,872.581,1069.941,NA,NA,NA,NA,NA,NA,1051.229,NA,473.061,1014.69,NA,NA,1555.498,NA,NA,170.946,130.253,NA,4848.785,NA,NA,2555.644,525.089,NA,NA,297.426,231.765,149.442,NA,NA,NA,124.285,NA,NA,412.306,4932.153,NA,278.351,108.157,68.007,378.289,376.995,167.861,NA,NA,449.662,NA,NA,NA,NA,NA,NA,NA,69.454,NA,NA,NA,NA,NA,106.799,NA,1144.079,62.556,125.063,517.231,NA,NA,NA,NA,NA,NA
NA,1914.464,5002.779,NA,NA,823.669,312.497,NA,NA,NA,NA,NA,369.473,NA,NA,161.642,NA,NA,573.824,NA,NA,1988.952,NA,NA,2367.628,192.245,NA,168.931,156.349,NA,277.187,NA,NA,NA,NA,NA,166.218,90.218,1505.962,835.215,166.489,NA,NA,2973.446,206.586,NA,NA,NA,509.27,NA,136.859,95.812,213.04,86.492,NA,NA,127.631,NA,NA,NA,NA,NA,142.398,NA,87.625,NA,NA,NA,NA,NA,NA,NA,NA,NA
NA,378.884,694.609,NA,NA,NA,NA,NA,NA,162.466,NA,319.782,1667.872,320.511,NA,1865.885,NA,NA,NA,121.909,NA,3703.355,NA,NA,396.671,411.677,NA,266.166,NA,NA,NA,NA,NA,NA,NA,NA,NA,776.366,7873.821,NA,117.764,186.427,NA,179.556,300.825,NA,NA,NA,320.875,NA,NA,NA,NA,NA,NA,NA,76.91,NA,NA,NA,NA,169.967,83.339,NA,392.463,NA,NA,466.798,NA,NA,NA,NA,NA,NA
NA,599.954,1677.474,NA,NA,NA,NA,NA,NA,386.706,NA,NA,192.195,91.236,NA,2674.222,NA,NA,165.845,NA,NA,684.152,NA,NA,1805.713,114.922,NA,737.413,284.16,NA,NA,NA,NA,NA,NA,NA,NA,991.753,137.3,NA,226.628,NA,161.98,NA,82.33,NA,NA,NA,635.187,98.176,86.776,NA,NA,NA,107.82,NA,NA,NA,NA,NA,NA,NA,277.214,NA,468.682,NA,NA,517.206,NA,NA,NA,NA,NA,NA
NA,786.493,1001.823,NA,NA,707.052,NA,NA,NA,227,NA,NA,1000.796,NA,NA,3026.271,NA,NA,NA,NA,NA,2103.486,NA,NA,98.275,180.575,NA,NA,NA,NA,NA,NA,NA,NA,NA,NA,NA,1030.335,6017.777,NA,112.532,NA,142.429,NA,249.081,NA,97.412,84.981,559.789,168.962,NA,NA,NA,NA,83.091,NA,190.881,NA,NA,NA,NA,NA,NA,NA,311.92,NA,NA,80.509,NA,NA,NA,NA,NA,NA
NA,469.334,3867.459,NA,NA,534.733,264.969,NA,NA,1628.282,NA,NA,668.135,NA,NA,6094.02,NA,NA,378.119,NA,NA,2418.679,NA,NA,2179.517,469.612,NA,NA,436.016,NA,140.724,120.015,NA,117.549,213.55,NA,NA,1889.834,4502.443,1168.394,241.302,120.101,485.712,NA,240.744,NA,NA,NA,517.736,250.986,546.172,NA,NA,312.256,NA,NA,188.164,NA,NA,NA,NA,NA,NA,NA,64.801,NA,NA,NA,NA,NA,NA,NA,NA,NA
NA,416.069,1723.229,NA,NA,600.143,NA,NA,NA,NA,NA,NA,NA,NA,NA,127.89,NA,NA,177.608,NA,NA,1390.388,NA,NA,559.044,NA,NA,124.21,NA,NA,NA,NA,NA,107.77,NA,NA,NA,NA,203.758,NA,NA,NA,133.768,NA,120.533,NA,NA,80.922,602.961,NA,NA,NA,122.719,NA,NA,NA,NA,NA,NA,NA,NA,NA,NA,NA,505.128,NA,NA,197.29,NA,NA,NA,NA,NA,NA
NA,1009.08,2122.798,NA,NA,NA,NA,NA,NA,1743.618,NA,191.108,839.578,NA,NA,2646.591,NA,158.764,NA,150.867,NA,6966.095,NA,NA,220.979,1187.527,NA,NA,232.853,208.514,NA,NA,NA,NA,122.594,NA,NA,759.975,3765.339,NA,242.787,83.746,64.783,508.413,389.693,147.795,NA,NA,153.257,71.961,141.126,NA,NA,111.771,NA,NA,207.399,NA,NA,NA,NA,NA,83.136,NA,190.052,NA,101.493,164.39,NA,NA,NA,NA,74.26,NA
NA,NA,NA,517.458,NA,NA,NA,NA,NA,NA,NA,485.71,2694.068,NA,NA,310.677,NA,184.148,NA,NA,NA,9651.707,NA,NA,NA,207.505,NA,164.4,NA,NA,NA,NA,NA,NA,NA,NA,NA,NA,9812.88,NA,NA,273.881,NA,423.339,249.469,340.841,NA,NA,NA,NA,NA,432.307,NA,NA,NA,NA,261.076,NA,NA,NA,NA,NA,151.004,NA,383.645,NA,384.461,376.345,NA,NA,NA,NA,222.826,NA
NA,504.184,3132.572,NA,NA,699.839,292.999,NA,NA,1250.957,NA,NA,188.73,NA,NA,9077.551,NA,NA,NA,135.823,NA,4765.787,165.48,NA,449.596,2361.666,NA,152.663,171.661,NA,NA,154.377,NA,203.886,NA,NA,NA,3627.087,504.035,NA,297.606,NA,110.411,254.792,430.614,NA,NA,286.72,468,222.222,963.851,88.122,NA,442.096,NA,NA,209.116,NA,NA,NA,NA,NA,65.019,NA,NA,NA,NA,138.542,NA,NA,NA,NA,NA,NA
NA,464.88,4579.361,NA,NA,461.573,256.533,215.201,NA,1770.655,NA,NA,758.789,NA,NA,926.28,NA,NA,719.345,NA,NA,438.5,NA,NA,3025.659,NA,NA,NA,1394.888,958.079,302.042,NA,NA,277.099,NA,NA,NA,249.729,73.798,1844.547,170.15,NA,688.977,NA,76.555,NA,NA,NA,494.771,104.742,230.141,NA,168.947,177.355,NA,NA,84.435,NA,NA,NA,NA,NA,75.34,NA,156.939,NA,NA,70.889,NA,NA,NA,NA,NA,NA
NA,284.24,3877.324,NA,NA,760.013,340.464,603.564,NA,913.599,NA,NA,NA,NA,NA,590.686,NA,NA,910.656,NA,NA,1391.512,NA,NA,4239.231,206.567,NA,NA,723.148,540.806,693.788,NA,178.507,168.063,NA,NA,198.943,151.52,89.187,1496.156,306.043,NA,NA,4644.499,182.251,NA,NA,NA,343.971,94.512,245.373,NA,185.625,193.578,NA,NA,117.894,NA,NA,NA,NA,NA,NA,NA,308.216,NA,NA,151.099,NA,NA,NA,NA,NA,NA
NA,743.798,4078.593,NA,NA,636.804,261.982,470.399,NA,322.116,NA,NA,1545.547,NA,NA,656.544,NA,NA,825.946,NA,NA,1650.632,NA,NA,5729.965,252.328,NA,NA,659.226,415.936,791.512,NA,NA,377.596,NA,NA,162.148,173.782,4273.269,1820.9,222.412,NA,NA,5450.581,171.72,161.953,NA,NA,394.894,147.719,669.765,81.312,156.032,369.945,NA,71.933,281.245,NA,NA,NA,NA,NA,123.151,NA,79.155,NA,NA,231.422,NA,NA,NA,NA,NA,NA
NA,512.087,2627.065,NA,NA,494.616,NA,285.081,NA,288.501,NA,NA,177.84,NA,NA,273.012,NA,NA,451.57,NA,NA,581.417,NA,NA,1761.542,NA,NA,289.333,190.595,NA,268.857,NA,NA,NA,NA,NA,131.794,97.639,87.883,705.277,324.612,NA,NA,2103.741,NA,NA,NA,NA,352.984,NA,119.055,NA,212.233,NA,NA,NA,176.354,NA,NA,NA,NA,NA,246.763,NA,NA,NA,NA,373.758,NA,NA,NA,NA,NA,NA
NA,802.849,577.302,NA,NA,NA,NA,NA,NA,2704.079,NA,NA,NA,737.629,NA,NA,NA,NA,246.858,NA,NA,179.178,NA,NA,1732.669,NA,NA,1281.287,NA,NA,645.74,NA,NA,NA,NA,NA,176.028,NA,102.082,NA,NA,NA,NA,10584.11,NA,NA,NA,NA,NA,NA,NA,NA,NA,NA,NA,NA,50.895,NA,NA,NA,282.018,NA,NA,NA,278.223,NA,324.517,264.068,487.966,188.729,NA,NA,83.228,101.009
NA,514.868,2774.553,NA,NA,498.259,NA,NA,NA,1530.763,NA,NA,NA,NA,NA,4834.027,NA,NA,166.973,NA,NA,749.586,NA,NA,1516.093,919.238,NA,120.875,337.06,NA,194.598,185.388,NA,NA,NA,NA,NA,1871.138,223.25,NA,290.967,67.831,160.094,NA,78.858,NA,NA,NA,386.925,138.977,264.859,NA,NA,138.703,NA,NA,83.512,NA,NA,NA,NA,NA,NA,NA,270.706,NA,177.352,119.381,NA,NA,NA,NA,NA,NA
NA,NA,NA,NA,NA,NA,NA,NA,NA,NA,NA,364.083,2376.024,NA,NA,391.621,NA,127.744,NA,NA,NA,5984.627,NA,NA,NA,102.2,NA,NA,NA,NA,NA,NA,NA,NA,NA,NA,NA,NA,10504.254,NA,NA,312.563,NA,380.955,146.164,178.315,NA,NA,340.304,NA,NA,NA,NA,NA,NA,NA,87.73,NA,NA,NA,NA,NA,91.018,NA,365.056,NA,311.88,250.998,NA,NA,NA,NA,NA,NA
NA,428.315,5451.254,NA,NA,992.696,458.896,651.076,246.952,1494.395,NA,NA,2068.63,NA,NA,1278.469,NA,NA,740.677,NA,NA,1767.158,NA,NA,4881.589,261.805,NA,NA,751.772,457.9,328.235,NA,NA,402.236,NA,NA,138.422,402.264,76.541,1704.516,168.589,NA,NA,1901.004,183.391,NA,NA,NA,391.244,74.192,315.086,NA,136.492,234.948,NA,NA,124.234,NA,NA,NA,NA,NA,NA,NA,NA,NA,NA,105.644,NA,NA,NA,NA,NA,NA
NA,490.965,2073.459,NA,NA,533.762,NA,NA,NA,971.294,NA,192.75,1114.151,NA,NA,6272.649,NA,NA,NA,181.492,NA,6743.705,NA,NA,245.878,876.374,NA,NA,110.518,112.163,NA,97.812,NA,NA,NA,NA,NA,2208.345,7488.005,134.397,420.119,126.634,129.932,382.092,668.09,NA,NA,NA,358.513,59.505,100.164,NA,NA,130.625,NA,NA,NA,NA,NA,NA,NA,NA,170.927,NA,474.948,NA,105.919,136.614,NA,NA,NA,NA,NA,NA
NA,NA,3055.167,NA,NA,733.641,267.522,NA,NA,2551.138,NA,NA,158.775,NA,NA,3834.343,NA,NA,447.291,NA,NA,1720.49,NA,NA,5286.784,2100.375,NA,NA,383.774,431.92,857.065,125.787,NA,199.7,NA,NA,NA,2056.564,721.175,NA,293.164,NA,NA,630.208,137.044,NA,NA,NA,399.334,116.504,404.6,NA,NA,166.021,NA,61.385,210.284,NA,NA,NA,NA,NA,NA,NA,354.671,NA,NA,121.776,NA,NA,NA,NA,NA,NA
NA,597.073,NA,NA,NA,NA,NA,NA,NA,379.913,NA,521.413,1857.474,NA,NA,1141.715,NA,NA,NA,114.394,NA,3922.589,NA,NA,NA,556.261,NA,NA,NA,NA,NA,NA,NA,NA,NA,NA,NA,71.082,6648.924,NA,NA,204.002,NA,523.754,324.091,130.288,NA,NA,NA,NA,NA,NA,NA,NA,NA,NA,85.655,NA,NA,NA,NA,NA,NA,NA,825.526,NA,671.581,475.944,NA,NA,NA,NA,NA,NA
NA,678.529,2467.639,NA,NA,460.327,NA,NA,198.065,401.978,NA,531.07,1337.15,NA,NA,4587.028,NA,NA,NA,330.89,179.833,12695.224,NA,NA,192.112,1089.034,NA,161.593,402.651,328.222,121.383,NA,NA,NA,182.135,NA,NA,1270.824,6592.971,NA,324.765,379.17,NA,509.474,911.034,104.109,NA,NA,411.742,89.143,184.324,NA,NA,201.97,NA,NA,110.564,NA,NA,NA,NA,NA,265.674,NA,NA,NA,NA,108.922,NA,NA,NA,NA,NA,NA
NA,615.025,2075.274,NA,NA,NA,NA,NA,NA,431.893,NA,NA,NA,1459.919,NA,1227.551,NA,NA,274.746,NA,NA,NA,NA,NA,3418.782,161.611,NA,648.922,443.307,287.143,146.387,NA,135.597,NA,NA,NA,NA,626.362,95.522,839.372,237.419,88.242,NA,355.393,NA,128.134,NA,NA,255.571,NA,101.358,NA,144.923,73.507,NA,NA,NA,NA,NA,NA,NA,NA,NA,NA,163.443,NA,NA,NA,106.295,NA,NA,NA,NA,NA
NA,791.165,NA,NA,NA,NA,NA,NA,NA,NA,368.186,2919.82,7728.833,NA,NA,542.157,NA,294.698,NA,365.319,NA,NA,12999.651,NA,NA,583.145,NA,202.91,NA,NA,157.896,NA,NA,NA,NA,NA,NA,NA,27817.169,NA,NA,503.333,NA,508.971,730.362,352.713,NA,NA,NA,NA,NA,NA,NA,NA,NA,NA,240.573,NA,NA,NA,NA,NA,NA,NA,212.272,NA,131.786,105.743,NA,NA,NA,NA,NA,NA
NA,648.159,NA,NA,NA,NA,NA,NA,NA,743.479,161.043,1220.048,3580.702,1389.177,NA,1675.982,NA,NA,NA,NA,NA,4618.545,NA,NA,757.936,378.642,NA,510.272,NA,NA,NA,NA,NA,NA,NA,NA,NA,109.635,11492.551,NA,NA,156.37,NA,297.993,198.787,146.109,NA,NA,NA,NA,74.355,NA,NA,NA,NA,NA,80.55,NA,NA,NA,60.295,NA,59.477,NA,338.997,NA,213.387,336.278,79.126,NA,NA,NA,NA,NA
NA,525.738,1591.245,NA,NA,NA,NA,NA,NA,719.862,NA,NA,1039.978,NA,NA,5528.846,NA,NA,NA,NA,NA,3789.604,NA,NA,193.601,574.817,NA,NA,82.681,NA,NA,85.71,NA,NA,138.075,NA,NA,2040.419,5717.167,NA,393.967,99.618,132.421,194.028,415.188,NA,NA,144.723,428.722,80.476,127.325,72.739,NA,155.779,NA,NA,96.889,NA,NA,NA,NA,NA,109.979,NA,303.467,NA,194.593,144.67,NA,NA,NA,NA,123.987,NA
NA,758.343,2053.724,NA,NA,444.114,NA,NA,NA,1422.313,NA,1496.386,3472.045,NA,NA,6512.931,NA,NA,NA,328.382,173.604,NA,12893.947,NA,1126.87,1545.694,NA,201.139,400.946,391.321,126.1,180.251,NA,NA,NA,NA,NA,1508.142,12463.695,NA,382.375,420.974,64.665,537.405,887.889,160.11,NA,NA,NA,107.94,313.467,NA,NA,182.268,NA,58.688,272.343,NA,NA,NA,NA,NA,69.486,NA,198.868,NA,NA,127.637,NA,NA,NA,NA,NA,NA
NA,646.485,2242.36,NA,NA,486.348,NA,NA,NA,487.288,NA,NA,634.042,NA,NA,326.897,NA,NA,318.888,NA,NA,1126.899,NA,NA,1763.922,NA,NA,358.611,217.228,NA,126.703,NA,NA,NA,NA,NA,NA,NA,709.33,NA,141.086,NA,185.56,NA,116.437,NA,NA,NA,477.488,NA,139.142,NA,164.519,79.148,NA,NA,60.209,NA,NA,NA,NA,NA,NA,NA,363.269,NA,NA,189.909,NA,NA,NA,NA,NA,NA
NA,61.818,3663.766,NA,NA,675.475,261.472,NA,NA,1668.096,NA,174.504,339.271,NA,NA,504.4,NA,NA,964.586,NA,NA,2654.474,NA,NA,2982.983,271.996,NA,NA,649.132,NA,917.29,NA,NA,379.49,NA,NA,NA,143.328,2688.81,1501.511,NA,NA,NA,3501.427,328.714,NA,102.859,NA,639.93,137.915,266.892,61.876,111.202,170.525,NA,NA,136.553,NA,NA,NA,NA,NA,63.589,NA,198.523,NA,NA,72.987,NA,NA,NA,NA,NA,NA
NA,698.042,2622.653,NA,NA,685.395,250.029,NA,NA,1661.698,NA,NA,556.71,76.934,NA,8263.757,NA,NA,NA,NA,NA,2187.871,NA,NA,1007.305,2091.942,NA,464.111,252.783,NA,NA,167.282,NA,NA,489.678,NA,NA,3193.327,557.534,NA,124.56,NA,111.632,NA,128.049,NA,NA,385.797,148.563,172.52,780.027,NA,NA,206.775,NA,NA,294.47,NA,NA,NA,NA,NA,89.044,NA,104.703,NA,NA,85.412,NA,NA,NA,NA,NA,NA
NA,1515.106,5217.084,NA,NA,NA,NA,NA,NA,4121.907,NA,NA,NA,NA,NA,1727.829,NA,NA,1009.174,NA,NA,1622.218,213.609,NA,5237.582,353.212,NA,NA,1702.391,1052.62,292.623,NA,NA,473.328,365.583,NA,NA,802.995,NA,3017.507,495,NA,NA,1335.936,163.142,NA,NA,NA,508.95,NA,181.497,NA,179.997,125.944,NA,NA,112.684,NA,NA,NA,NA,NA,NA,NA,304.25,NA,97.268,NA,NA,NA,NA,NA,NA,NA
NA,NA,3694.588,NA,NA,770.864,335.097,230.377,NA,521.324,NA,NA,246.497,NA,NA,632.68,NA,NA,911.991,300.934,NA,800.137,NA,NA,8197.762,355.017,NA,NA,469.336,NA,787.045,NA,NA,144.652,185.269,NA,224.236,238.945,107.924,1566.846,412.116,NA,NA,8791.039,NA,NA,100.588,NA,194.877,73.354,425.634,NA,158.788,283.854,NA,NA,154.99,NA,NA,NA,NA,NA,NA,NA,408.307,NA,NA,159.163,NA,NA,NA,NA,NA,NA
NA,676.869,3106.537,NA,NA,NA,NA,NA,NA,1344.376,NA,187.493,482.328,NA,NA,5845.966,NA,NA,328.218,NA,NA,2182.137,NA,NA,1607.957,1276.695,NA,NA,450.168,333.156,NA,NA,NA,116.562,267.966,NA,NA,1950.976,5136.517,715.211,234.261,NA,153.281,227.667,243.608,NA,136.598,113.391,333.177,59.483,217.57,NA,NA,120.555,NA,NA,64.602,NA,NA,NA,NA,NA,NA,NA,207.371,NA,141.958,85.247,NA,NA,NA,NA,NA,NA
NA,583.667,4408.943,NA,NA,477.849,297.68,520.885,NA,1522.903,NA,NA,264.88,NA,NA,1671.699,NA,NA,1057.043,180.141,NA,3904.111,175.542,NA,NA,583.72,NA,NA,1386.704,867.419,1418.501,NA,NA,320.495,249.881,NA,98.29,765.673,78.425,3260.423,257.191,NA,258.067,1237.851,238.527,194.124,NA,NA,306.295,NA,393.032,NA,145.2,235.143,NA,54.218,313.563,NA,NA,NA,NA,NA,NA,NA,725.883,NA,211.142,122.216,NA,NA,NA,NA,NA,NA
NA,488.144,4485.405,NA,NA,634.094,292.743,542.674,NA,1130.474,NA,154.103,236.233,NA,NA,421.203,NA,NA,624.555,NA,NA,1840.464,NA,NA,2837.062,198.879,NA,NA,689.569,554.556,293.932,NA,126.108,164.04,NA,NA,172.012,118.916,102.564,607.599,160.055,NA,NA,2281.115,243.954,NA,NA,NA,494.432,NA,58.159,NA,171.44,NA,NA,NA,NA,NA,NA,NA,NA,NA,NA,NA,332.118,NA,NA,NA,NA,NA,NA,NA,NA,NA
NA,760.501,NA,NA,NA,NA,NA,NA,NA,273.098,NA,254.593,884.708,NA,NA,1875.573,NA,NA,NA,NA,NA,1134.304,NA,NA,NA,NA,NA,NA,NA,NA,NA,NA,NA,NA,NA,NA,NA,366.296,2904.006,NA,175.369,NA,NA,NA,119.681,NA,NA,NA,222.511,NA,72.414,NA,NA,82.39,NA,NA,121.628,NA,138.278,NA,NA,NA,NA,NA,NA,NA,NA,NA,NA,NA,NA,NA,NA,NA
NA,986.628,1875.632,NA,NA,NA,NA,NA,NA,649.384,NA,303.989,2417.725,NA,NA,2549.45,NA,NA,NA,NA,NA,2772.073,NA,NA,313.138,433.168,NA,NA,124.105,113.819,NA,NA,NA,NA,NA,NA,NA,846.673,8859.785,NA,174.898,142.343,NA,387.369,150.874,139.477,NA,NA,141.731,86.453,81.915,NA,NA,108.04,NA,NA,290.167,NA,NA,NA,NA,NA,NA,NA,198.996,NA,NA,69.294,NA,NA,NA,NA,NA,NA
NA,NA,926.626,NA,NA,NA,NA,NA,NA,NA,NA,NA,1324.046,NA,NA,1851.684,NA,NA,NA,148.655,NA,5112.612,NA,NA,98.879,467.962,NA,100.535,100.577,NA,NA,NA,NA,NA,NA,NA,NA,591.721,7661.853,NA,142.949,191.428,NA,496.124,514.562,NA,NA,NA,385.263,84.66,124.151,NA,NA,91.502,NA,NA,255.414,NA,NA,NA,NA,323.983,120.118,NA,237.271,NA,111.974,661.861,NA,NA,NA,NA,NA,NA
NA,486.404,3773.722,NA,NA,571.127,236.901,480.124,NA,228.214,NA,NA,524.871,NA,NA,232.189,NA,NA,510.435,NA,NA,1877.303,NA,NA,2357.34,161.783,NA,257.733,174.35,NA,367.042,NA,NA,167.854,NA,NA,NA,77.288,814.301,NA,135.735,NA,NA,1470.143,184.477,NA,NA,NA,538.726,NA,119.508,NA,184.673,NA,59.749,NA,165.902,NA,NA,NA,NA,NA,179.998,NA,162.761,NA,NA,150.726,NA,NA,NA,NA,NA,NA
NA,576.536,844.794,NA,NA,NA,NA,NA,NA,1305.78,NA,171.284,403.256,NA,NA,3446.862,NA,NA,2116.53,NA,NA,3740.5,NA,NA,NA,NA,24882.265,67.073,87.615,78.354,2270.793,NA,NA,NA,110.39,NA,NA,464.235,1289.585,NA,163.338,NA,NA,830.633,280.166,172.746,NA,NA,619.566,66.332,69.87,NA,NA,NA,NA,NA,NA,110.592,NA,NA,NA,83.658,NA,NA,263.289,NA,96.726,169.98,NA,NA,NA,NA,NA,NA
NA,NA,1334.606,NA,NA,NA,NA,NA,NA,593.614,NA,NA,365.499,NA,NA,2704.303,NA,NA,NA,NA,NA,2907.841,NA,NA,248.377,895.865,NA,NA,294.57,223.251,NA,NA,NA,NA,151.864,NA,134.625,931.291,2449.259,NA,324.207,107.412,NA,NA,218.41,NA,NA,NA,153.208,76.427,112.43,NA,NA,206.497,NA,NA,NA,NA,NA,NA,NA,NA,180.923,NA,130.746,NA,NA,116.814,NA,NA,NA,NA,NA,NA
NA,268.366,2120.5,NA,NA,520.861,NA,NA,NA,1745.632,NA,NA,816.477,NA,NA,7808.818,NA,NA,NA,NA,NA,3039.114,NA,NA,333.418,937.989,NA,NA,190.474,187.521,NA,147.652,NA,NA,185.928,NA,146.525,2701.834,4903.339,NA,374.324,NA,98.643,137.665,305.472,NA,NA,107.636,447.009,139.254,210.516,73.695,NA,167.166,NA,NA,125.283,NA,NA,NA,NA,NA,103.153,NA,296.091,NA,86.141,105.218,NA,NA,NA,NA,NA,NA
NA,663.627,655.602,NA,NA,NA,NA,NA,NA,504.326,NA,266.264,1441.237,NA,NA,1065.356,NA,NA,NA,NA,NA,3953.453,NA,NA,NA,298.141,NA,NA,NA,NA,NA,7824.195,NA,NA,1114.09,NA,NA,95.251,3386.61,NA,NA,101.696,NA,1112.815,228.452,NA,NA,NA,350.338,NA,NA,NA,NA,NA,NA,NA,311.201,2105.253,NA,NA,NA,NA,85.334,NA,362.598,NA,254.174,315.554,NA,NA,NA,NA,NA,NA
NA,292.766,2290.793,NA,NA,589.515,NA,NA,NA,469.464,NA,NA,406.592,NA,NA,1827.418,NA,NA,255.097,NA,NA,2021.666,NA,NA,2908.666,437.943,NA,NA,319.032,203.919,168.894,NA,NA,NA,NA,NA,NA,686.181,1692.433,771.696,313.435,NA,NA,103.719,143.489,NA,NA,NA,195.645,59.505,192.241,NA,96.925,144.648,NA,NA,83.482,NA,NA,NA,NA,NA,151.533,NA,253.049,NA,186.473,439.102,NA,NA,NA,NA,NA,NA
NA,577.865,2055.48,NA,NA,549.316,NA,NA,NA,801.553,NA,505.818,1390.965,NA,NA,4775.893,NA,NA,NA,242.943,150.432,10226.738,159.614,NA,166.158,919.689,NA,170.338,171.491,NA,106.82,NA,NA,NA,NA,NA,NA,1784.351,6443.212,NA,282.863,330.538,85.743,254.293,825.88,125.296,NA,NA,395.168,101.54,150.417,NA,NA,163.76,NA,NA,NA,NA,NA,NA,NA,NA,NA,NA,NA,NA,NA,68.881,NA,NA,NA,NA,NA,NA
NA,NA,1706.576,NA,NA,NA,NA,NA,NA,373.163,NA,NA,NA,NA,NA,307.971,NA,NA,461.588,NA,NA,740.815,NA,NA,1090.284,NA,NA,564.795,424.457,NA,172.457,NA,NA,NA,NA,NA,106.851,83.29,605.914,NA,216.072,NA,NA,2960.768,132.636,NA,NA,NA,471.329,NA,77.686,NA,156.049,NA,67.278,NA,NA,NA,NA,NA,NA,NA,NA,NA,217.779,NA,NA,NA,NA,NA,NA,NA,NA,NA
NA,117.271,2236.118,NA,NA,671.514,NA,NA,NA,988.513,NA,176.749,1417.431,NA,NA,6425.449,NA,NA,NA,180.315,NA,6916.337,NA,NA,248.328,876.412,NA,NA,106.917,108.209,NA,90.395,NA,NA,143.56,NA,NA,2322.554,6556.806,125.496,419.009,118.123,125.977,298.223,584.198,NA,NA,NA,353.387,77.813,127.418,108.318,NA,158.993,NA,NA,131.249,NA,NA,NA,NA,NA,126.517,NA,580.468,NA,156.774,82.518,NA,NA,NA,NA,NA,NA
NA,412.929,4416.856,NA,NA,731.449,366.98,201.721,NA,1403.379,NA,NA,163.452,NA,NA,784.856,NA,NA,795.911,367.01,NA,2208.415,NA,NA,9313.589,419.393,NA,NA,597.481,444.726,872.042,NA,NA,171.406,200.228,NA,155.577,299.919,108.57,1752.175,420.035,NA,NA,3237.421,215.989,181.3,NA,NA,NA,71.744,269.873,NA,145.757,175.341,NA,NA,81.563,NA,NA,NA,NA,NA,NA,NA,NA,NA,NA,NA,NA,NA,NA,NA,NA,NA
NA,1339.318,4123.605,NA,NA,NA,NA,NA,NA,1572.185,NA,NA,574.532,NA,NA,1028.652,NA,NA,1576.135,NA,NA,1361.606,NA,NA,1609.929,103.852,NA,NA,1418.383,998.443,479.659,NA,NA,407.001,352.166,NA,NA,329.886,3904.951,2360.524,384.478,NA,NA,2673.063,282.861,NA,NA,138.207,847.653,113.511,166.738,NA,233.246,176.003,NA,NA,105.928,NA,NA,NA,NA,NA,NA,NA,298.068,NA,NA,171.812,NA,NA,NA,NA,NA,NA
NA,NA,NA,NA,NA,NA,NA,NA,NA,7767.141,NA,139.578,722.221,NA,NA,NA,NA,NA,NA,NA,NA,NA,NA,NA,615.263,NA,NA,475.553,NA,NA,NA,NA,NA,NA,NA,NA,NA,NA,2953.861,NA,NA,NA,NA,NA,NA,NA,NA,NA,NA,84.516,NA,NA,NA,NA,NA,NA,74.814,NA,NA,NA,383.915,NA,NA,NA,170.241,NA,NA,92.318,293.737,111.014,NA,150.978,264.994,NA
NA,NA,NA,NA,NA,NA,NA,NA,NA,243.184,NA,329.813,886.498,NA,NA,1096.891,NA,122.232,NA,179.391,NA,6224.151,NA,NA,NA,636.68,NA,NA,NA,NA,NA,NA,NA,NA,NA,NA,NA,105.563,3578.371,NA,NA,187.976,NA,460.68,533.348,98.752,NA,NA,122.339,NA,74.893,NA,NA,NA,NA,NA,280.106,NA,NA,154.912,NA,NA,NA,NA,1137.82,65.733,77.325,680.82,NA,NA,NA,NA,NA,NA
NA,638.075,627.575,NA,NA,NA,NA,NA,NA,743.879,171.092,1421.804,3735.31,NA,NA,2334.015,NA,251.027,NA,231.247,NA,10543.548,NA,NA,134.685,1085.729,NA,142.244,NA,NA,94.116,NA,NA,NA,NA,NA,NA,277.599,14957.374,NA,NA,276.412,NA,386.927,493.16,287.101,NA,NA,128.671,103.376,144.073,51.456,NA,64.032,NA,NA,277.317,NA,NA,NA,NA,NA,NA,NA,592.817,NA,587.184,237.461,NA,NA,NA,NA,NA,NA
NA,NA,2073.352,NA,NA,925.625,254.461,NA,NA,367.652,NA,NA,365.602,NA,NA,364.77,NA,NA,242.959,174.172,NA,3025.036,NA,NA,3776.735,274.602,NA,NA,275.538,271.209,NA,NA,NA,NA,NA,NA,NA,208.772,475.846,NA,121.799,NA,NA,278.646,223.634,NA,NA,NA,134.451,NA,183.658,NA,98.295,83.592,NA,NA,386.549,NA,NA,NA,NA,NA,NA,NA,557.196,NA,71.929,213.131,NA,NA,NA,NA,NA,NA
