"Garden Plant ID","C002","C003","C006","C007","C008","C010","C012","C013","C014","C016","C018","C019","C020","C021","C022","C025","C026","C028","C029","C030","C031","C032","C033","C034","C035","C037","C038","C039","C040","C041","C042","C043","C044","C045","C046","C048","C049","C050","C051","C052","C053","C054","C055","C057","C063","C065","C067","C068","C069"
6,57104.61894,23.09468822,23.09468822,23.09468822,23.09468822,23.09468822,23252.00924,13771.27021,23.09468822,9573.995381,6855.334873,23.09468822,8042.771363,37750.90069,99279.39954,23.09468822,24239.81524,23.09468822,23.09468822,23.09468822,23.09468822,23.09468822,23.09468822,23.09468822,10181.24711,23.09468822,23.09468822,414518.1524,9509.422633,23.09468822,23.09468822,23.09468822,34081.66282,34635.15012,23.09468822,23.09468822,17419.03002,23.09468822,23.09468822,23.09468822,23.09468822,23.09468822,23.09468822,7713.441109,23.09468822,11852.00924,23.09468822,7097.644342,23.09468822
10,22599.49469,128165.0328,25.2652855,25.2652855,25.2652855,27018.39313,25.2652855,60112.63264,25.2652855,241230.6721,25.2652855,14228.24659,25.2652855,25.2652855,216059.3734,39085.49773,62886.55887,13459.77767,12018.14047,25.2652855,18707.88277,4938.655887,25.2652855,25.2652855,25.2652855,25.2652855,90073.16827,262467.0541,25.2652855,12452.75392,25.2652855,25.2652855,37406.1142,17830.31834,25.2652855,25.2652855,29640.37393,5000.757959,13396.26074,3366.548762,25.2652855,9064.224356,25.2652855,6193.683679,7850.732693,20662.35472,19270.54068,13939.36331,25.2652855
15,23667.09845,114284.6114,25227.3057,25.90673575,25.90673575,70179.11917,25.90673575,27390.62176,25.90673575,532174.5596,25.90673575,25.90673575,25.90673575,25.90673575,81628.54922,20048.80829,72969.43005,10982.59067,11052.53886,25.90673575,25.90673575,8584.766839,25.90673575,8713.419689,25.90673575,25.90673575,173548.1347,10019.63731,25.90673575,28856.58031,25.90673575,23742.6943,25.90673575,8115.958549,25.90673575,4800.259067,26669.27461,8693.108808,21727.35751,4256.217617,25.90673575,13126.21762,25.90673575,3207.409326,25.90673575,4741.813472,25.90673575,4093.989637,25.90673575
20,7486.464231,161853.1137,35562.22337,12010.7051,25.73340196,15060.6279,25.73340196,25.73340196,25.73340196,20060.73083,25.73340196,31592.74318,25.73340196,25.73340196,111011.7344,187259.0324,9957.797221,17727.27741,11878.33248,25.73340196,25237.6737,25.73340196,7015.697375,25.73340196,25.73340196,8447.864128,6435.975296,25.73340196,60562.0175,13255.79002,5028.615543,25.73340196,99410.55069,8980.957283,25.73340196,25.73340196,11099.63973,3080.494081,13438.18837,25.73340196,9765.156974,6601.183736,25.73340196,3937.056099,9894.390118,25.73340196,25.73340196,12860.26763,25.73340196
23,32280.50351,99302.69321,29.27400468,29.27400468,29.27400468,11086.76815,29.27400468,91644.08665,29.27400468,142317.1546,29.27400468,29.27400468,29.27400468,29.27400468,63846.60422,7545.316159,23612.76347,29.27400468,29.27400468,29.27400468,29.27400468,29.27400468,29.27400468,29.27400468,29.27400468,29.27400468,78910.53864,6346.428571,29.27400468,4676.17096,29.27400468,6320.081967,29.27400468,5707.025761,29.27400468,29.27400468,31375.29274,3696.018735,5712.64637,4388.056206,29.27400468,29.27400468,7110.538642,6065.398126,9021.194379,28731.03044,8652.751756,15933.19672,29.27400468
25,27.45744097,176761.5596,27.45744097,27.45744097,27.45744097,32638.87974,27.45744097,13711.75178,27.45744097,25510.7084,27.45744097,39295.38715,27.45744097,27.45744097,112890.939,150217.2982,8914.827018,27.45744097,31043.10818,25830.36793,28411.86161,27.45744097,6497.968149,6806.260297,27.45744097,9564.360242,7783.415706,47662.60297,27.45744097,14331.96046,27.45744097,4236.518396,113801.8671,10357.88029,27.45744097,27.45744097,14567.49039,27.45744097,10989.12685,27.45744097,11576.55135,5151.839649,27.45744097,3831.740802,8431.905546,8821.526634,27.45744097,11057.82537,27.45744097
43,36510.59972,51132.63598,23.24500232,23.24500232,23.24500232,60842.21292,21156.7643,48821.01348,23.24500232,233769.2701,5340.260344,23.24500232,23.24500232,6779.079498,262589.2143,3952.440725,31133.05439,8714.597861,8791.910739,23.24500232,23.24500232,23.24500232,23.24500232,6625.011623,23.24500232,23.24500232,38818.45653,201084.7513,23.24500232,6638.726174,6303.85867,23.24500232,10669.08415,26181.72943,9274.012087,23.24500232,8776.615528,23.24500232,23.24500232,23.24500232,23.24500232,23.24500232,23.24500232,23.24500232,4358.763366,45542.39888,21581.63645,24236.40167,23.24500232
47,36593.26158,23.39728591,23.39728591,23.39728591,23.39728591,15993.54235,24981.14179,165352.8311,23.39728591,47988.72251,8329.012635,23.39728591,7471.642489,10553.25222,466889.1905,23.39728591,18280.90781,23.39728591,23.39728591,23.39728591,23.39728591,23.39728591,23.39728591,23.39728591,23.39728591,23.39728591,4245.109967,519569.1624,23.39728591,23.39728591,17523.02293,23.39728591,45173.2335,32153.4394,7922.554984,23.39728591,21914.59991,23.39728591,23.39728591,23.39728591,23.39728591,23.39728591,23.39728591,5745.624708,23.39728591,25419.93449,23.39728591,5509.171736,23.39728591
48,19.6155355,40516.24166,19.6155355,19.6155355,19.6155355,26857.74814,24633.89565,84316.75167,19.6155355,142535.7395,19.6155355,19.6155355,5673.283641,19.6155355,186837.1518,8112.318556,41856.64967,19.6155355,6314.986269,6540.957238,19.6155355,19.6155355,19.6155355,19.6155355,19.6155355,19.6155355,34002.3931,298644.7627,19.6155355,7291.486858,10152.92271,19.6155355,18080.97293,13462.61279,4318.477834,19.6155355,9895.292271,19.6155355,3687.956061,19.6155355,19.6155355,4706.002354,19.6155355,5424.048647,3128.403295,21144.25265,9268.772067,8864.299725,19.6155355
63,18266.41986,155179.7474,19429.22474,21.77700348,21.77700348,96921.42857,21.77700348,16444.12021,21.77700348,55632.27352,21.77700348,23699.34669,8516.594077,21.77700348,209962.9355,471009.8868,24272.12544,21.77700348,38909.32056,27403.35366,12157.22997,21.77700348,8266.811847,10898.56272,21.77700348,21.77700348,20726.95993,65703.44077,91765.11324,10656.14111,21.77700348,7000.479094,37621.34146,15025.43554,21.77700348,21.77700348,16702.13415,21.77700348,8575.043554,21.77700348,3834.538328,21.77700348,21.77700348,2829.573171,3485.409408,21997.60453,21.77700348,3547.560976,21.77700348
64,247201.5704,152580.3702,28.04262479,28.04262479,28.04262479,37275.82726,28.04262479,34884.18396,28.04262479,315358.4408,28.04262479,27852.94448,7357.206955,9854.739204,408776.3881,28.04262479,20138.53057,28.04262479,14420.30286,12190.74593,28.04262479,28.04262479,28.04262479,28.04262479,11641.39091,12558.60909,120065.5076,223657.263,24914.69434,30827.87437,28.04262479,28.04262479,69098.71004,52010.03926,28.04262479,28.04262479,16050.42064,28.04262479,3850.925407,5124.67751,28.04262479,8534.099832,28.04262479,7769.77005,7837.18452,72208.86147,64706.4498,33638.25014,28.04262479
70,28979.09261,161171.5622,23.38634238,23.38634238,23.38634238,119207.811,23.38634238,6845.977549,23.38634238,22500.98223,23.38634238,21258.51263,23.38634238,23.38634238,64980.54256,151751.1693,5052.057998,7531.618335,26890.69224,21131.3377,11274.50889,23.38634238,8591.393826,23.38634238,8633.44247,23.38634238,12063.61085,35185.7811,33689.71001,12459.49486,23.38634238,4691.81478,34669.50421,6079.747428,23.38634238,23.38634238,18670.81384,23.38634238,23.38634238,23.38634238,7370.018709,23.38634238,23.38634238,23.38634238,23.38634238,14331.05706,23.38634238,6699.953227,23.38634238
71,11798.93855,126622.2905,27.93296089,27.93296089,27.93296089,73071.45251,27.93296089,12850.22346,27.93296089,35469.49721,27.93296089,21653.29609,27.93296089,27.93296089,38895.19553,217293.352,8963.184358,27.93296089,38605.86592,28744.69274,11946.92737,27.93296089,13065.19553,27.93296089,9031.955307,27.93296089,15715.53073,61098.49162,51794.86034,17084.7486,27.93296089,8911.22905,28100.50279,4005.977654,27.93296089,27.93296089,18965.64246,27.93296089,4484.134078,27.93296089,8275.251397,27.93296089,27.93296089,27.93296089,27.93296089,19680.27933,5816.145251,8169.162011,27.93296089
72,43437.51783,23.77555873,23.77555873,23.77555873,23.77555873,7706.847361,23.77555873,24903.85164,23.77555873,59776.41465,23.77555873,27626.43842,23.77555873,23.77555873,66739.99049,23.77555873,23.77555873,23.77555873,23.77555873,23.77555873,100878.9349,23.77555873,23.77555873,23.77555873,23.77555873,23.77555873,27663.24299,125196.8141,23.77555873,5079.457917,23.77555873,23.77555873,205162.8626,23.77555873,18144.50785,23.77555873,23.77555873,23.77555873,3373.514028,23.77555873,23.77555873,23.77555873,23.77555873,4266.476462,6368.283405,9643.461721,23.77555873,28219.92392,23.77555873
84,20633.72434,85311.7721,20.94679514,20.94679514,20.94679514,37401.50817,20.94679514,16975.45036,20.94679514,94745.37076,20.94679514,8859.321324,20.94679514,20.94679514,142378.5505,65816.25471,18731.12694,20.94679514,19030.79179,15812.23293,4838.206954,20.94679514,20.94679514,20.94679514,5384.876414,20.94679514,34469.12442,12478.92752,20.94679514,10911.43695,20.94679514,20.94679514,8907.331378,12036.36364,20.94679514,20.94679514,16021.32384,20.94679514,3568.537914,20.94679514,20.94679514,3302.136573,20.94679514,20.94679514,20.94679514,13666.61081,20.94679514,20.94679514,20.94679514
93,28372.26509,156899.6823,28700.77167,22.6963232,22.6963232,79488.92419,22.6963232,22.6963232,22.6963232,44644.75715,22.6963232,11610.71266,22.6963232,22.6963232,14329.45983,227834.0445,48639.58239,16417.83931,9825.828416,11104.90241,7898.638221,22.6963232,22.6963232,6910.621879,22.6963232,22.6963232,41527.64412,22.6963232,40290.7399,9164.049024,22.6963232,4857.694054,19671.53881,4294.734453,22.6963232,22.6963232,18070.63096,4403.359056,17653.88107,22.6963232,7078.574671,7366.908761,22.6963232,3661.960962,22.6963232,34684.88425,22.6963232,7105.764866,4356.468452
101,21745.96811,218061.959,33458.54214,17608.06378,12979.22551,50511.8451,22.77904328,22.77904328,22.77904328,50879.04328,22.77904328,32726.92483,17496.6287,22.77904328,130661.7312,347653.4396,13986.69704,22.77904328,49689.93166,31893.39408,16333.98633,22.77904328,16318.31435,22.77904328,8917.129841,7127.425968,23242.14123,7006.013667,102827.6993,23575.85421,22.77904328,8973.712984,71488.06378,10740.41002,10732.66515,22.77904328,8413.986333,22.77904328,7673.166287,22.77904328,9018.132118,5600.364465,22.77904328,4065.102506,4722.915718,30335.03417,22.77904328,4585.46697,22.77904328
102,22644.78503,19.9044586,19.9044586,19.9044586,19.9044586,19.9044586,53645.1035,167670.9395,19.9044586,39105.25478,4939.729299,19.9044586,6030.095541,19.9044586,253789.6497,19.9044586,9096.138535,6329.936306,19.9044586,19.9044586,19.9044586,19.9044586,19.9044586,19.9044586,19.9044586,19.9044586,19.9044586,430871.7357,19.9044586,19.9044586,3480.055732,19.9044586,36415.76433,12553.50318,11726.99045,19.9044586,7174.601911,19.9044586,19.9044586,19.9044586,19.9044586,19.9044586,19.9044586,35019.34713,19.9044586,6663.495223,6250.995223,3049.442675,19.9044586
111,22.28163993,22.28163993,22.28163993,22.28163993,22.28163993,22.28163993,19168.36007,119440.3743,22.28163993,17030.08021,8211.898396,22.28163993,8095.989305,22.28163993,287686.6756,22.28163993,12891.35472,22.28163993,22.28163993,22.28163993,22.28163993,22.28163993,22.28163993,22.28163993,22.28163993,22.28163993,22.28163993,498965.0624,22.28163993,22.28163993,5295.142602,22.28163993,24246.92513,19811.22995,9720.721925,22.28163993,22.28163993,22.28163993,22.28163993,22.28163993,22.28163993,22.28163993,22.28163993,3765.998217,11642.24599,41943.04813,27838.45811,21213.68093,22.28163993
120,26580.8443,22.6963232,22.6963232,22.6963232,22.6963232,22510.66727,14500.36314,80810.84884,41171.17567,44354.42578,22.6963232,22.6963232,22.6963232,22.6963232,128584.2034,41676.57739,19187.38084,31064.91148,22.6963232,22.6963232,22.6963232,22.6963232,22.6963232,22.6963232,22.6963232,22.6963232,5478.574671,235321.0622,22.6963232,22.6963232,6984.067181,22.6963232,20732.50113,8825.011348,22.6963232,22.6963232,6671.992737,22.6963232,22.6963232,2900.499319,22.6963232,22.6963232,22.6963232,3857.921017,22.6963232,11366.27326,3416.477531,5905.129369,5297.094871
121,49300.86705,54794.99037,24.08477842,24.08477842,24.08477842,24580.5395,12618.88247,24.08477842,24.08477842,160499.3738,24.08477842,24.08477842,8801.156069,24.08477842,332023.0732,138559.6339,18875.67437,6883.092486,24.08477842,24.08477842,12346.09827,24.08477842,691796.6281,24.08477842,24.08477842,24.08477842,5058.188825,5840.992293,24.08477842,6722.928709,5598.651252,24.08477842,21482.41811,21080.15414,24.08477842,24.08477842,10167.82274,24.08477842,5789.450867,24.08477842,24.08477842,24.08477842,24.08477842,24.08477842,24.08477842,31091.66667,5108.766859,8737.427746,24.08477842
122,130621.0609,221431.5651,39604.35924,21684.97899,26.2605042,31893.17227,26.2605042,57341.80672,26.2605042,13080.46218,26.2605042,26748.26681,15338.18277,26.2605042,111344.0126,322292.542,18618.48739,26.2605042,11110.92437,12949.05462,19060.08403,26.2605042,26.2605042,26.2605042,26.2605042,26.2605042,7063.760504,6936.397059,55604.83193,10285.03151,6976.155462,26.2605042,40558.92857,12458.35084,9406.512605,26.2605042,26.2605042,4186.554622,14216.28151,4796.901261,11573.47689,10842.7521,26.2605042,20648.0042,26.2605042,31088.02521,20859.40126,13255.35714,26.2605042
126,25.02502503,25.02502503,25.02502503,25.02502503,25.02502503,23295.0951,26430.43043,29225.12513,25.02502503,53884.68468,25.02502503,25.02502503,6823.073073,25.02502503,210296.046,25.02502503,36001.2012,25.02502503,25.02502503,25.02502503,25.02502503,25.02502503,25.02502503,25.02502503,25.02502503,25.02502503,8883.683684,287175.2753,25.02502503,25.02502503,8206.956957,25.02502503,12447.8979,21419.61962,14723.17317,25.02502503,13696.1962,25.02502503,25.02502503,25.02502503,25.02502503,25.02502503,25.02502503,25.02502503,25.02502503,36696.5966,25.02502503,27546.1962,25.02502503
130,37518.77432,39498.63813,24.31906615,24.31906615,24.31906615,19486.8677,24.31906615,24.31906615,24.31906615,71376.16732,24.31906615,24.31906615,24.31906615,24.31906615,35835.40856,55856.71206,27695.57393,24.31906615,8747.811284,9068.190661,24.31906615,24.31906615,24.31906615,24.31906615,24.31906615,24.31906615,20615.85603,24.31906615,24.31906615,10743.6284,24.31906615,24.31906615,24.31906615,24.31906615,24.31906615,24.31906615,6570.57393,24.31906615,4669.601167,24.31906615,24.31906615,4618.531128,24.31906615,24.31906615,24.31906615,14812.69455,6835.214008,13717.65564,24.31906615
131,43875.46099,60899.19622,23.64066194,23.64066194,23.64066194,25980.37825,23.64066194,36836.50118,7190.212766,106596.5012,23.64066194,23.64066194,23.64066194,23.64066194,51642.64775,113149.2671,51750.6383,44236.64303,5495.224586,23.64066194,23.64066194,23.64066194,23.64066194,23.64066194,23.64066194,23.64066194,35213.90071,5547.234043,23.64066194,6821.654846,23.64066194,23.64066194,23.64066194,4241.891253,23.64066194,23.64066194,8989.598109,2754.468085,7569.503546,23.64066194,23.64066194,23.64066194,5523.167849,23.64066194,3597.966903,7626.382979,2806.052009,7216.832151,16340.94563
132,22.96738631,43397.7492,22.96738631,22.96738631,22.96738631,50976.34359,30245.33762,37120.76252,22.96738631,105421.6812,22.96738631,22.96738631,9044.924208,22.96738631,256924.9426,11419.88976,78960.40423,9671.244832,7134.405145,22.96738631,22.96738631,22.96738631,22.96738631,22.96738631,6398.759761,22.96738631,16471.24483,338828.0661,22.96738631,7949.839228,8668.810289,22.96738631,14033.16491,26399.81626,8905.420303,22.96738631,7543.867708,22.96738631,6046.348186,22.96738631,22.96738631,3299.770326,22.96738631,22.96738631,22.96738631,58637.3909,22.96738631,17784.65779,22.96738631
135,25.83979328,62851.98966,25.83979328,25.83979328,25.83979328,35781.86047,9985.322997,70050.74935,25.83979328,277171.6279,25.83979328,25.83979328,7001.860465,25.83979328,297383.5659,13124.13437,46643.61757,25.83979328,4360.103359,4594.521964,25.83979328,4430.387597,25.83979328,25.83979328,25.83979328,25.83979328,106449.1473,337748.8372,25.83979328,18306.56331,5284.496124,6660.723514,8371.782946,26507.3385,25.83979328,25.83979328,22201.91214,4035.555556,6103.359173,25.83979328,25.83979328,7302.377261,25.83979328,25.83979328,7224.134367,19280.10336,9100.310078,6057.51938,25.83979328
138,20237.35099,37534.43709,22.07505519,22.07505519,22.07505519,16487.77042,22.07505519,13587.37307,66740,132138.5872,22.07505519,77749.88962,5731.258278,22.07505519,242467.8146,42153.42163,22.07505519,25895.84989,4333.024283,4066.622517,147940.9713,22.07505519,22.07505519,22.07505519,22.07505519,22.07505519,57109.53642,38555.58499,22.07505519,11924.06181,22.07505519,22.07505519,153544.9448,20145.16556,6719.205298,22.07505519,11653.73068,22.07505519,3137.969095,22.07505519,22.07505519,3330.816777,22.07505519,22.07505519,22.07505519,5111.125828,22.07505519,22.07505519,22.07505519
150,22.172949,22.172949,22.172949,22.172949,22.172949,24257.25055,22.172949,32393.74723,22.172949,29567.40576,22.172949,22.172949,7076.895787,22.172949,190356.0089,22.172949,11308.91353,22.172949,22.172949,22.172949,22.172949,349722.7051,22.172949,22.172949,46463.72506,22.172949,22.172949,127323.592,22.172949,64671.48559,22.172949,22.172949,18190.46563,19077.8714,22.172949,22.172949,22.172949,3165.631929,22.172949,22.172949,22.172949,45938.04878,22.172949,22.172949,22.172949,15473.65854,22.172949,12464.61197,22.172949
157,27726.95842,135102.4508,23879.29978,21.88183807,21.88183807,99878.20569,8649.015317,42799.5186,21.88183807,240848.884,21.88183807,11956.41138,7947.221007,21.88183807,207727.1335,97713.69803,48238.0744,21.88183807,19370.15317,16079.34354,5663.282276,4881.838074,21.88183807,5178.993435,7611.772429,21.88183807,92690.59081,240428.4026,22344.24508,14921.96937,21.88183807,5296.367615,16444.9453,17089.40919,21.88183807,4700.612691,18047.92123,5025.382932,12958.33698,21.88183807,21.88183807,6443.982495,21.88183807,5506.695842,3115.798687,16671.85996,21.88183807,6520.743982,21.88183807
164,20205.05595,63329.4654,21101.98923,20.72109407,20.72109407,11322.21301,20.72109407,60493.24492,20.72109407,68421.09407,20.72109407,6113.800249,20.72109407,20.72109407,16330.12847,43054.66225,22277.37257,4965.685868,4417.61293,20.72109407,20.72109407,20.72109407,20.72109407,20.72109407,20.72109407,20.72109407,34868.91836,273039.453,7152.921674,20.72109407,5059.303771,11322.95897,20.72109407,20.72109407,20.72109407,20.72109407,20.72109407,20.72109407,4441.732283,20.72109407,20.72109407,4339.162868,20.72109407,4122.295897,9103.60547,36082.71861,15276.37795,46537.83672,20.72109407
177,17319.33492,23.75296912,23.75296912,23.75296912,23.75296912,31667.55344,147010.8789,34464.46556,23.75296912,85528.97862,6559.334917,23.75296912,8172.019002,23.75296912,312345.7007,23.75296912,25987.74347,23.75296912,23.75296912,23.75296912,23.75296912,23.75296912,23.75296912,23.75296912,23.75296912,23.75296912,4861.900238,113445.1306,23.75296912,29465.22565,23.75296912,23.75296912,9710.688836,25661.18765,10195.77197,23.75296912,23786.12827,5380.427553,4513.586698,23.75296912,23.75296912,23.75296912,23.75296912,23.75296912,3700.665083,21011.44893,6522.660333,6799.477435,23.75296912
181,174534.5217,201773.4783,27617.78261,12776.21739,21791.26087,45544.73913,21.73913043,43365.56522,21.73913043,30731.43478,21.73913043,25842,21.73913043,21.73913043,73958.69565,139029.3478,8967.26087,21.73913043,31619.6087,25164.30435,13130.86957,21.73913043,21.73913043,6122.478261,8105.434783,21.73913043,10008.21739,3766,28202.91304,6335.695652,3210.130435,21.73913043,29796.82609,8339.086957,5907.73913,21.73913043,25103.56522,21.73913043,6658.826087,21.73913043,7425.652174,7093.956522,21.73913043,13224.26087,21.73913043,25250.30435,4428.695652,5195.130435,21.73913043
185,27995.19231,42970.32343,21.85314685,21.85314685,21.85314685,27590.34091,13366.38986,69401.44231,17877.31643,149043.5315,21.85314685,21.85314685,5363.636364,21.85314685,6709.178322,42882.69231,62096.72203,24200.61189,9070.804196,8566.346154,21.85314685,21.85314685,21.85314685,21.85314685,10970.1049,21.85314685,15958.87238,3821.328671,21.85314685,7909.877622,21.85314685,21.85314685,19481.25,21.85314685,21.85314685,21.85314685,21.85314685,3510.096154,10702.70979,21.85314685,21.85314685,4411.232517,21.85314685,2248.557692,21.85314685,20758.61014,21.85314685,11822.9021,9953.321678
186,12961.93159,72779.55734,24031.26761,11704.34608,20.12072435,48741.40845,18350.78471,110051.2676,27895.0503,131147.3642,20.12072435,20.12072435,20.12072435,20.12072435,66772.43461,80704.26559,93046.15694,44721.36821,7820.402414,6735.452716,20.12072435,3946.438632,20.12072435,20.12072435,7474.004024,20.12072435,62718.71227,341061.8511,20.12072435,8486.881288,7922.977867,20.12072435,12453.8833,4643.098592,4788.933602,20.12072435,4534.205231,3765.674044,13390.78471,20.12072435,20.12072435,5905.714286,20.12072435,3974.688129,3101.086519,21707.7666,6122.293763,10346.27767,14331.67002
189,30917.77232,64739.63964,20.47502048,20.47502048,20.47502048,20.47502048,6910.11466,31700.94185,20.47502048,65263.02211,20.47502048,20.47502048,5540.00819,20.47502048,204278.665,15414.12776,13967.15807,5943.980344,5275.511876,20.47502048,20.47502048,20.47502048,20.47502048,20.47502048,20.47502048,20.47502048,19136.85504,173814.2097,20.47502048,4589.80344,20.47502048,11066.46192,20.47502048,22002.3751,20.47502048,20.47502048,19596.8059,20.47502048,20.47502048,20.47502048,20.47502048,20.47502048,20.47502048,6710.647011,7874.897625,25278.86978,20.47502048,11193.36609,20.47502048
193,23.28830927,23.28830927,23.28830927,23.28830927,23.28830927,23.28830927,12428.6912,16984.11737,103098.9287,23.28830927,23.28830927,17681.55566,23.28830927,23.28830927,11894.41081,89836.42292,23.28830927,61487.09828,23.28830927,23.28830927,26785.74755,23.28830927,23.28830927,23.28830927,23.28830927,8791.709362,23.28830927,70869.16628,23.28830927,23.28830927,23.28830927,23.28830927,607790.1258,23.28830927,23.28830927,23.28830927,8658.26735,23.28830927,23.28830927,23.28830927,23.28830927,23.28830927,23.28830927,23.28830927,23.28830927,4557.661854,9114.438752,19347.13554,24110.66605
195,153904.1903,200006.8516,28.31257078,28.31257078,28.31257078,41300.2265,28.31257078,42630.57758,28.31257078,36390.14723,28.31257078,68274.57531,28.31257078,28.31257078,105771.4609,21784.99434,28.31257078,28.31257078,41152.15176,31297.16874,16455.66251,28.31257078,28.31257078,10964.77916,12467.78029,28.31257078,12587.82559,261013.3635,40649.15062,15428.53907,5574.178935,28.31257078,74608.0974,15083.18233,28.31257078,28.31257078,24413.98641,28.31257078,28.31257078,28.31257078,15084.31484,3319.422424,28.31257078,6550.509626,28.31257078,20131.5402,28.31257078,28.31257078,28.31257078
205,46973.72165,96615.87372,22.23210316,22.23210316,22.23210316,114133.0814,31808.62606,66698.755,22.23210316,139080.747,22.23210316,22.23210316,12475.05558,22.23210316,457410.2712,15991.72966,108199.5554,5056.691863,6630.013339,22.23210316,5652.423299,4493.108048,22.23210316,22.23210316,22.23210316,22.23210316,66289.01734,298971.7652,22.23210316,6085.060027,14194.57537,22.23210316,22236.46065,35164.82881,3736.860827,22.23210316,9462.027568,4745.175634,9643.663851,22.23210316,22.23210316,7686.082703,22.23210316,3836.68297,7670.120053,48362.16096,6819.164073,27744.15296,3078.079146
209,20930.65452,56480.57167,20.71251036,20.71251036,20.71251036,62861.01906,9320.04971,67410.72908,20.71251036,27543.74482,6459.942005,10864.87158,6648.757249,20.71251036,230894.5733,212648.1773,16667.60563,20.71251036,17617.39851,18847.76305,9320.54681,7521.209611,20.71251036,20.71251036,20.71251036,20.71251036,7839.68517,209896.686,5246.644573,10510.81193,4072.908036,20.71251036,18105.42668,8137.738194,7738.111019,20.71251036,20.71251036,20.71251036,6039.312345,20.71251036,20.71251036,5966.735708,20.71251036,4483.968517,7172.576636,14775.51781,8279.03894,5647.887324,20.71251036
212,48360.20025,42920.65081,20.85940759,20.85940759,20.85940759,28870.83855,8491.322486,72307.46767,74531.37255,158027.4093,20.85940759,20.85940759,20.85940759,20.85940759,96341.30163,36735.41927,51424.57238,18874.25949,6422.90363,20.85940759,20.85940759,20.85940759,20.85940759,9858.281185,20.85940759,20.85940759,24082.51982,194105.9658,6637.67209,20.85940759,20.85940759,4442.219441,20.85940759,4963.621193,20.85940759,20.85940759,20.85940759,2543.220693,9673.717146,20.85940759,20.85940759,3830.579892,20.85940759,20.85940759,20.85940759,6490.905298,20.85940759,3092.532332,5154.443054
213,11272.97812,59052.80685,23.78686965,23.78686965,23.78686965,25195.19505,23.78686965,23096.28925,23.78686965,82422.59753,23.78686965,23.78686965,23.78686965,23.78686965,110810.6089,23.78686965,13382.11227,23.78686965,23.78686965,23.78686965,23.78686965,23.78686965,23.78686965,23.78686965,23.78686965,23.78686965,37256.08944,116780.0666,23.78686965,23.78686965,23.78686965,23.78686965,23.78686965,9489.05804,23.78686965,23.78686965,27183.63463,23.78686965,23.78686965,4235.394862,23.78686965,23.78686965,4709.372027,6879.923882,3460.085633,23.78686965,23.78686965,5247.573739,23.78686965
216,9580.617217,58764.59123,27.07092583,27.07092583,27.07092583,27.07092583,27.07092583,25970.27612,27.07092583,25751.97618,27.07092583,40201.6784,27.07092583,27.07092583,75523.98484,16355.60368,27.07092583,27.07092583,4099.566865,27.07092583,87966.26963,27.07092583,27.07092583,27.07092583,27.07092583,27.07092583,11064.04981,90382.24147,27.07092583,27.07092583,27.07092583,27.07092583,87827.34164,5702.977802,9767.24418,27.07092583,23647.75311,27.07092583,27.07092583,27.07092583,27.07092583,27.07092583,27.07092583,6861.39686,4989.442339,17915.59285,27.07092583,10276.28587,27.07092583
217,37060.387,40851.98978,18.25483753,18.25483753,18.25483753,67958.56152,7191.712304,23065.71742,18.25483753,76105.73202,18.25483753,18.25483753,18.25483753,18.25483753,40172.65425,6554.034319,6152.245345,7235.523914,6483.315078,18.25483753,18.25483753,18.25483753,18.25483753,18.25483753,18.25483753,18.25483753,13813.61811,78443.84812,18.25483753,8111.683096,18.25483753,18.25483753,6551.66119,3434.757211,18.25483753,18.25483753,7709.602045,18.25483753,3600.985761,18.25483753,18.25483753,4493.610807,18.25483753,18.25483753,18.25483753,18.25483753,3231.47134,18.25483753,18.25483753
220,51294.84716,21.83406114,21.83406114,21.83406114,21.83406114,86372.96943,98214.14847,133284.8908,21.83406114,41888.25328,21.83406114,50325.10917,10455.63319,10964.84716,552324.5415,21.83406114,20801.48472,11301.31004,21.83406114,21.83406114,66759.82533,21.83406114,21.83406114,21.83406114,21.83406114,21.83406114,21.83406114,483968.0349,21.83406114,21.83406114,7708.253275,21.83406114,39093.88646,46038.60262,21.83406114,21.83406114,31659.56332,21.83406114,21.83406114,21.83406114,21.83406114,21.83406114,21.83406114,6512.79476,21.83406114,15005.8952,21.83406114,6865.982533,21.83406114
224,19632.49438,21303.68539,22.47191011,22.47191011,22.47191011,22.47191011,22.47191011,22.47191011,49310.38202,29779.2809,22.47191011,23117.07865,22.47191011,22.47191011,45398.74157,57319.01124,22.47191011,22126.42697,22.47191011,22.47191011,98177.75281,22.47191011,22.47191011,22.47191011,22.47191011,22.47191011,10964.40449,22.47191011,22.47191011,22.47191011,3671.05618,22.47191011,88050.78652,22.47191011,13512.49438,22.47191011,22.47191011,22.47191011,2586.921348,22.47191011,22.47191011,3473.303371,22.47191011,4094.831461,22.47191011,4394.876404,22.47191011,4431.101124,4293.797753
230,27.9173646,178011.0553,27.9173646,27.9173646,27.9173646,24223.17141,27.9173646,10848.52038,27.9173646,28697.65494,27.9173646,66863.8191,27.9173646,27.9173646,39509.38023,152319.7655,10968.11837,29562.98157,18963.37242,27.9173646,73889.00056,27.9173646,27.9173646,7254.885539,12489.33557,27.9173646,10911.83696,60333.33333,27.9173646,10345.5053,27.9173646,27.9173646,68486.76717,8943.495254,27.9173646,27.9173646,29932.21664,27.9173646,4481.797878,27.9173646,7764.433277,5569.960916,27.9173646,27.9173646,27.9173646,8947.571189,27.9173646,27.9173646,27.9173646
233,47217.14437,174312.4735,40500.79618,26.53927813,26.53927813,49051.96391,26.53927813,28203.7155,17838.3758,109483.7049,26.53927813,12085.35032,26.53927813,26.53927813,20294.32059,273203.397,127468.4183,47729.56476,16500.15924,16062.79193,9447.133758,5417.622081,26.53927813,26.53927813,14498.93843,26.53927813,109606.3694,4370.647558,42469.58599,26.53927813,26.53927813,26.53927813,30967.83439,4165.552017,26.53927813,26.53927813,27705.25478,9030.944798,24794.21444,26.53927813,26.53927813,10046.01911,26.53927813,7165.07431,26.53927813,17750,26.53927813,26.53927813,26.53927813
235,8487.363495,89594.64379,26786.79147,26.00104004,26.00104004,119996.6199,26.00104004,26.00104004,26.00104004,191229.5892,26.00104004,11733.07332,26.00104004,26.00104004,10766.97868,227902.8601,50651.63807,13720.38482,29138.53354,24446.07384,6336.037441,6222.672907,26.00104004,26.00104004,26.00104004,26.00104004,78403.64015,36243.99376,26.00104004,10061.15445,4562.038482,10028.80915,26.00104004,26.00104004,26.00104004,26.00104004,13967.29069,4875.039002,13183.46334,26.00104004,26.00104004,26.00104004,4557.098284,5612.480499,26.00104004,9252.834113,26.00104004,4949.765991,26.00104004
236,22.03613927,76226.88409,29751.38828,12287.08682,22.03613927,38735.34597,22.03613927,11192.11106,22.03613927,278791.5822,22.03613927,22.03613927,8361.745262,22.03613927,241425.8704,19166.06435,77677.52314,4759.982371,6102.247686,22.03613927,22.03613927,5092.419568,22.03613927,22.03613927,22.03613927,22.03613927,137389.9515,10934.90524,22.03613927,12173.42442,22.03613927,4181.357426,22.03613927,22093.56545,22.03613927,4519.964742,13372.89555,5071.837814,16711.81137,4723.40238,22.03613927,9874.0855,22.03613927,4637.373292,22.03613927,6406.170119,5315.910093,6693.741736,22.03613927
245,21369.57494,71902.46085,18.64280388,18.64280388,18.64280388,58434.63833,15863.64653,94111.18568,28735.64504,194864.6905,18.64280388,18.64280388,18.64280388,18.64280388,29650.82028,83436.91275,69996.15958,48059.09769,12647.09172,11386.05518,18.64280388,4789.038031,18.64280388,18.64280388,7463.348248,18.64280388,54885.04847,250706.003,18.64280388,7760.178971,3506.413125,18.64280388,21905.48098,2542.878449,18.64280388,18.64280388,3887.211037,3279.231916,5896.457867,18.64280388,18.64280388,4999.962714,18.64280388,10905.85384,18.64280388,26099.62714,18.64280388,5425.988069,7992.431022
248,79517.49871,234231.4977,45979.00154,22151.3124,25.73340196,23809.77869,10958.67216,21731.18888,25.73340196,27086.9789,25.73340196,50999.48533,18645.44519,25.73340196,35411.83736,401418.5795,19665.25991,25.73340196,22373.70046,20008.18322,90511.73443,25.73340196,25.73340196,10934.84303,7198.455996,9479.516212,15511.27123,290587.7509,83018.16778,25302.47041,9891.353577,7734.019557,154841.2764,10906.48482,25.73340196,25.73340196,25.73340196,4249.305198,24446.01132,4278.126608,9416.829645,16506.17602,25.73340196,7646.783325,7204.014411,19336.9017,25.73340196,5089.140504,25.73340196
261,46070.99237,27060.45075,18.17520901,18.17520901,18.17520901,12429.26209,18.17520901,15782.15194,109097.0193,56248.05525,18.17520901,69824.13668,18.17520901,18.17520901,52928.24427,78506.76118,18.17520901,57168.41149,3161.868411,18.17520901,66988.51327,18.17520901,18.17520901,18.17520901,18.17520901,18.17520901,19754.59833,77096.83751,18.17520901,18.17520901,18.17520901,18.17520901,99197.09197,4425.663395,6025.590694,18.17520901,14859.68739,18.17520901,18.17520901,18.17520901,18.17520901,18.17520901,18.17520901,18.17520901,18.17520901,4867.284624,18.17520901,4702.362777,6822.064704
262,63289.47368,210727.2134,22862.1787,10065.44268,20.3998368,99764.99388,20.3998368,20697.42962,20.3998368,131813.1375,20.3998368,22949.08201,20.3998368,20.3998368,64903.71277,236524.9694,26973.96981,4720.603835,48896.36883,40561.11791,14536.31171,20.3998368,20.3998368,8813.504692,8922.113423,20.3998368,41445.04284,3657.44594,32121.62383,14235.49572,20.3998368,20.3998368,53788.29049,5569.889841,6830.640555,20.3998368,19800.408,3136.923705,10568.62505,20.3998368,4589.188086,5945.246838,20.3998368,4542.186863,3724.643003,31556.91554,7526.519788,9955.446756,20.3998368
265,35432.77217,28.05836139,28.05836139,28.05836139,28.05836139,28017.39618,18429.46128,60775.64534,28.05836139,88738.55219,6600.617284,28.05836139,9158.698092,28.05836139,319742.2559,6987.654321,53545.6229,28.05836139,7450.112233,6215.263749,28.05836139,10526.99214,28.05836139,28.05836139,28.05836139,28.05836139,13550,269450.2806,28.05836139,7463.01908,12047.19416,28.05836139,18544.94949,25786.86869,12364.70258,28.05836139,28.05836139,28.05836139,28.05836139,28.05836139,28.05836139,28.05836139,28.05836139,7173.62514,28.05836139,34866.94725,28.05836139,21054.15264,28.05836139
266,7725.481978,45760.1425,20.95557418,20.95557418,20.95557418,44706.20285,16948.28164,83252.30511,20.95557418,316610.9807,4757.334451,20.95557418,5519.446773,20.95557418,215889.7318,5547.946354,36444.21626,20.95557418,15131.34954,14595.0964,20.95557418,3824.937133,20.95557418,20.95557418,17051.55071,20.95557418,32245.01257,316134.1995,20.95557418,5212.4057,3074.518022,20.95557418,10458.38223,19440.90528,4773.470243,20.95557418,23223.6798,6049.329422,8323.093043,20.95557418,20.95557418,3828.499581,20.95557418,6236.588433,5950.419111,4898.742666,20.95557418,20.95557418,20.95557418
268,19108.1982,128033.9189,28506.57658,12635.27027,22.52252252,36698.46847,13394.81982,70954.90991,22.52252252,322936.5766,22.52252252,22.52252252,8422.612613,22.52252252,264612.7477,20918.73874,111788.1532,7212.027027,9573.288288,22.52252252,22.52252252,5437.882883,22.52252252,22.52252252,22.52252252,22.52252252,135994.3243,345645.8559,22.52252252,17225.63063,7891.036036,5597.072072,11486.84685,21873.91892,22.52252252,22.52252252,22286.26126,6916.846847,28401.48649,4413.828829,22.52252252,17105.22523,22.52252252,9902.567568,6377.657658,20950.72072,11788.6036,8308.558559,22.52252252
269,284007.2,198242.56,36795.57333,14669.97333,26.66666667,55149.22667,26.66666667,35886.82667,26.66666667,39327.73333,26.66666667,27396.10667,26.66666667,26.66666667,99245.22667,337821.5467,15940,26.66666667,30533.70667,21516.64,12226.29333,26.66666667,7521.76,13231.36,26.66666667,26.66666667,15301.06667,4652.533333,82283.89333,17606.56,4544.906667,26.66666667,22943.52,11078.72,26.66666667,26.66666667,10009.01333,3516.96,11374.56,26.66666667,8620.853333,12093.17333,26.66666667,3625.493333,26.66666667,6408.64,26.66666667,26.66666667,26.66666667
271,21824.78898,72940.55975,22.21235007,22.21235007,22.21235007,23911.90582,22.21235007,22.21235007,23942.38116,90335.89516,22.21235007,23738.33852,22.21235007,22.21235007,82505.24211,35157.39671,22.21235007,19943.93603,3262.594402,22.21235007,64577.74323,22.21235007,22.21235007,22.21235007,22.21235007,22.21235007,31933.18525,23094.09151,22.21235007,8379.564638,22.21235007,22.21235007,81872.81208,6899.777876,4370.057752,22.21235007,20900.75522,4176.232785,22.21235007,22.21235007,22.21235007,22.21235007,22.21235007,22.21235007,3038.916037,9795.601955,22.21235007,4851.754776,22.21235007
273,15213.33333,216710.3483,38323.28358,18173.33333,10807.56219,36423.08458,24.87562189,14895.42289,24.87562189,32054.02985,24.87562189,38725.72139,24.87562189,24.87562189,24.87562189,284921.2935,9172.338308,24.87562189,39082.28856,24888.75622,21891.49254,24.87562189,24.87562189,15360.39801,11910.29851,9480.895522,7810.447761,5458.557214,72723.28358,19321.34328,24.87562189,5325.671642,121293.2338,24.87562189,24.87562189,24.87562189,12379.05473,4809.154229,16091.99005,24.87562189,7670.646766,11000.44776,24.87562189,5480.995025,24.87562189,9551.293532,24.87562189,24.87562189,24.87562189
281,32050.42293,23.4962406,23.4962406,23.4962406,23.4962406,23.4962406,23.4962406,7145.911654,23.4962406,136987.1711,5085.949248,23.4962406,7343.515038,35274.3891,53031.39098,23.4962406,22998.7312,23.4962406,23.4962406,23.4962406,23.4962406,239255.0282,23.4962406,23.4962406,57742.71617,23.4962406,23.4962406,23.4962406,23.4962406,23.4962406,23.4962406,23.4962406,6995.488722,26121.33459,23.4962406,23.4962406,18386.8891,23.4962406,23.4962406,23.4962406,23.4962406,23.4962406,23.4962406,4419.642857,23.4962406,5490.413534,23.4962406,9582.941729,23.4962406
282,48360.3972,124439.3107,25213.49299,29.20560748,29.20560748,26567.05607,11570.38551,97056.07477,29.20560748,228056.4836,29.20560748,29.20560748,8755.490654,29.20560748,271337.7921,27177.33645,158234.8715,6144.801402,8042.698598,29.20560748,29.20560748,29.20560748,29.20560748,29.20560748,8212.149533,29.20560748,127043.8668,419612.0911,29.20560748,18145.91121,4671.728972,29.20560748,18060.04673,23259.63785,29.20560748,29.20560748,13352.92056,7177.39486,22921.3785,29.20560748,29.20560748,12707.12617,29.20560748,6364.310748,13384.05374,39001.10981,57754.55607,14733.3528,29.20560748
287,6950.024498,94700.049,27756.58991,12499.85301,24.4977952,27967.61391,7869.573738,119304.6546,24.4977952,337215.6786,24.4977952,24.4977952,24.4977952,24.4977952,109914.5517,20690.69084,63893.53258,5785.399314,7185.840274,24.4977952,24.4977952,5515.139637,24.4977952,24.4977952,24.4977952,24.4977952,142577.364,423399.804,24.4977952,7976.237139,24.4977952,24.4977952,7636.060755,9090.298873,24.4977952,5019.304263,20996.27634,6367.417932,26549.68153,4485.203332,24.4977952,12585.5463,24.4977952,5470.161685,10761.53846,17491.32778,8719.696227,7531.847134,24.4977952
290,38261.36364,21.44082333,21.44082333,21.44082333,21.44082333,35048.07033,27858.79074,160137.1355,21.44082333,43958.44768,7133.747856,21.44082333,12220.36878,21.44082333,345414.9657,21.44082333,32930.53173,8122.770154,21.44082333,21.44082333,5077.272727,5632.675815,21.44082333,21.44082333,21.44082333,21.44082333,6423.198971,549894.6827,21.44082333,21.44082333,6538.893654,21.44082333,42334.39108,26220.45455,15113.80789,21.44082333,21.44082333,21.44082333,21.44082333,21.44082333,21.44082333,21.44082333,2776.372213,6607.246998,14150.81475,41717.40995,5241.852487,15893.39623,21.44082333
293,39994.54879,49035.31837,22.90426019,22.90426019,22.90426019,48178.14934,21693.12872,46504.35181,22.90426019,71277.9661,22.90426019,7853.687586,5989.601466,22.90426019,222138.5708,117093.1745,24076.45442,22.90426019,13647.54924,10639.71599,6868.621164,22.90426019,22.90426019,22.90426019,5716.216216,22.90426019,18910.03207,225957.5355,22.90426019,12773.75172,4977.416399,3138.204306,17351.76363,17292.4874,7712.368301,22.90426019,20621.25515,22.90426019,22.90426019,22.90426019,22.90426019,22.90426019,22.90426019,3204.489235,4915.208429,52431.47045,5751.855245,23716.49107,22.90426019
294,82577.14532,215751.574,35539.84476,13497.0677,21.56101768,21.56101768,21.56101768,15953.98879,21.56101768,6991.893057,21.56101768,24766.01984,21.56101768,21.56101768,85789.21949,102118.4994,8311.556705,7306.209573,6763.648124,21.56101768,11974.42863,21.56101768,21.56101768,21.56101768,21.56101768,7189.219491,3911.944804,64961.70763,36037.73178,7200.905563,21.56101768,21.56101768,128242.6046,8929.969815,21.56101768,21.56101768,21982.31997,21.56101768,5923.199655,4153.16947,9208.279431,3751.2721,21.56101768,5525.269513,6162.052609,3800.129366,21.56101768,21.56101768,21.56101768
296,16502.13136,30235.27621,21.74858634,21.74858634,21.74858634,7088.560244,13931.36146,72569.46498,13963.0709,81182.47064,21.74858634,21.74858634,5324.445411,21.74858634,161107.2205,17275.81557,17928.53415,11599.21705,21.74858634,21.74858634,21.74858634,21.74858634,21.74858634,21.74858634,21.74858634,21.74858634,33791.47455,342510.7003,21.74858634,5144.14963,8130.795998,21.74858634,7831.926925,13106.78556,21.74858634,21.74858634,13978.90387,21.74858634,21.74858634,21.74858634,21.74858634,21.74858634,21.74858634,3367.116137,3646.759461,17092.77947,21.74858634,20326.1418,21.74858634
300,26278.0744,73434.31072,21.88183807,21.88183807,21.88183807,16945.55799,21.88183807,8433.041575,4014.704595,117055.6674,21.88183807,7279.868709,21.88183807,21.88183807,29962.8884,79046.52079,5051.291028,32293.78556,12457.76805,21.88183807,21.88183807,21.88183807,21.88183807,21.88183807,21.88183807,21.88183807,43424.63895,6030.634573,21.88183807,9939.956236,21.88183807,7110.722101,21.88183807,3624.945295,21.88183807,21.88183807,27820,4318.424508,3819.5186,21.88183807,21.88183807,21.88183807,4740.4814,21.88183807,12153.78556,20533.1291,21.88183807,22656.71772,21.88183807
304,21975.39757,180914.8269,25034.28438,12416.69785,23.38634238,76182.50702,23.38634238,31273.85407,23.38634238,285057.0627,23.38634238,17709.02713,23.38634238,23.38634238,113151.4967,101965.2479,21988.40037,23.38634238,20417.02526,23.38634238,6605.425631,5636.810103,23.38634238,5521.468662,10011.69317,23.38634238,88415.99626,210614.7334,54672.31057,11309.72872,5640.832554,22741.4406,23.38634238,11283.62956,23.38634238,23.38634238,24239.28906,11762.6754,25569.31712,23.38634238,23.38634238,14628.43779,23.38634238,8824.321796,23.38634238,3054.303087,23.38634238,23.38634238,23.38634238
311,20954.17505,86706.69014,30213.43058,25.15090543,25.15090543,25.15090543,25.15090543,25.15090543,25.15090543,6458.249497,25.15090543,8959.15493,25.15090543,25.15090543,69964.18511,28146.07646,25.15090543,6273.138833,25.15090543,25.15090543,25.15090543,25.15090543,25.15090543,5446.177062,25.15090543,25.15090543,25.15090543,10274.54728,25.15090543,25.15090543,25.15090543,6753.923541,25.15090543,6088.179074,25.15090543,4095.674044,30355.18109,25.15090543,25.15090543,25.15090543,6198.138833,25.15090543,25.15090543,25.15090543,25.15090543,25434.00402,25.15090543,9949.195171,25.15090543
314,47666.66667,100250.1416,23.60717658,23.60717658,23.60717658,82347.40321,9046.647781,39663.73938,23.60717658,124980.6893,7519.546742,23.60717658,7146.694995,23.60717658,328923.2767,10456.98772,56091.92635,23.60717658,11017.61095,9868.460812,23.60717658,23.60717658,23.60717658,23.60717658,5811.803588,23.60717658,35905.33522,177801.6525,23.60717658,11486.63834,3977.620397,3082.294618,24027.99811,18422.7101,7001.652502,23.60717658,7259.537299,3421.199245,6686.779981,23.60717658,23.60717658,5300.802644,23.60717658,9815.816808,3948.819641,8996.789424,4815.533522,7785.174693,23.60717658
320,21.55172414,21.55172414,21.55172414,21.55172414,21.55172414,21.55172414,20957.32759,116145.1724,21.55172414,13412.80172,7958.965517,21.55172414,21.55172414,21.55172414,416043.4052,21.55172414,8965.732759,7107.758621,21.55172414,21.55172414,21.55172414,21.55172414,21.55172414,21.55172414,21.55172414,21.55172414,21.55172414,422990.5172,21.55172414,21.55172414,11826.76724,21.55172414,18268.92241,10774.52586,14712.97414,21.55172414,21.55172414,21.55172414,21.55172414,18655.47414,21.55172414,21.55172414,21.55172414,11274.82759,6530.344828,16557.97414,16593.14655,16243.31897,21.55172414
333,34458.24074,188846.8981,29504.81481,12151.94444,21800.87963,14935.92593,23.14814815,71576.25,23.14814815,30418.7037,23.14814815,38261.38889,23.14814815,23.14814815,76441.2963,265299.3056,11705,23.14814815,30542.87037,19279.44444,36667.22222,23.14814815,23.14814815,17504.44444,23.14814815,7530,8068.611111,197859.6759,84324.07407,10320,23.14814815,23.14814815,252364.8611,7973.148148,7520.972222,23.14814815,18305.27778,6861.990741,31030.78704,3787.592593,7246.851852,17150.23148,23.14814815,13043.75,5724.583333,3687.731481,23.14814815,10737.12963,23.14814815
347,19.9044586,19.9044586,19.9044586,19.9044586,19.9044586,19.9044586,14513.65446,94606.84713,19.9044586,15609.91242,5105.254777,19.9044586,19.9044586,19.9044586,238261.4252,19.9044586,4088.375796,19.9044586,19.9044586,19.9044586,19.9044586,19.9044586,19.9044586,19.9044586,19.9044586,19.9044586,19.9044586,418182.8822,19.9044586,19.9044586,12462.69904,19.9044586,15185.31051,5838.535032,7118.431529,19.9044586,13567.03822,19.9044586,19.9044586,19.9044586,19.9044586,19.9044586,19.9044586,3512.340764,3643.232484,14552.38854,12435.50955,10011.86306,19.9044586
356,23685.06024,99949.83133,25747.56627,24.09638554,24.09638554,46833.44578,9313.253012,53718.12048,24.09638554,302320.4337,24.09638554,24.09638554,8770.698795,24.09638554,325021.9277,11873.63855,42258.98795,24.09638554,5350.26506,5429.542169,24.09638554,4737.927711,24.09638554,24.09638554,24.09638554,24.09638554,106450.3614,360891.8072,6501.060241,20270.79518,6126.939759,6285.879518,18438.16867,32221.20482,24.09638554,24.09638554,17301.83133,2891.807229,4851.277108,24.09638554,24.09638554,6319.277108,24.09638554,24.09638554,8261.542169,22913.15663,5128.626506,6607.903614,24.09638554
357,22.05558006,134789.0163,32383.8112,11822.76136,22.05558006,112555.7124,22.05558006,7025.805029,22.05558006,169159.3736,22.05558006,19752.5805,22.05558006,22.05558006,75914.86546,233228.2311,92672.03352,22.05558006,16950.77195,19074.54786,37828.18703,5570.666079,22.05558006,8831.054257,22.05558006,22.05558006,90739.47949,31833.92148,22.05558006,12953.85973,22.05558006,22.05558006,27821.26158,6067.225408,22.05558006,22.05558006,17637.1416,5161.182179,17869.43097,22.05558006,22.05558006,7345.434495,22.05558006,9297.926775,22.05558006,15667.00485,22.05558006,5393.736215,22.05558006
358,28415.26391,23.77555873,23.77555873,23.77555873,23.77555873,18089.06324,24817.54636,88348.7399,23.77555873,54313.59962,23.77555873,23.77555873,5463.338088,23.77555873,186547.2658,23.77555873,26474.6077,23.77555873,23.77555873,23.77555873,23.77555873,23.77555873,23.77555873,23.77555873,23.77555873,23.77555873,3403.804089,316187.5416,23.77555873,23.77555873,9724.298621,23.77555873,24928.86353,15434.66476,6219.115549,23.77555873,23.77555873,23.77555873,23.77555873,23.77555873,23.77555873,23.77555873,23.77555873,4096.766524,23.77555873,39278.45934,31958.20257,22655.4446,23.77555873
366,24991.86603,90840.59625,16960.87597,18.40264998,18.40264998,14813.32352,19564.5933,49232.6095,18.40264998,168845.3441,18.40264998,18.40264998,12196.90835,6637.210158,467269.9301,7089.142437,40100.62569,5965.881487,14838.09349,12098.71181,4485.940375,18.40264998,18.40264998,18.40264998,6721.935959,18.40264998,46791.46117,242674.678,18.40264998,11971.47589,13973.86824,18.40264998,18769.74604,33549.2823,3850.165624,18.40264998,15172.69047,3299.337505,6802.50276,18.40264998,18.40264998,7451.969084,18.40264998,4087.743835,9796.613912,18.40264998,18.40264998,4027.309533,18.40264998
372,29061.61473,98006.32672,23.60717658,23.60717658,23.60717658,20415.15581,23.60717658,23.60717658,68952.73843,57981.63362,23.60717658,12995.56185,23.60717658,23.60717658,23.60717658,161439.1879,7653.966006,30662.03966,20954.06043,13580.87819,6935.174693,23.60717658,6425.731822,23.60717658,23.60717658,23.60717658,29596.88385,4533.616619,39654.01322,11233.19169,4189.896128,23.60717658,16803.25779,23.60717658,6073.371105,23.60717658,12090.22663,23.60717658,4809.159585,23.60717658,6866.05288,3494.192635,23.60717658,23.60717658,23.60717658,7740.462701,23.60717658,23.60717658,5042.256846
374,28787.81818,18.18181818,18.18181818,18.18181818,18.18181818,18.18181818,106193.4545,281066.6545,18.18181818,19732.98182,10734.47273,18.18181818,13302.50909,18.18181818,18.18181818,18.18181818,21223.45455,7396.727273,18.18181818,18.18181818,5759.854545,18.18181818,18.18181818,18.18181818,18.18181818,18.18181818,18.18181818,1011551.6,18.18181818,18.18181818,18321.2,18.18181818,18526.21818,26576.8,12844.10909,18.18181818,18.18181818,18.18181818,18.18181818,18.18181818,18.18181818,18.18181818,18.18181818,8766.290909,18.18181818,7737.163636,4810.4,3863.381818,18.18181818
377,28663.67654,22.09456474,22.09456474,22.09456474,22.09456474,32875.78436,53934.9536,158250.1989,61408.61688,74082.28016,22.09456474,22.09456474,22.09456474,22.09456474,204111.5776,33514.6266,16753.95493,22570.57004,22.09456474,22.09456474,22.09456474,22.09456474,22.09456474,22.09456474,22.09456474,22.09456474,4866.769775,507867.9187,22.09456474,22.09456474,6931.948741,22.09456474,13190.14582,8806.319046,6478.524083,22.09456474,22.09456474,22.09456474,3307.777287,22.09456474,22.09456474,22.09456474,22.09456474,3581.528944,2650.331418,15002.07689,9451.480336,14881.92665,3518.603624
378,27522.90795,83250.26151,26.15062762,26.15062762,26.15062762,37675.83682,26.15062762,54418.30544,26.15062762,289191.7364,26.15062762,26.15062762,26.15062762,26.15062762,198227.1967,10151.72594,30089.80126,26.15062762,4350.470711,26.15062762,26.15062762,4508.891213,26.15062762,26.15062762,7247.646444,26.15062762,106742.6255,299041.1611,26.15062762,20631.11925,5236.297071,6951.935146,10174.05858,21741.00418,26.15062762,7595.345188,22448.84937,4235.146444,6685.40795,3830.491632,26.15062762,8173.587866,26.15062762,5093.566946,5778.190377,15897.85565,10203.60879,7592.573222,26.15062762
379,29875.70866,80874.96063,17504.48819,19.68503937,19.68503937,56016.25984,58932.51969,136714.3701,19.68503937,256434.2913,19.68503937,19.68503937,12948.11024,6854.488189,19.68503937,44384.64567,60873.77953,7938.543307,15804.96063,15426.02362,4984.251969,7116.181102,19.68503937,19.68503937,19.68503937,19.68503937,59395.35433,490716.3386,19.68503937,15073.8189,16593.46457,2565.551181,21177.3622,34975.94488,6323.228346,19.68503937,19.68503937,4269.291339,12360.90551,19.68503937,19.68503937,7195.590551,19.68503937,10741.85039,2755.354331,7849.133858,19.68503937,5044.76378,19.68503937
380,35451.23288,122896.4384,26676.60274,27.39726027,27.39726027,26728.10959,27.39726027,34769.42466,27.39726027,17939.56164,27.39726027,17500.71233,27.39726027,27.39726027,61775.28767,96680.65753,27.39726027,19677.31507,11930.30137,27.39726027,6970.027397,27.39726027,27.39726027,27.39726027,27.39726027,27.39726027,27.39726027,38894.79452,27.39726027,7758.136986,27.39726027,10195.06849,27.39726027,6407.506849,27.39726027,27.39726027,26191.12329,27.39726027,7651.616438,27.39726027,9042.136986,4364.273973,27.39726027,3326.520548,27.39726027,19932.54795,27.39726027,10433.36986,27.39726027
388,26.37130802,194888.6076,40683.75527,17700.26371,12177.05696,27522.36287,26.37130802,13027.26793,26.37130802,33395.56962,26.37130802,48127.16245,15898.41772,26.37130802,42227.68987,432397.7848,18750.89662,26.37130802,24780.37975,26.37130802,41537.18354,26.37130802,26.37130802,7655.696203,9797.943038,11853.16456,12628.9557,5718.565401,82665.92827,21762.44726,26.37130802,26.37130802,463688.7658,26.37130802,26.37130802,26.37130802,10304.69409,3895.253165,22475.42194,26.37130802,8401.265823,14997.57384,26.37130802,8200.949367,26.37130802,21561.55063,26.37130802,8421.044304,26.37130802
401,33583.45102,22.06531333,22.06531333,22.06531333,22.06531333,12074.05119,11257.41395,39064.78376,22.06531333,82792.27714,22.06531333,22.06531333,22.06531333,22.06531333,50079.61165,22.06531333,22.06531333,22.06531333,22.06531333,22.06531333,22.06531333,22.06531333,22.06531333,22.06531333,22.06531333,22.06531333,16186.93733,128177.6699,22.06531333,7761.209179,22.06531333,22.06531333,22.06531333,5303.662842,22.06531333,22.06531333,9841.615181,22.06531333,3217.740512,22.06531333,22.06531333,3657.987643,22.06531333,5389.585172,22.06531333,22.06531333,22.06531333,22.06531333,22.06531333
403,52008.85142,98847.83983,26.34351949,26.34351949,26.34351949,34240.46365,16042.62381,127409.1149,26.34351949,134349.3151,26.34351949,26.34351949,26.34351949,26.34351949,146078.6617,16524.65753,22848.68282,26.34351949,6565.068493,6023.12961,26.34351949,26.34351949,26.34351949,26.34351949,26.34351949,26.34351949,44635.03688,466822.1812,26.34351949,9241.201264,7525.97471,26.34351949,20435.66913,7975.44784,7374.973656,26.34351949,7493.730242,4581.296101,4342.202318,26.34351949,26.34351949,5718.651212,26.34351949,15314.38356,26.34351949,10510.85353,26.34351949,3677.239199,26.34351949
409,21853.85996,169399.5512,25656.50808,10655.34111,21571.99282,10265.43986,22.44165171,23580.386,22.44165171,10443.85099,22.44165171,22932.45063,22.44165171,22.44165171,84282.0018,105827.6481,7283.797127,11590.35009,7847.845601,22.44165171,16496.4991,22.44165171,22.44165171,7556.283662,22.44165171,22.44165171,3491.382406,36570.9605,22.44165171,6114.67684,22.44165171,22.44165171,66007.31598,8302.378815,22.44165171,22.44165171,24202.24417,22.44165171,5386.355476,22.44165171,8311.175943,22.44165171,2704.174147,7468.671454,8101.346499,7327.692998,22.44165171,6787.522442,22.44165171
413,23854.31997,34943.94378,20.66969822,20.66969822,20.66969822,54000.82679,7101.446879,16691.02935,20.66969822,142511.8644,20.66969822,87516.74246,20.66969822,20.66969822,154650.6821,20.66969822,20.66969822,2793.427036,3642.620918,3259.776767,93893.88177,20.66969822,20.66969822,20.66969822,4584.125672,20.66969822,19211.86441,53331.33526,20.66969822,6772.964035,20.66969822,20.66969822,34358.53659,11602.56304,7161.885076,20.66969822,25633.1542,2762.794543,2909.053328,20.66969822,20.66969822,20.66969822,20.66969822,20.66969822,20.66969822,10904.87805,4019.264159,7047.540306,20.66969822
417,22.77904328,60824.87472,22.77904328,22.77904328,22.77904328,27066.69704,22.77904328,16674.21412,22.77904328,123225.6492,22.77904328,22.77904328,22.77904328,22.77904328,132498.451,11338.35991,40836.67426,22.77904328,13442.8246,10193.66743,22.77904328,22.77904328,22.77904328,22.77904328,6941.412301,6156.036446,42450.61503,111606.3326,22.77904328,14793.02961,4916.264237,22.77904328,22.77904328,9973.120729,22.77904328,22.77904328,7002.642369,3504.646925,5144.874715,22.77904328,22.77904328,9430.387244,22.77904328,22.77904328,8265.284738,5979.316629,22.77904328,5344.601367,22.77904328
418,15881.03957,125280.567,30795.09746,29.53337271,29.53337271,103138.3343,29.53337271,48256.17247,29.53337271,461270.9982,29.53337271,29.53337271,29.53337271,29.53337271,179540.1063,19723.4495,55433.49084,29.53337271,11280.21264,11105.78854,29.53337271,8750.856468,29.53337271,29.53337271,11011.69522,8684.288246,159618.0744,289653.8098,29.53337271,22139.63379,29.53337271,5856.054341,8160.956881,18072.77023,29.53337271,6387.241583,26432.90018,8254.81394,12464.02835,4382.457177,29.53337271,9903.484938,29.53337271,7429.592439,6122.445363,17518.66509,5117.60189,6244.418193,29.53337271
421,27602.95096,27269.40981,20.78137988,20.78137988,20.78137988,20981.96176,11087.44805,59922.56858,20.78137988,44299.91687,20.78137988,20.78137988,20.78137988,20.78137988,164337.1987,20.78137988,12412.34414,20.78137988,20.78137988,20.78137988,20.78137988,325215.9185,20.78137988,20.78137988,46325.43641,20.78137988,3979.67581,140777.6392,20.78137988,20.78137988,4247.547797,20.78137988,46272.44389,9515.876974,20.78137988,20.78137988,14581.79551,20.78137988,20.78137988,20.78137988,20.78137988,20.78137988,20.78137988,12955.15378,3567.497922,15091.35495,10584.95428,13136.07648,20.78137988
429,25.03755633,85482.02303,25.03755633,25.03755633,25.03755633,18711.21683,25.03755633,25.03755633,25.03755633,15446.72008,25.03755633,23139.10866,25.03755633,25.03755633,37121.43215,54621.1317,25.03755633,28307.21082,21279.76965,25.03755633,8660.841262,25.03755633,25.03755633,25.03755633,25.03755633,5375.61342,4195.793691,30366.24937,25.03755633,10844.8673,25.03755633,25.03755633,148285.8287,6666.8002,25.03755633,25.03755633,23626.89034,25.03755633,3915.172759,25.03755633,7839.208813,25.03755633,3393.990986,25.03755633,25.03755633,10930.34552,25.03755633,25.03755633,25.03755633
436,5505.890603,104563.7214,31417.2043,23.37540907,23.37540907,46237.1669,8286.535764,66289.43432,23.37540907,300418.3731,23.37540907,23.37540907,8453.249182,23.37540907,323367.7887,11632.91258,40996.35344,23.37540907,5021.832632,5082.234689,23.37540907,4249.415615,23.37540907,23.37540907,6734.922861,23.37540907,108604.6751,306559.4203,5890.416082,19612.38897,5545.7223,5912.903226,13965.54465,27335.10986,23.37540907,23.37540907,16544.50678,3661.196821,5980.271155,5087.330528,23.37540907,7456.428237,23.37540907,6159.373539,5938.148668,27160.72931,7352.688172,3881.15942,23.37540907
456,27.14440825,27.14440825,27.14440825,27.14440825,27.14440825,421696.0369,7604.668838,39235.66775,27.14440825,27.14440825,27.14440825,27.14440825,27.14440825,27.14440825,27.14440825,33429.04452,27.14440825,25844.35396,27.14440825,27.14440825,27.14440825,27.14440825,27.14440825,27.14440825,27.14440825,27.14440825,27.14440825,160388.7622,27.14440825,27.14440825,27.14440825,27.14440825,27.14440825,27.14440825,27.14440825,27.14440825,27.14440825,4615.418024,27.14440825,27.14440825,27.14440825,27.14440825,27.14440825,4088.707926,27.14440825,9269.326819,27.14440825,5038.97937,15973.7785
458,22.72727273,22.72727273,22.72727273,22.72727273,22.72727273,11076.54545,15014.22727,40318.09091,22.72727273,49881.40909,5578.727273,22.72727273,8176.863636,22.72727273,282938.6818,22.72727273,28962.72727,22.72727273,22.72727273,22.72727273,22.72727273,22.72727273,22.72727273,22.72727273,22.72727273,22.72727273,4821.045455,162675.9545,22.72727273,22.72727273,8567.090909,22.72727273,20962.72727,24265.81818,4511.454545,22.72727273,5583.590909,22.72727273,3426.954545,22.72727273,22.72727273,22.72727273,22.72727273,12754.81818,22.72727273,51741.81818,3537.5,30969.09091,22.72727273
