SampleID,Paired,Garden Plant ID,2020 STATUS,Project,Location,Subspecies,Year,Plant,Ploidy,Subsp_ploidy,Patch,Date,Veg_Type,Collection,DNA Concentration (ng/uL),Description,Plant Group,Site,Latitude,Longitude,Elevation (m)
20-21_1,,,,Soda_Fire,ROCK,Dwarf,2020,1,NA,NA,103,26-Sep-20,Remnant,Clean,18.7,20-21_1,,,,,
20-21_10,,,,Soda_Fire,ROCK,Wyoming,2020,5,NA,NA,103,26-Sep-20,New,Unclean,43.8,20-21_10,,,,,
20-21_11,,,,Soda_Fire,ROCK,Wyoming,2020,6,NA,NA,103,26-Sep-20,New,Clean,14,20-21_11,,,,,
20-21_12,,,,Soda_Fire,ROCK,Wyoming,2020,6,NA,NA,103,26-Sep-20,New,Unclean,23.2,20-21_12,,,,,
20-21_13,,,,Soda_Fire,ROCK,Wyoming,2020,7,NA,NA,103,26-Sep-20,New,Clean,28.4,20-21_13,,,,,
20-21_14,,,,Soda_Fire,ROCK,Wyoming,2020,7,NA,NA,103,26-Sep-20,New,Unclean,15,20-21_14,,,,,
20-21_15,,,,Soda_Fire,ROCK,Wyoming,2020,8,NA,NA,103,26-Sep-20,New,Clean,49.2,20-21_15,,,,,
20-21_16,,,,Soda_Fire,ROCK,Wyoming,2020,8,NA,NA,103,26-Sep-20,New,Unclean,53.1,20-21_16,,,,,
20-21_17,,,,Soda_Fire,ROCK,Wyoming,2020,9,NA,NA,103,26-Sep-20,New,Clean,15.3,20-21_17,,,,,
20-21_18,,,,Soda_Fire,ROCK,Wyoming,2020,9,NA,NA,103,26-Sep-20,New,Unclean,65,20-21_18,,,,,
20-21_19,,,,Soda_Fire,ROCK,Wyoming,2020,10,NA,NA,103,26-Sep-20,Remnant,Clean,15.2,20-21_19,,,,,
20-21_2,,,,Soda_Fire,ROCK,Dwarf,2020,1,NA,NA,103,26-Sep-20,Remnant,Unclean,35.3,20-21_2,,,,,
20-21_20,,,,Soda_Fire,ROCK,Wyoming,2020,10,NA,NA,103,26-Sep-20,Remnant,Unclean,20.5,20-21_20,,,,,
20-21_21,,,,Soda_Fire,ROCK,Wyoming,2020,11,NA,NA,103,26-Sep-20,Remnant,Clean,15.2,20-21_21,,,,,
20-21_23,,,,Soda_Fire,ROCK,Wyoming,2020,13,NA,NA,103,26-Sep-20,Remnant,Clean,37,20-21_23,,,,,
20-21_24,,,,Soda_Fire,ROCK,Wyoming,2020,13,NA,NA,103,26-Sep-20,Remnant,Unclean,53.9,20-21_24,,,,,
20-21_25,,,,Soda_Fire,RGF,Dwarf,2020,14,NA,NA,105,26-Sep-20,Remnant,Clean,16,20-21_25,,,,,
20-21_26,,,,Soda_Fire,RGF,Dwarf,2020,14,NA,NA,105,26-Sep-20,Remnant,Unclean,55.9,20-21_26,,,,,
20-21_27,,,,Soda_Fire,RGF,Wyoming,2020,15,NA,NA,105,26-Sep-20,Remnant,Clean,58.2,20-21_27,,,,,
20-21_28,,,,Soda_Fire,RGF,Wyoming,2020,15,NA,NA,105,26-Sep-20,Remnant,Unclean,14.9,20-21_28,,,,,
20-21_29,,,,Soda_Fire,RGF,Wyoming,2020,16,NA,NA,105,26-Sep-20,Remnant,Clean,49.8,20-21_29,,,,,
20-21_3,,,,Soda_Fire,ROCK,Dwarf,2020,2,NA,NA,103,26-Sep-20,Remnant,Clean,12.6,20-21_3,,,,,
20-21_31,,,,Soda_Fire,RGF,Wyoming,2020,18,NA,NA,105,26-Sep-20,Remnant,Clean,32.2,20-21_31,,,,,
20-21_32,,,,Soda_Fire,RGF,Wyoming,2020,18,NA,NA,105,26-Sep-20,Remnant,Unclean,45.5,20-21_32,,,,,
20-21_33,,,,Soda_Fire,RGF,Wyoming,2020,19,NA,NA,105,26-Sep-20,New,Clean,58.4,20-21_33,,,,,
20-21_34,,,,Soda_Fire,RGF,Wyoming,2020,19,NA,NA,105,26-Sep-20,New,Unclean,28.9,20-21_34,,,,,
20-21_35,,,,Soda_Fire,RGF,Wyoming,2020,20,NA,NA,105,26-Sep-20,New,Clean,23.5,20-21_35,,,,,
20-21_36,,,,Soda_Fire,RGF,Wyoming,2020,20,NA,NA,105,26-Sep-20,New,Unclean,18.4,20-21_36,,,,,
20-21_38,,,,Soda_Fire,RGF,Wyoming,2020,22,NA,NA,105,26-Sep-20,New,Unclean,27,20-21_38,,,,,
20-21_39,,,,Soda_Fire,RGF,Wyoming,2020,23,NA,NA,105,26-Sep-20,New,Clean,15,20-21_39,,,,,
20-21_4,,,,Soda_Fire,ROCK,Dwarf,2020,2,NA,NA,103,26-Sep-20,Remnant,Unclean,32.8,20-21_4,,,,,
20-21_40,,,,Soda_Fire,RGF,Wyoming,2020,23,NA,NA,105,26-Sep-20,New,Unclean,50.1,20-21_40,,,,,
20-21_42,,,,Soda_Fire,RGF,Wyoming,2020,25,NA,NA,105,26-Sep-20,New,Unclean,21.9,20-21_42,,,,,
20-21_43,,,,Soda_Fire,RGF,Wyoming,2020,26,NA,NA,105,26-Sep-20,New,Clean,18.1,20-21_43,,,,,
20-21_44,,,,Soda_Fire,RGF,Wyoming,2020,26,NA,NA,105,26-Sep-20,New,Unclean,27.6,20-21_44,,,,,
20-21_5,,,,Soda_Fire,ROCK,Dwarf,2020,3,NA,NA,103,26-Sep-20,Remnant,Clean,25.2,20-21_5,,,,,
20-21_6,,,,Soda_Fire,ROCK,Dwarf,2020,3,NA,NA,103,26-Sep-20,Remnant,Unclean,24.8,20-21_6,,,,,
20-21_7,,,,Soda_Fire,ROCK,Wyoming,2020,4,NA,NA,103,26-Sep-20,New,Clean,45.7,20-21_7,,,,,
20-21_8,,,,Soda_Fire,ROCK,Wyoming,2020,4,NA,NA,103,26-Sep-20,New,Unclean,35,20-21_8,,,,,
20-21_9,,,,Soda_Fire,ROCK,Wyoming,2020,5,NA,NA,103,26-Sep-20,New,Clean,33.9,20-21_9,,,,,
AH1901,,,,Soda_Fire,RGF,Dwarf,2019,203,NA,NA,108,11-Feb-19,Remnant,Unclean,16,AH1901,,,,,
AH1902,,,,Soda_Fire,RGF,Dwarf,2019,204,NA,NA,108,11-Feb-19,Remnant,Unclean,80.9,AH1902,,,,,
AH1903,,,,Soda_Fire,RGF,Dwarf,2019,205,NA,NA,108,11-Feb-19,Remnant,Unclean,20.3,AH1903,,,,,
AH1904,,,,Soda_Fire,RGF,Dwarf,2019,206,NA,NA,108,11-Feb-19,Remnant,Unclean,14.1,AH1904,,,,,
AH1905,,,,Soda_Fire,RRO,Wyoming,2019,207,NA,NA,114,11-Feb-19,Remnant,Unclean,12.9,AH1905,,,,,
AH1906,,,,Soda_Fire,RRO,Dwarf,2019,208,NA,NA,114,11-Feb-19,Remnant,Unclean,22.7,AH1906,,,,,
AH1907,,,,Soda_Fire,RRO,Dwarf,2019,209,NA,NA,114,11-Feb-19,Remnant,Unclean,70.1,AH1907,,,,,
AH1908,,,,Soda_Fire,RRO,Dwarf,2019,210,NA,NA,114,11-Feb-19,Remnant,Unclean,15.5,AH1908,,,,,
AH1909,,,,Soda_Fire,RRO,Dwarf,2019,211,NA,NA,114,11-Feb-19,Remnant,Unclean,10.4,AH1909,,,,,
AH1910,,,,Soda_Fire,RRO,Wyoming,2019,212,NA,NA,114,11-Feb-19,Remnant,Unclean,73.4,AH1910,,,,,
AH1911,,,,Soda_Fire,RRO,Dwarf,2019,213,NA,NA,114,11-Feb-19,Remnant,Unclean,23.2,AH1911,,,,,
AH1912,,,,Soda_Fire,RRO,Wyoming,2019,214,NA,NA,114,11-Feb-19,Remnant,Unclean,18.1,AH1912,,,,,
AH1913,,,,Soda_Fire,RRO,Wyoming,2019,215,NA,NA,114,11-Feb-19,Remnant,Unclean,17,AH1913,,,,,
AH1914,,,,Soda_Fire,RRO,Wyoming,2019,216,NA,NA,114,11-Feb-19,Remnant,Unclean,14.8,AH1914,,,,,
AH1915,,,,Soda_Fire,RGF,Dwarf,2019,217,NA,NA,108,11-Feb-19,Remnant,Unclean,12.6,AH1915,,,,,
AH1916,,,,Soda_Fire,RGF,Wyoming,2019,218,NA,NA,105,4-Jan-19,New,Unclean,13.9,AH1916,,,,,
AH1917,,,,Soda_Fire,RGF,Wyoming,2019,219,NA,NA,105,4-Jan-19,New,Unclean,12.7,AH1917,,,,,
AH1918,,,,Soda_Fire,RGF,Dwarf,2019,220,NA,NA,105,4-Jan-19,Remnant,Unclean,17.6,AH1918,,,,,
AH1919,,,,Soda_Fire,RGF,Wyoming,2019,221,NA,NA,105,4-Jan-19,New,Unclean,14.9,AH1919,,,,,
AH1920,,,,Soda_Fire,RGF,Wyoming,2019,222,NA,NA,105,4-Jan-19,New,Unclean,10.9,AH1920,,,,,
AH1921,,,,Soda_Fire,RGF,Wyoming,2019,223,NA,NA,105,4-Jan-19,Remnant,Unclean,12.7,AH1921,,,,,
AH1925,,,,Soda_Fire,RGF,Wyoming,2019,227,NA,NA,105,4-Jan-19,Remnant,Unclean,18.3,AH1925,,,,,
AH1926,,,,Soda_Fire,RGF,Dwarf,2019,228,NA,NA,105,4-Jan-19,Remnant,Unclean,13.8,AH1926,,,,,
AH1927,,,,Soda_Fire,RGF,Wyoming,2019,229,NA,NA,105,4-Jan-19,New,Unclean,17,AH1927,,,,,
AH1930,,,,Soda_Fire,RGF,Dwarf,2019,232,NA,NA,108,3-Jan-19,Remnant,Unclean,46,AH1930,,,,,
AH1931,,,,Soda_Fire,RGF,Dwarf,2019,233,NA,NA,108,3-Jan-19,Remnant,Unclean,11.7,AH1931,,,,,
AH1932,,,,Soda_Fire,ROCK,Wyoming,2019,234,NA,NA,113,3-Jan-19,New,Unclean,81.4,AH1932,,,,,
AH1933,,,,Soda_Fire,ROCK,Wyoming,2019,235,NA,NA,113,3-Jan-19,New,Unclean,51.8,AH1933,,,,,
AH1934,,,,Soda_Fire,ROCK,Wyoming,2019,236,NA,NA,113,3-Jan-19,New,Unclean,1.6,AH1934,,,,,
AH1935,,,,Soda_Fire,ROCK,Wyoming,2019,237,NA,NA,113,3-Jan-19,New,Unclean,20.5,AH1935,,,,,
AH1936,,,,Soda_Fire,ROCK,Wyoming,2019,12,NA,NA,113,3-Jan-19,New,Unclean,17.8,AH1936,,,,,
AH1937,,,,Soda_Fire,RRO,Wyoming,2019,17,NA,NA,110,3-Jan-19,New,Unclean,34.4,AH1937,,,,,
AH1941,,,,Soda_Fire,RGF,Dwarf,2019,21,NA,NA,108,3-Jan-19,New,Unclean,13.1,AH1941,,,,,
AH1943,,,,Soda_Fire,RGF,Dwarf,2019,24,NA,NA,108,3-Jan-19,Remnant,Unclean,63,AH1943,,,,,
AH1945,,,,Soda_Fire,RGF,Wyoming,2019,41,NA,NA,107,3-Jan-19,New,Unclean,22.2,AH1945,,,,,
AH1946,,,,Soda_Fire,RGF,Wyoming,2019,46,NA,NA,107,3-Jan-19,New,Unclean,16.4,AH1946,,,,,
AH1947,,,,Soda_Fire,RGF,Wyoming,2019,224,NA,NA,107,3-Jan-19,Remnant,Unclean,82.1,AH1947,,,,,
AH1948,,,,Soda_Fire,RGF,Wyoming,2019,225,NA,NA,107,3-Jan-19,Remnant,Unclean,67.6,AH1948,,,,,
AH1954,,,,Soda_Fire,RRO,Dwarf,2019,226,NA,NA,110,3-Jan-19,New,Unclean,13.9,AH1954,,,,,
AH1955,,,,Soda_Fire,ROCK,Wyoming,2019,230,NA,NA,113,3-Jan-19,Remnant,Unclean,20.9,AH1955,,,,,
AH1956,,,,Soda_Fire,RGF,Dwarf,2019,231,NA,NA,108,3-Jan-19,New,Unclean,12.3,AH1956,,,,,
AHM20005,,,,Soda_Fire,ROCK,Wyoming,2020,42,NA,NA,103,30-May-20,Remnant,Unclean,24.8,AHM20005,,,,,
AHM20006,,,,Soda_Fire,ROCK,Wyoming,2020,43,NA,NA,103,30-May-20,Remnant,Unclean,14.7,AHM20006,,,,,
AHM20007,,,,Soda_Fire,ROCK,Wyoming,2020,44,NA,NA,103,30-May-20,Remnant,Unclean,15.5,AHM20007,,,,,
AHM20008,,,,Soda_Fire,ROCK,Wyoming,2020,45,NA,NA,103,30-May-20,Remnant,Unclean,33.7,AHM20008,,,,,
AHM20010,,,,Soda_Fire,ROCK,Wyoming,2020,27,NA,NA,103,30-May-20,New,Unclean,17.9,AHM20010,,,,,
AHM20011,,,,Soda_Fire,ROCK,Wyoming,2020,28,NA,NA,103,30-May-20,New,Unclean,19,AHM20011,,,,,
AHM20012,,,,Soda_Fire,ROCK,Wyoming,2020,29,NA,NA,103,30-May-20,New,Unclean,43,AHM20012,,,,,
AHM20013,,,,Soda_Fire,ROCK,Wyoming,2020,30,NA,NA,103,30-May-20,New,Unclean,61.6,AHM20013,,,,,
AHM20014,,,,Soda_Fire,ROCK,Wyoming,2020,31,NA,NA,103,30-May-20,New,Unclean,50.3,AHM20014,,,,,
AHM20015,,,,Soda_Fire,ROCK,Dwarf,2020,47,NA,NA,103,30-May-20,Remnant,Unclean,16,AHM20015,,,,,
AHM20016,,,,Soda_Fire,ROCK,Dwarf,2020,48,NA,NA,103,30-May-20,Remnant,Unclean,27.9,AHM20016,,,,,
AHM20017,,,,Soda_Fire,ROCK,Dwarf,2020,49,NA,NA,103,30-May-20,Remnant,Unclean,33.7,AHM20017,,,,,
AHM20018,,,,Soda_Fire,ROCK,Dwarf,2020,50,NA,NA,103,30-May-20,Remnant,Unclean,36.9,AHM20018,,,,,
AHM20019,,,,Soda_Fire,ROCK,Dwarf,2020,51,NA,NA,103,30-May-20,Remnant,Unclean,21.7,AHM20019,,,,,
AHM20020,,,,Soda_Fire,ROCK,Wyoming,2020,37,NA,NA,103,30-May-20,Remnant_New_Growth,Unclean,32.9,AHM20020,,,,,
AHM20021,,,,Soda_Fire,ROCK,Wyoming,2020,38,NA,NA,103,30-May-20,Remnant_New_Growth,Unclean,52,AHM20021,,,,,
AHM20022,,,,Soda_Fire,ROCK,Wyoming,2020,39,NA,NA,103,30-May-20,Remnant_New_Growth,Unclean,51.7,AHM20022,,,,,
AHM20023,,,,Soda_Fire,ROCK,Wyoming,2020,40,NA,NA,103,30-May-20,Remnant_New_Growth,Unclean,40.8,AHM20023,,,,,
AHM20025,,,,Soda_Fire,ROCK,Dwarf,2020,32,NA,NA,103,30-May-20,New,Unclean,86.3,AHM20025,,,,,
AHM20026,,,,Soda_Fire,ROCK,Dwarf,2020,33,NA,NA,103,30-May-20,New,Unclean,21.2,AHM20026,,,,,
AHM20027,,,,Soda_Fire,ROCK,Dwarf,2020,34,NA,NA,103,30-May-20,New,Unclean,21.8,AHM20027,,,,,
AHM20028,,,,Soda_Fire,ROCK,Dwarf,2020,35,NA,NA,103,30-May-20,New,Unclean,15,AHM20028,,,,,
AHM20029,,,,Soda_Fire,ROCK,Dwarf,2020,36,NA,NA,103,30-May-20,New,Unclean,10.4,AHM20029,,,,,
AHM20030,,,,Soda_Fire,ROCK,Wyoming,2020,62,NA,NA,103H,29-May-20,Remnant,Unclean,62.6,AHM20030,,,,,
AHM20031,,,,Soda_Fire,ROCK,Wyoming,2020,63,NA,NA,103H,29-May-20,Remnant,Unclean,49.2,AHM20031,,,,,
AHM20032,,,,Soda_Fire,ROCK,Wyoming,2020,64,NA,NA,103H,29-May-20,Remnant,Unclean,39.8,AHM20032,,,,,
AHM20033,,,,Soda_Fire,ROCK,Wyoming,2020,65,NA,NA,103H,29-May-20,Remnant,Unclean,28.1,AHM20033,,,,,
AHM20034,,,,Soda_Fire,ROCK,Wyoming,2020,66,NA,NA,103H,29-May-20,Remnant,Unclean,33,AHM20034,,,,,
AHM20035,,,,Soda_Fire,ROCK,Wyoming,2020,57,NA,NA,103H,29-May-20,Remnant_New_Growth,Unclean,63.1,AHM20035,,,,,
AHM20036,,,,Soda_Fire,ROCK,Wyoming,2020,58,NA,NA,103H,29-May-20,Remnant_New_Growth,Unclean,57.5,AHM20036,,,,,
AHM20037,,,,Soda_Fire,ROCK,Wyoming,2020,59,NA,NA,103H,29-May-20,Remnant_New_Growth,Unclean,57.1,AHM20037,,,,,
AHM20038,,,,Soda_Fire,ROCK,Wyoming,2020,60,NA,NA,103H,29-May-20,Remnant_New_Growth,Unclean,54.9,AHM20038,,,,,
AHM20039,,,,Soda_Fire,ROCK,Wyoming,2020,61,NA,NA,103H,29-May-20,Remnant_New_Growth,Unclean,49.6,AHM20039,,,,,
AHM20040,,,,Soda_Fire,ROCK,Wyoming,2020,52,NA,NA,103H,29-May-20,New,Unclean,40.7,AHM20040,,,,,
AHM20041,,,,Soda_Fire,ROCK,Wyoming,2020,53,NA,NA,103H,29-May-20,New,Unclean,44,AHM20041,,,,,
AHM20042,,,,Soda_Fire,ROCK,Wyoming,2020,54,NA,NA,103H,29-May-20,New,Unclean,44.6,AHM20042,,,,,
AHM20043,,,,Soda_Fire,ROCK,Wyoming,2020,55,NA,NA,103H,29-May-20,New,Unclean,50.1,AHM20043,,,,,
AHM20044,,,,Soda_Fire,ROCK,Wyoming,2020,56,NA,NA,103H,29-May-20,New,Unclean,20.2,AHM20044,,,,,
AHM20045,,,,Soda_Fire,ROCK,Dwarf,2020,72,NA,NA,103L,29-May-20,New,Unclean,25.1,AHM20045,,,,,
AHM20046,,,,Soda_Fire,ROCK,Dwarf,2020,73,NA,NA,103L,29-May-20,New,Unclean,30.9,AHM20046,,,,,
AHM20047,,,,Soda_Fire,ROCK,Dwarf,2020,74,NA,NA,103L,29-May-20,New,Unclean,14.2,AHM20047,,,,,
AHM20048,,,,Soda_Fire,ROCK,Dwarf,2020,75,NA,NA,103L,29-May-20,New,Unclean,15.1,AHM20048,,,,,
AHM20049,,,,Soda_Fire,ROCK,Dwarf,2020,76,NA,NA,103L,29-May-20,New,Unclean,24.9,AHM20049,,,,,
AHM20050,,,,Soda_Fire,ROCK,Dwarf,2020,84,NA,NA,103L,29-May-20,Remnant,Unclean,74.2,AHM20050,,,,,
AHM20051,,,,Soda_Fire,ROCK,Dwarf,2020,85,NA,NA,103L,29-May-20,Remnant,Unclean,57.8,AHM20051,,,,,
AHM20052,,,,Soda_Fire,ROCK,Dwarf,2020,86,NA,NA,103L,29-May-20,Remnant,Unclean,51.4,AHM20052,,,,,
AHM20053,,,,Soda_Fire,ROCK,Dwarf,2020,87,NA,NA,103L,29-May-20,Remnant,Unclean,64.6,AHM20053,,,,,
AHM20054,,,,Soda_Fire,ROCK,Dwarf,2020,88,NA,NA,103L,29-May-20,Remnant,Unclean,48.4,AHM20054,,,,,
AHM20055,,,,Soda_Fire,ROCK,Wyoming,2020,67,NA,NA,103L,29-May-20,New,Unclean,18,AHM20055,,,,,
AHM20056,,,,Soda_Fire,ROCK,Wyoming,2020,68,NA,NA,103L,29-May-20,New,Unclean,30,AHM20056,,,,,
AHM20057,,,,Soda_Fire,ROCK,Wyoming,2020,69,NA,NA,103L,29-May-20,New,Unclean,32.5,AHM20057,,,,,
AHM20058,,,,Soda_Fire,ROCK,Wyoming,2020,70,NA,NA,103L,29-May-20,New,Unclean,37.2,AHM20058,,,,,
AHM20059,,,,Soda_Fire,ROCK,Wyoming,2020,71,NA,NA,103L,29-May-20,New,Unclean,25.3,AHM20059,,,,,
AHM20060,,,,Soda_Fire,ROCK,Wyoming,2020,79,NA,NA,103L,29-May-20,Remnant,Unclean,64.5,AHM20060,,,,,
AHM20061,,,,Soda_Fire,ROCK,Wyoming,2020,80,NA,NA,103L,29-May-20,Remnant,Unclean,67,AHM20061,,,,,
AHM20062,,,,Soda_Fire,ROCK,Wyoming,2020,81,NA,NA,103L,29-May-20,Remnant,Unclean,80.8,AHM20062,,,,,
AHM20063,,,,Soda_Fire,ROCK,Wyoming,2020,82,NA,NA,103L,29-May-20,Remnant,Unclean,81.3,AHM20063,,,,,
AHM20064,,,,Soda_Fire,ROCK,Wyoming,2020,83,NA,NA,103L,29-May-20,Remnant,Unclean,86.2,AHM20064,,,,,
AHM20065,,,,Soda_Fire,ROCK,Wyoming,2020,77,NA,NA,103L,29-May-20,Remnant_New_Growth,Unclean,36.4,AHM20065,,,,,
AHM20066,,,,Soda_Fire,ROCK,Wyoming,2020,78,NA,NA,103L,29-May-20,Remnant_New_Growth,Unclean,49.9,AHM20066,,,,,
AHM20092,,,,Soda_Fire,RRO,Dwarf,2020,106,NA,NA,101,28-May-20,Remnant,Unclean,16.5,AHM20092,,,,,
AHM20093,,,,Soda_Fire,RRO,Dwarf,2020,107,NA,NA,101,28-May-20,Remnant,Unclean,14.4,AHM20093,,,,,
AHM20094,,,,Soda_Fire,RRO,Dwarf,2020,108,NA,NA,101,28-May-20,Remnant,Unclean,33.7,AHM20094,,,,,
AHM20095,,,,Soda_Fire,RRO,Dwarf,2020,109,NA,NA,101,28-May-20,Remnant,Unclean,36,AHM20095,,,,,
AHM20096,,,,Soda_Fire,RRO,Dwarf,2020,110,NA,NA,101,28-May-20,Remnant,Unclean,59.9,AHM20096,,,,,
AHM20097,,,,Soda_Fire,RRO,Wyoming,2020,89,NA,NA,101,28-May-20,New,Unclean,30.8,AHM20097,,,,,
AHM20098,,,,Soda_Fire,RRO,Dwarf,2020,94,NA,NA,101,28-May-20,New,Unclean,42,AHM20098,,,,,
AHM20099,,,,Soda_Fire,RRO,Wyoming,2020,90,NA,NA,101,28-May-20,New,Unclean,44.6,AHM20099,,,,,
AHM20100,,,,Soda_Fire,RRO,Wyoming,2020,91,NA,NA,101,28-May-20,New,Unclean,64.5,AHM20100,,,,,
AHM20101,,,,Soda_Fire,RRO,Wyoming,2020,92,NA,NA,101,28-May-20,New,Unclean,77.8,AHM20101,,,,,
AHM20102,,,,Soda_Fire,RRO,Wyoming,2020,93,NA,NA,101,28-May-20,New,Unclean,74.7,AHM20102,,,,,
AHM20103,,,,Soda_Fire,RRO,Dwarf,2020,95,NA,NA,101,28-May-20,New,Unclean,74.8,AHM20103,,,,,
AHM20104,,,,Soda_Fire,RRO,Dwarf,2020,96,NA,NA,101,28-May-20,New,Unclean,75.8,AHM20104,,,,,
AHM20105,,,,Soda_Fire,RRO,Dwarf,2020,97,NA,NA,101,28-May-20,New,Unclean,63.8,AHM20105,,,,,
AHM20106,,,,Soda_Fire,RRO,Dwarf,2020,98,NA,NA,101,28-May-20,New,Unclean,57.4,AHM20106,,,,,
AHM20107,,,,Soda_Fire,RRO,Wyoming,2020,99,NA,NA,101,28-May-20,Remnant_New_Growth,Unclean,73,AHM20107,,,,,
AHM20108,,,,Soda_Fire,RRO,Wyoming,2020,104,NA,NA,101,28-May-20,Remnant,Unclean,29.8,AHM20108,,,,,
AHM20109,,,,Soda_Fire,RRO,Wyoming,2020,105,NA,NA,101,28-May-20,Remnant,Unclean,35.8,AHM20109,,,,,
AHM20110,,,,Soda_Fire,RRO,Wyoming,2020,100,NA,NA,101,28-May-20,Remnant_New_Growth,Unclean,63.9,AHM20110,,,,,
AHM20111,,,,Soda_Fire,RRO,Wyoming,2020,101,NA,NA,101,28-May-20,Remnant_New_Growth,Unclean,67.9,AHM20111,,,,,
AHM20112,,,,Soda_Fire,RRO,Wyoming,2020,102,NA,NA,101,28-May-20,Remnant_New_Growth,Unclean,42.2,AHM20112,,,,,
AHM20113,,,,Soda_Fire,RRO,Wyoming,2020,103,NA,NA,101,28-May-20,Remnant_New_Growth,Unclean,15.3,AHM20113,,,,,
AHM20114,,,,Soda_Fire,RRO,Wyoming,2020,121,NA,NA,101H,25-May-20,Remnant_New_Growth,Unclean,77.7,AHM20114,,,,,
AHM20115,,,,Soda_Fire,RRO,Wyoming,2020,122,NA,NA,101H,25-May-20,Remnant_New_Growth,Unclean,77.8,AHM20115,,,,,
AHM20116,,,,Soda_Fire,RRO,Wyoming,2020,123,NA,NA,101H,25-May-20,Remnant_New_Growth,Unclean,71.9,AHM20116,,,,,
AHM20117,,,,Soda_Fire,RRO,Wyoming,2020,124,NA,NA,101H,25-May-20,Remnant_New_Growth,Unclean,103.6,AHM20117,,,,,
AHM20118,,,,Soda_Fire,RRO,Wyoming,2020,125,NA,NA,101H,25-May-20,Remnant_New_Growth,Unclean,88.4,AHM20118,,,,,
AHM20119,,,,Soda_Fire,RRO,Wyoming,2020,126,NA,NA,101H,25-May-20,Remnant,Unclean,46.8,AHM20119,,,,,
AHM20120,,,,Soda_Fire,RRO,Wyoming,2020,127,NA,NA,101H,25-May-20,Remnant,Unclean,73.8,AHM20120,,,,,
AHM20121,,,,Soda_Fire,RRO,Wyoming,2020,128,NA,NA,101H,25-May-20,Remnant,Unclean,80.6,AHM20121,,,,,
AHM20122,,,,Soda_Fire,RRO,Wyoming,2020,129,NA,NA,101H,25-May-20,Remnant,Unclean,70.9,AHM20122,,,,,
AHM20123,,,,Soda_Fire,RRO,Wyoming,2020,130,NA,NA,101H,25-May-20,Remnant,Unclean,72.9,AHM20123,,,,,
AHM20124,,,,Soda_Fire,RRO,Dwarf,2020,116,NA,NA,101H,25-May-20,New,Unclean,107.9,AHM20124,,,,,
AHM20125,,,,Soda_Fire,RRO,Dwarf,2020,117,NA,NA,101H,25-May-20,New,Unclean,76.7,AHM20125,,,,,
AHM20126,,,,Soda_Fire,RRO,Dwarf,2020,118,NA,NA,101H,25-May-20,New,Unclean,53.4,AHM20126,,,,,
AHM20127,,,,Soda_Fire,RRO,Dwarf,2020,119,NA,NA,101H,25-May-20,New,Unclean,63.8,AHM20127,,,,,
AHM20128,,,,Soda_Fire,RRO,Dwarf,2020,120,NA,NA,101H,25-May-20,New,Unclean,62.7,AHM20128,,,,,
AHM20129,,,,Soda_Fire,RRO,Wyoming,2020,111,NA,NA,101H,25-May-20,New,Unclean,51.9,AHM20129,,,,,
AHM20130,,,,Soda_Fire,RRO,Wyoming,2020,112,NA,NA,101H,25-May-20,New,Unclean,75.1,AHM20130,,,,,
AHM20131,,,,Soda_Fire,RRO,Wyoming,2020,113,NA,NA,101H,25-May-20,New,Unclean,58.6,AHM20131,,,,,
AHM20132,,,,Soda_Fire,RRO,Wyoming,2020,114,NA,NA,101H,25-May-20,New,Unclean,71.7,AHM20132,,,,,
AHM20133,,,,Soda_Fire,RRO,Wyoming,2020,115,NA,NA,101H,25-May-20,New,Unclean,95.4,AHM20133,,,,,
AHM20134,,,,Soda_Fire,RRO,Wyoming,2020,131,NA,NA,101L,28-May-20,New,Unclean,90.6,AHM20134,,,,,
AHM20135,,,,Soda_Fire,RRO,Wyoming,2020,132,NA,NA,101L,28-May-20,New,Unclean,75,AHM20135,,,,,
AHM20136,,,,Soda_Fire,RRO,Dwarf,2020,136,NA,NA,101L,28-May-20,New,Unclean,49.3,AHM20136,,,,,
AHM20137,,,,Soda_Fire,RRO,Wyoming,2020,137,NA,NA,101L,28-May-20,Remnant_New_Growth,Unclean,67.6,AHM20137,,,,,
AHM20138,,,,Soda_Fire,RRO,Wyoming,2020,133,NA,NA,101L,28-May-20,New,Unclean,77.5,AHM20138,,,,,
AHM20139,,,,Soda_Fire,RRO,Wyoming,2020,134,NA,NA,101L,28-May-20,New,Unclean,54.9,AHM20139,,,,,
AHM20140,,,,Soda_Fire,RRO,Dwarf,2020,145,NA,NA,101L,28-May-20,Remnant,Unclean,62.8,AHM20140,,,,,
AHM20141,,,,Soda_Fire,RRO,Wyoming,2020,142,NA,NA,101L,28-May-20,Remnant,Unclean,49.3,AHM20141,,,,,
AHM20142,,,,Soda_Fire,RRO,Wyoming,2020,143,NA,NA,101L,28-May-20,Remnant,Unclean,67.2,AHM20142,,,,,
AHM20143,,,,Soda_Fire,RRO,Wyoming,2020,144,NA,NA,101L,28-May-20,Remnant,Unclean,61.3,AHM20143,,,,,
AHM20144,,,,Soda_Fire,RRO,Dwarf,2020,146,NA,NA,101L,28-May-20,Remnant,Unclean,59.9,AHM20144,,,,,
AHM20145,,,,Soda_Fire,RRO,Wyoming,2020,138,NA,NA,101L,28-May-20,Remnant_New_Growth,Unclean,79.5,AHM20145,,,,,
AHM20146,,,,Soda_Fire,RRO,Wyoming,2020,139,NA,NA,101L,28-May-20,Remnant_New_Growth,Unclean,49.5,AHM20146,,,,,
AHM20147,,,,Soda_Fire,RRO,Wyoming,2020,135,NA,NA,101L,28-May-20,New,Unclean,40,AHM20147,,,,,
AHM20148,,,,Soda_Fire,RRO,Wyoming,2020,140,NA,NA,101L,28-May-20,Remnant_New_Growth,Unclean,71.2,AHM20148,,,,,
AHM20149,,,,Soda_Fire,RRO,Wyoming,2020,141,NA,NA,101L,28-May-20,Remnant_New_Growth,Unclean,78,AHM20149,,,,,
AHM20150,,,,Soda_Fire,RGF,Dwarf,2020,161,NA,NA,105,29-May-20,Remnant,Unclean,77.7,AHM20150,,,,,
AHM20151,,,,Soda_Fire,RGF,Dwarf,2020,162,NA,NA,105,29-May-20,Remnant,Unclean,70.8,AHM20151,,,,,
AHM20152,,,,Soda_Fire,RGF,Dwarf,2020,163,NA,NA,105,29-May-20,Remnant,Unclean,30.7,AHM20152,,,,,
AHM20153,,,,Soda_Fire,RGF,Dwarf,2020,164,NA,NA,105,29-May-20,Remnant,Unclean,83.9,AHM20153,,,,,
AHM20154,,,,Soda_Fire,RGF,Dwarf,2020,165,NA,NA,105,29-May-20,Remnant,Unclean,68.9,AHM20154,,,,,
AHM20155,,,,Soda_Fire,RGF,Wyoming,2020,156,NA,NA,105,29-May-20,Remnant,Unclean,82.3,AHM20155,,,,,
AHM20156,,,,Soda_Fire,RGF,Wyoming,2020,157,NA,NA,105,29-May-20,Remnant,Unclean,123.2,AHM20156,,,,,
AHM20157,,,,Soda_Fire,RGF,Wyoming,2020,158,NA,NA,105,29-May-20,Remnant,Unclean,60.4,AHM20157,,,,,
AHM20158,,,,Soda_Fire,RGF,Wyoming,2020,159,NA,NA,105,29-May-20,Remnant,Unclean,47.2,AHM20158,,,,,
AHM20159,,,,Soda_Fire,RGF,Wyoming,2020,160,NA,NA,105,29-May-20,Remnant,Unclean,62.5,AHM20159,,,,,
AHM20160,,,,Soda_Fire,RGF,Wyoming,2020,147,NA,NA,105,29-May-20,New,Unclean,59.5,AHM20160,,,,,
AHM20161,,,,Soda_Fire,RGF,Wyoming,2020,148,NA,NA,105,29-May-20,New,Unclean,80.7,AHM20161,,,,,
AHM20162,,,,Soda_Fire,RGF,Wyoming,2020,149,NA,NA,105,29-May-20,New,Unclean,49.6,AHM20162,,,,,
AHM20163,,,,Soda_Fire,RGF,Wyoming,2020,150,NA,NA,105,29-May-20,New,Unclean,69.5,AHM20163,,,,,
AHM20164,,,,Soda_Fire,RGF,Dwarf,2020,151,NA,NA,105,29-May-20,New,Unclean,60.7,AHM20164,,,,,
AHM20165,,,,Soda_Fire,RGF,Dwarf,2020,152,NA,NA,105,29-May-20,New,Unclean,82.7,AHM20165,,,,,
AHM20166,,,,Soda_Fire,RGF,Dwarf,2020,153,NA,NA,105,29-May-20,New,Unclean,69.7,AHM20166,,,,,
AHM20167,,,,Soda_Fire,RGF,Dwarf,2020,154,NA,NA,105,29-May-20,New,Unclean,84,AHM20167,,,,,
AHM20168,,,,Soda_Fire,RGF,Dwarf,2020,155,NA,NA,105,29-May-20,New,Unclean,108.6,AHM20168,,,,,
AHM20185,,,,Soda_Fire,RGF,Wyoming,2020,196,NA,NA,105H,28-May-20,Remnant_New_Growth,Unclean,44.3,AHM20185,,,,,
AHM20186,,,,Soda_Fire,RGF,Wyoming,2020,197,NA,NA,105H,28-May-20,Remnant_New_Growth,Unclean,58.6,AHM20186,,,,,
AHM20187,,,,Soda_Fire,RGF,Wyoming,2020,188,NA,NA,105H,28-May-20,New,Unclean,41.1,AHM20187,,,,,
AHM20188,,,,Soda_Fire,RGF,Wyoming,2020,189,NA,NA,105H,28-May-20,New,Unclean,15.7,AHM20188,,,,,
AHM20189,,,,Soda_Fire,RGF,Wyoming,2020,190,NA,NA,105H,28-May-20,New,Unclean,31.9,AHM20189,,,,,
AHM20190,,,,Soda_Fire,RGF,Wyoming,2020,191,NA,NA,105H,28-May-20,New,Unclean,41.9,AHM20190,,,,,
AHM20191,,,,Soda_Fire,RGF,Wyoming,2020,192,NA,NA,105H,28-May-20,New,Unclean,50.4,AHM20191,,,,,
AHM20192,,,,Soda_Fire,RGF,Dwarf,2020,193,NA,NA,105H,28-May-20,New,Unclean,39.6,AHM20192,,,,,
AHM20193,,,,Soda_Fire,RGF,Dwarf,2020,194,NA,NA,105H,28-May-20,New,Unclean,71.9,AHM20193,,,,,
AHM20194,,,,Soda_Fire,RGF,Dwarf,2020,195,NA,NA,105H,28-May-20,New,Unclean,39.9,AHM20194,,,,,
AHM20195,,,,Soda_Fire,RGF,Wyoming,2020,198,NA,NA,105H,28-May-20,Remnant,Unclean,53.3,AHM20195,,,,,
AHM20196,,,,Soda_Fire,RGF,Wyoming,2020,199,NA,NA,105H,28-May-20,Remnant,Unclean,65.1,AHM20196,,,,,
AHM20197,,,,Soda_Fire,RGF,Wyoming,2020,200,NA,NA,105H,28-May-20,Remnant,Unclean,48.3,AHM20197,,,,,
AHM20198,,,,Soda_Fire,RGF,Wyoming,2020,201,NA,NA,105H,28-May-20,Remnant,Unclean,55.1,AHM20198,,,,,
AHM20199,,,,Soda_Fire,RGF,Wyoming,2020,202,NA,NA,105H,28-May-20,Remnant,Unclean,61.5,AHM20199,,,,,
AHM20200,,,,Soda_Fire,RGF,Wyoming,2020,181,NA,NA,100H,28-May-20,Remnant,Unclean,35.5,AHM20200,,,,,
AHM20201,,,,Soda_Fire,RGF,Wyoming,2020,182,NA,NA,100H,28-May-20,Remnant,Unclean,33.4,AHM20201,,,,,
AHM20202,,,,Soda_Fire,RGF,Wyoming,2020,183,NA,NA,100H,28-May-20,Remnant,Unclean,45.1,AHM20202,,,,,
AHM20203,,,,Soda_Fire,RGF,Wyoming,2020,184,NA,NA,100H,28-May-20,Remnant,Unclean,45.3,AHM20203,,,,,
AHM20204,,,,Soda_Fire,RGF,Wyoming,2020,185,NA,NA,100H,28-May-20,Remnant,Unclean,11.7,AHM20204,,,,,
AHM20205,,,,Soda_Fire,RGF,Wyoming,2020,166,NA,NA,100H,28-May-20,New,Unclean,38.4,AHM20205,,,,,
AHM20206,,,,Soda_Fire,RGF,Wyoming,2020,167,NA,NA,100H,28-May-20,New,Unclean,40.4,AHM20206,,,,,
AHM20207,,,,Soda_Fire,RGF,Wyoming,2020,168,NA,NA,100H,28-May-20,New,Unclean,45.7,AHM20207,,,,,
AHM20208,,,,Soda_Fire,RGF,Wyoming,2020,169,NA,NA,100H,28-May-20,New,Unclean,57.5,AHM20208,,,,,
AHM20209,,,,Soda_Fire,RGF,Wyoming,2020,170,NA,NA,100H,28-May-20,New,Unclean,58.7,AHM20209,,,,,
AHM20210,,,,Soda_Fire,RGF,Wyoming,2020,176,NA,NA,100H,28-May-20,Remnant_New_Growth,Unclean,27.9,AHM20210,,,,,
AHM20211,,,,Soda_Fire,RGF,Wyoming,2020,177,NA,NA,100H,28-May-20,Remnant_New_Growth,Unclean,26.4,AHM20211,,,,,
AHM20212,,,,Soda_Fire,RGF,Wyoming,2020,178,NA,NA,100H,28-May-20,Remnant_New_Growth,Unclean,15.7,AHM20212,,,,,
AHM20213,,,,Soda_Fire,RGF,Wyoming,2020,179,NA,NA,100H,28-May-20,Remnant_New_Growth,Unclean,19.8,AHM20213,,,,,
AHM20214,,,,Soda_Fire,RGF,Wyoming,2020,180,NA,NA,100H,28-May-20,Remnant_New_Growth,Unclean,86.8,AHM20214,,,,,
AHM20215,,,,Soda_Fire,RGF,Dwarf,2020,171,NA,NA,100H,28-May-20,New,Unclean,39.7,AHM20215,,,,,
AHM20216,,,,Soda_Fire,RGF,Dwarf,2020,172,NA,NA,100H,28-May-20,New,Unclean,62.2,AHM20216,,,,,
AHM20217,,,,Soda_Fire,RGF,Dwarf,2020,173,NA,NA,100H,28-May-20,New,Unclean,22,AHM20217,,,,,
AHM20218,,,,Soda_Fire,RGF,Dwarf,2020,174,NA,NA,100H,28-May-20,New,Unclean,55.2,AHM20218,,,,,
AHM20219,,,,Soda_Fire,RGF,Dwarf,2020,175,NA,NA,100H,28-May-20,New,Unclean,26.1,AHM20219,,,,,
AHM20220,,,,Soda_Fire,RGF,Dwarf,2020,186,NA,NA,100H,28-May-20,Remnant,Unclean,38.9,AHM20220,,,,,
AHM20221,,,,Soda_Fire,RGF,Dwarf,2020,187,NA,NA,100H,28-May-20,Remnant,Unclean,69.7,AHM20221,,,,,
AZT.1.10_2012,FALSE,423,A,OCG,AZ,T,2012,AZT.1.10,4n,T_4n,NA,NA,NA,NA,156.2,AZT.1.10_2012,AZT-1,Desert View,35.91738,-111.77287,1898
AZT.1.3_2012,TRUE,159,A,OCG,AZ,T,2012,AZT.1.3,4n,T_4n,NA,NA,NA,NA,,AZT.1.3_2012,AZT-1,Desert View,35.91738,-111.77287,1898
AZT.1.3_2021,TRUE,159,,OCG,AZ,T,2021,AZT.1.3,4n,T_4n,NA,NA,NA,NA,158.8,AZT.1.3_2021,AZT-1,Desert View,35.91738,-111.77287,1898
AZT.1.7_2012,TRUE,211,A,OCG,AZ,T,2012,AZT.1.7,4n,T_4n,NA,NA,NA,NA,26.1,AZT.1.7_2012,AZT-1,Desert View,35.91738,-111.77287,1898
AZT.1.7_2021,TRUE,211,,OCG,AZ,T,2021,AZT.1.7,4n,T_4n,NA,NA,NA,NA,15.3,AZT.1.7_2021,AZT-1,Desert View,35.91738,-111.77287,1898
AZTW.1.5_2012,TRUE,54,A,OCG,AZ,T,2012,AZTW.1.5,4n,T_4n,NA,NA,NA,NA,37.6,AZTW.1.5_2012,AZW-1,Williams,35.82478,-112.13125,1914
AZTW.1.5_2021,TRUE,54,,OCG,AZ,T,2021,AZTW.1.5,4n,T_4n,NA,NA,NA,NA,38.4,AZTW.1.5_2021,AZW-1,Williams,35.82478,-112.13125,1914
AZTW.1.7_2012,TRUE,300,A,OCG,AZ,T,2012,AZTW.1.7,4n,T_4n,NA,NA,NA,NA,11.3,AZTW.1.7_2012,AZW-1,Williams,35.82478,-112.13125,1914
AZTW.1.7_2021,TRUE,300,A,OCG,AZ,T,2021,AZTW.1.7,4n,T_4n,NA,NA,NA,NA,72.3,AZTW.1.7_2021,AZW-1,Williams,35.82478,-112.13125,1914
AZTW.1.8_2012,TRUE,229,A,OCG,AZ,T,2012,AZTW.1.8,4n,T_4n,NA,NA,NA,NA,27.7,AZTW.1.8_2012,AZW-1,Williams,35.82478,-112.13125,1914
AZTW.1.8_2021,TRUE,229,,OCG,AZ,T,2021,AZTW.1.8,4n,T_4n,NA,NA,NA,NA,41.6,AZTW.1.8_2021,AZW-1,Williams,35.82478,-112.13125,1914
CAT.1.1_2012,TRUE,388,A,OCG,CA,T,2012,CAT.1.1,2n,T_2n,NA,NA,NA,NA,78.6,CAT.1.1_2012,CAT-1,Smoke Creek,40.5414,-119.9194,1213
CAT.1.1_2021,TRUE,388,,OCG,CA,T,2021,CAT.1.1,2n,T_2n,NA,NA,NA,NA,73.4,CAT.1.1_2021,CAT-1,Smoke Creek,40.5414,-119.9194,1213
CAT.1.5_2012,TRUE,225,A,OCG,CA,T,2012,CAT.1.5,2n,T_2n,NA,NA,NA,NA,38.5,CAT.1.5_2012,CAT-1,Smoke Creek,40.5414,-119.9194,1213
CAT.1.5_2021,TRUE,225,,OCG,CA,T,2021,CAT.1.5,2n,T_2n,NA,NA,NA,NA,77.5,CAT.1.5_2021,CAT-1,Smoke Creek,40.5414,-119.9194,1213
CAT.2.4_2012,TRUE,466,A,OCG,CA,T,2012,CAT.2.4,2n,T_2n,NA,NA,NA,NA,57.2,CAT.2.4_2012,CAT-2,Benton B,37.7973,-118.5704,1974
CAT.2.4_2021,TRUE,466,,OCG,CA,T,2021,CAT.2.4,2n,T_2n,NA,NA,NA,NA,90.2,CAT.2.4_2021,CAT-2,Benton B,37.7973,-118.5704,1974
CAT.2.7_2012,FALSE,47,D,OCG,CA,T,2012,CAT.2.7,2n,T_2n,NA,NA,NA,NA,22.9,CAT.2.7_2012,CAT-2,Benton B,37.7973,-118.5704,1974
CAT.2.9_2012v1,TRUE,311,A,OCG,CA,T,2012,CAT.2.9,2n,T_2n,NA,NA,NA,NA,13.5,CAT.2.9_2012,CAT-2,Benton B,37.7973,-118.5704,1974
CAT.2.9_2012v2,TRUE,311,A,OCG,CA,T,2012,CAT.2.9,2n,T_2n,NA,NA,NA,NA,15.8,CAT.2.9_2012,CAT-2,Benton B,37.7973,-118.5704,1974
CAT.2.9_2021,TRUE,311,,OCG,CA,T,2021,CAT.2.9,2n,T_2n,NA,NA,NA,NA,56.6,CAT.2.9_2021,CAT-2,Benton B,37.7973,-118.5704,1974
CAV.1.10_2012,FALSE,48,D,OCG,CA,V,2012,CAV.1.10,2n,V_2n,NA,NA,NA,NA,22.2,CAV.1.10_2012,CAV-1,Jack's Valley,40.5049,-120.5617,1535
CAV.1.4_2012,FALSE,130,D,OCG,CA,V,2012,CAV.1.4,2n,V_2n,NA,NA,NA,NA,24.9,CAV.1.4_2012,CAV-1,Jack's Valley,40.5049,-120.5617,1535
CAV.1.6_2012,FALSE,217,D,OCG,CA,V,2012,CAV.1.6,2n,V_2n,NA,NA,NA,NA,24.9,CAV.1.6_2012,CAV-1,Jack's Valley,40.5049,-120.5617,1535
CAV.1.7_2012,FALSE,401,D,OCG,CA,V,2012,CAV.1.7,2n,V_2n,NA,NA,NA,NA,19.8,CAV.1.7_2012,CAV-1,Jack's Valley,40.5049,-120.5617,1535
CAV.1.9_2012,FALSE,128,D,OCG,CA,V,2012,CAV.1.9,2n,V_2n,NA,NA,NA,NA,22.3,CAV.1.9_2012,CAV-1,Jack's Valley,40.5049,-120.5617,1535
CAV.2.10_2012,FALSE,121,D,OCG,CA,V,2012,CAV.2.10,2n,V_2n,NA,NA,NA,NA,19.9,CAV.2.10_2012,CAV-2,Benton V,37.7234,-118.5926,2330
CAV.2.6_2012,FALSE,458,D,OCG,CA,V,2012,CAV.2.6,2n,V_2n,NA,NA,NA,NA,25.9,CAV.2.6_2012,CAV-2,Benton V,37.7234,-118.5926,2330
CAV.2.7_2012v1,FALSE,265,D,OCG,CA,V,2012,CAV.2.7,2n,V_2n,NA,NA,NA,NA,25.9,CAV.2.7_2012,CAV-2,Benton V,37.7234,-118.5926,2330
CAV.2.7_2012v2,FALSE,265,D,OCG,CA,V,2012,CAV.2.7,2n,V_2n,NA,NA,NA,NA,23,CAV.2.7_2012,CAV-2,Benton V,37.7234,-118.5926,2330
CAV.3.6_2012,FALSE,126,D,OCG,CA,V,2012,CAV.3.6,4n,V_4n,NA,NA,NA,NA,18.5,CAV.3.6_2012,CAV-3,Jucamba,32.6458,-116.1864,827
CAV.4.1_2012,FALSE,293,D,OCG,CA,V,2012,CAV.4.1,4n,V_4n,NA,NA,NA,NA,20.8,CAV.4.1_2012,CAV-4,Tejon Pass,34.8251,-118.8724,1120
CAV.4.4_2012,FALSE,132,D,OCG,CA,V,2012,CAV.4.4,4n,V_4n,NA,NA,NA,NA,14.9,CAV.4.4_2012,CAV-4,Tejon Pass,34.8251,-118.8724,1120
CAVW.3.1_2012,FALSE,43,D,OCG,CA,V,2012,CAVW.3.1,2n,V_2n,NA,NA,NA,NA,14.1,CAVW.3.1_2012,CAW-3,Fredonyer Peak,40.6328,-120.6064,1884
CAVW.3.5_2012,FALSE,177,D,OCG,CA,V,2012,CAVW.3.5,2n,V_2n,NA,NA,NA,NA,28,CAVW.3.5_2012,CAW-3,Fredonyer Peak,40.6328,-120.6064,1884
CAVW.3.8_2012,FALSE,358,D,OCG,CA,V,2012,CAVW.3.8,2n,V_2n,NA,NA,NA,NA,16.8,CAVW.3.8_2012,CAW-3,Fredonyer Peak,40.6328,-120.6064,1884
COVW.2.2_2012,TRUE,131,A,OCG,CO,V,2012,COVW.2.2,4n,V_4n,NA,NA,NA,NA,11.8,COVW.2.2_2012,COW-2,Meeker,40.1813,-108.4555,1788
COVW.2.2_2021,TRUE,131,,OCG,CO,V,2021,COVW.2.2,4n,V_4n,NA,NA,NA,NA,49.1,COVW.2.2_2021,COW-2,Meeker,40.1813,-108.4555,1788
COVW.2.3_2012,TRUE,72,A,OCG,CO,V,2012,COVW.2.3,4n,V_4n,NA,NA,NA,NA,19.7,COVW.2.3_2012,COW-2,Meeker,40.1813,-108.4555,1788
COVW.2.3_2021,TRUE,72,,OCG,CO,V,2021,COVW.2.3,4n,V_4n,NA,NA,NA,NA,101.3,COVW.2.3_2021,COW-2,Meeker,40.1813,-108.4555,1788
COVW.2.4_2012,FALSE,261,D,OCG,CO,V,2012,COVW.2.4,4n,V_4n,NA,NA,NA,NA,23.7,COVW.2.4_2012,COW-2,Meeker,40.1813,-108.4555,1788
COVW.2.6_2012,FALSE,224,D,OCG,CO,V,2012,COVW.2.6,4n,V_4n,NA,NA,NA,NA,22.8,COVW.2.6_2012,COW-2,Meeker,40.1813,-108.4555,1788
COVW.2.7_2012,TRUE,379,A,OCG,CO,V,2012,COVW.2.7,4n,V_4n,NA,NA,NA,NA,17.4,COVW.2.7_2012,COW-2,Meeker,40.1813,-108.4555,1788
COVW.2.7_2021,TRUE,379,,OCG,CO,V,2021,COVW.2.7,4n,V_4n,NA,NA,NA,NA,60.7,COVW.2.7_2021,COW-2,Meeker,40.1813,-108.4555,1788
COW.1.2_2012,TRUE,252,A,OCG,CO,W,2012,COW.1.2,4n,W_4n,NA,NA,NA,NA,,COW.1.2_2012,COW-1,Rifle A,39.6127,-107.81,1790
COW.1.2_2021,TRUE,252,,OCG,CO,W,2021,COW.1.2,4n,W_4n,NA,NA,NA,NA,51.6,COW.1.2_2021,COW-1,Rifle A,39.6127,-107.81,1790
COW.1.8_2012,FALSE,138,D,OCG,CO,W,2012,COW.1.8,4n,W_4n,NA,NA,NA,NA,13.7,COW.1.8_2012,COW-1,Rifle A,39.6127,-107.81,1790
IDT.1.10_2012,TRUE,218,A,OCG,ID,T,2012,IDT.1.10,2n,T_2n,NA,NA,NA,NA,20.2,IDT.1.10_2012,IDT-1,Old Oregon Trail Rd,43.09619,-115.65692,949
IDT.1.10_2021,TRUE,218,,OCG,ID,T,2021,IDT.1.10,2n,T_2n,NA,NA,NA,NA,62.2,IDT.1.10_2021,IDT-1,Old Oregon Trail Rd,43.09619,-115.65692,949
IDT.1.2_2012,TRUE,269,A,OCG,ID,T,2012,IDT.1.2,2n,T_2n,NA,NA,NA,NA,34.8,IDT.1.2_2012,IDT-1,Old Oregon Trail Rd,43.09619,-115.65692,949
IDT.1.2_2021,TRUE,269,,OCG,ID,T,2021,IDT.1.2,2n,T_2n,NA,NA,NA,NA,59.4,IDT.1.2_2021,IDT-1,Old Oregon Trail Rd,43.09619,-115.65692,949
IDT.1.3_2012,TRUE,328,A,OCG,ID,T,2012,IDT.1.3,2n,T_2n,NA,NA,NA,NA,57.8,IDT.1.3_2012,IDT-1,Old Oregon Trail Rd,43.09619,-115.65692,949
IDT.1.3_2021,TRUE,328,,OCG,ID,T,2021,IDT.1.3,2n,T_2n,NA,NA,NA,NA,75.4,IDT.1.3_2021,IDT-1,Old Oregon Trail Rd,43.09619,-115.65692,949
IDT.1.4_2012,FALSE,429,A,OCG,ID,T,2012,IDT.1.4,2n,T_2n,NA,NA,NA,NA,30.2,IDT.1.4_2012,IDT-1,Old Oregon Trail Rd,43.09619,-115.65692,949
IDT.1.6_2012,TRUE,322,A,OCG,ID,T,2012,IDT.1.6,2n,T_2n,NA,NA,NA,NA,61.9,IDT.1.6_2012,IDT-1,Old Oregon Trail Rd,43.09619,-115.65692,949
IDT.1.6_2021,TRUE,322,,OCG,ID,T,2021,IDT.1.6,2n,T_2n,NA,NA,NA,NA,60,IDT.1.6_2021,IDT-1,Old Oregon Trail Rd,43.09619,-115.65692,949
IDT.2.4_2012,TRUE,273,A,OCG,ID,T,2012,IDT.2.4,2n,T_2n,NA,NA,NA,NA,47.8,IDT.2.4_2012,IDT-2,Orchard,43.33708,-116.00814,939
IDT.2.4_2021,TRUE,273,,OCG,ID,T,2021,IDT.2.4,2n,T_2n,NA,NA,NA,NA,,IDT.2.4_2021,IDT-2,Orchard,43.33708,-116.00814,939
IDT.3.3_2012,FALSE,230,D,OCG,ID,T,2012,IDT.3.3,2n,T_2n,NA,NA,NA,NA,14.6,IDT.3.3_2012,IDT-3,Hwy 95 hilltop,43.3366,-116.9641,1358
IDT.3.5_2012,TRUE,199,A,OCG,ID,T,2012,IDT.3.5,2n,T_2n,NA,NA,NA,NA,46.4,IDT.3.5_2012,IDT-3,Hwy 95 hilltop,43.3366,-116.9641,1358
IDT.3.5_2021,TRUE,199,,OCG,ID,T,2021,IDT.3.5,2n,T_2n,NA,NA,NA,NA,67.1,IDT.3.5_2021,IDT-3,Hwy 95 hilltop,43.3366,-116.9641,1358
IDT.3.9_2012,TRUE,441,A,OCG,ID,T,2012,IDT.3.9,2n,T_2n,NA,NA,NA,NA,114.4,IDT.3.9_2012,IDT-3,Hwy 95 hilltop,43.3366,-116.9641,1358
IDT.3.9_2021,TRUE,441,,OCG,ID,T,2021,IDT.3.9,2n,T_2n,NA,NA,NA,NA,116.9,IDT.3.9_2021,IDT-3,Hwy 95 hilltop,43.3366,-116.9641,1358
IDV.2.7_2012,FALSE,120,D,OCG,ID,V,2012,IDV.2.7,2n,V_2n,NA,NA,NA,NA,26.7,IDV.2.7_2012,IDV-2,Dunnigan Cr,43.6776,-115.9738,1003
IDV.2.8_2012,FALSE,377,D,OCG,ID,V,2012,IDV.2.8,2n,V_2n,NA,NA,NA,NA,26.3,IDV.2.8_2012,IDV-2,Dunnigan Cr,43.6776,-115.9738,1003
IDV.3.4_2012,FALSE,459,D,OCG,ID,V,2012,IDV.3.4,2n,V_2n,NA,NA,NA,NA,19.2,IDV.3.4_2012,IDV-3,Stanley,44.259,-114.6402,1766
IDV.3.5_2012,FALSE,320,D,OCG,ID,V,2012,IDV.3.5,2n,V_2n,NA,NA,NA,NA,18.5,IDV.3.5_2012,IDV-3,Stanley,44.259,-114.6402,1766
IDV.3.7_2012,FALSE,111,D,OCG,ID,V,2012,IDV.3.7,2n,V_2n,NA,NA,NA,NA,25.5,IDV.3.7_2012,IDV-3,Stanley,44.259,-114.6402,1766
IDV.3.8_2012,FALSE,209,D,OCG,ID,V,2012,IDV.3.8,2n,V_2n,NA,NA,NA,NA,20.4,IDV.3.8_2012,IDV-3,Stanley,44.259,-114.6402,1766
IDV.5.1_2012,FALSE,185,D,OCG,ID,V,2012,IDV.5.1,2n,V_2n,NA,NA,NA,NA,24,IDV.5.1_2012,IDV-5,Pearl Rd,43.8385,-116.2559,1309
IDV.5.10_2012,FALSE,266,D,OCG,ID,V,2012,IDV.5.10,2n,V_2n,NA,NA,NA,NA,25,IDV.5.10_2012,IDV-5,Pearl Rd,43.8385,-116.2559,1309
IDV.5.2_2012,FALSE,339,D,OCG,ID,V,2012,IDV.5.2,2n,V_2n,NA,NA,NA,NA,21.7,IDV.5.2_2012,IDV-5,Pearl Rd,43.8385,-116.2559,1309
IDV.5.7_2012,FALSE,456,D,OCG,ID,V,2012,IDV.5.7,2n,V_2n,NA,NA,NA,NA,17.6,IDV.5.7_2012,IDV-5,Pearl Rd,43.8385,-116.2559,1309
IDV.5.8_2012,FALSE,102,A,OCG,ID,V,2012,IDV.5.8,2n,V_2n,NA,NA,NA,NA,24.9,IDV.5.8_2012,IDV-5,Pearl Rd,43.8385,-116.2559,1309
IDV.5.9_2012,FALSE,193,D,OCG,ID,V,2012,IDV.5.9,2n,V_2n,NA,NA,NA,NA,24.7,IDV.5.9_2012,IDV-5,Pearl Rd,43.8385,-116.2559,1309
IDW.1.2_2012,TRUE,387,A,OCG,ID,W,2012,IDW.1.2,4n,W_4n,NA,NA,NA,NA,,IDW.1.2_2012,IDW-1,Old Oregon Trail Rd,43.0931,-115.6528,963
IDW.1.2_2021,TRUE,387,,OCG,ID,W,2021,IDW.1.2,4n,W_4n,NA,NA,NA,NA,42,IDW.1.2_2021,IDW-1,Old Oregon Trail Rd,43.0931,-115.6528,963
IDW.1.3_2012,FALSE,71,D,OCG,ID,W,2012,IDW.1.3,4n,W_4n,NA,NA,NA,NA,15.4,IDW.1.3_2012,IDW-1,Old Oregon Trail Rd,43.0931,-115.6528,963
IDW.1.4_2012,TRUE,347,A,OCG,ID,W,2012,IDW.1.4,4n,W_4n,NA,NA,NA,NA,28.1,IDW.1.4_2012,IDW-1,Old Oregon Trail Rd,43.0931,-115.6528,963
IDW.1.4_2021,TRUE,347,,OCG,ID,W,2021,IDW.1.4,4n,W_4n,NA,NA,NA,NA,76.8,IDW.1.4_2021,IDW-1,Old Oregon Trail Rd,43.0931,-115.6528,963
IDW.1.5_2012,TRUE,262,A,OCG,ID,W,2012,IDW.1.5,4n,W_4n,NA,NA,NA,NA,18.1,IDW.1.5_2012,IDW-1,Old Oregon Trail Rd,43.0931,-115.6528,963
IDW.1.5_2021,TRUE,262,,OCG,ID,W,2021,IDW.1.5,4n,W_4n,NA,NA,NA,NA,67.2,IDW.1.5_2021,IDW-1,Old Oregon Trail Rd,43.0931,-115.6528,963
IDW.1.6_2012,TRUE,392,A,OCG,ID,W,2012,IDW.1.6,4n,W_4n,NA,NA,NA,NA,,IDW.1.6_2012,IDW-1,Old Oregon Trail Rd,43.0931,-115.6528,963
IDW.1.6_2021,TRUE,392,,OCG,ID,W,2021,IDW.1.6,4n,W_4n,NA,NA,NA,NA,73.8,IDW.1.6_2021,IDW-1,Old Oregon Trail Rd,43.0931,-115.6528,963
IDW.1.7_2012,TRUE,63,A,OCG,ID,W,2012,IDW.1.7,4n,W_4n,NA,NA,NA,NA,9.4,IDW.1.7_2012,IDW-1,Old Oregon Trail Rd,43.0931,-115.6528,963
IDW.1.7_2021,TRUE,63,,OCG,ID,W,2021,IDW.1.7,4n,W_4n,NA,NA,NA,NA,86.2,IDW.1.7_2021,IDW-1,Old Oregon Trail Rd,43.0931,-115.6528,963
IDW.1.8_2012,FALSE,101,D,OCG,ID,W,2012,IDW.1.8,4n,W_4n,NA,NA,NA,NA,19.2,IDW.1.8_2012,IDW-1,Old Oregon Trail Rd,43.0931,-115.6528,963
IDW.2.2_2012,FALSE,357,A,OCG,ID,W,2012,IDW.2.2,4n,W_4n,NA,NA,NA,NA,21.5,IDW.2.2_2012,IDW-2,Orchard Enclosure ,43.3274,-116.0037,977
IDW.2.3_2012,TRUE,60,A,OCG,ID,W,2012,IDW.2.3,4n,W_4n,NA,NA,NA,NA,,IDW.2.3_2012,IDW-2,Orchard Enclosure ,43.3274,-116.0037,977
IDW.2.3_2021,TRUE,60,,OCG,ID,W,2021,IDW.2.3,4n,W_4n,NA,NA,NA,NA,155.5,IDW.2.3_2021,IDW-2,Orchard Enclosure ,43.3274,-116.0037,977
IDW.3.10_2012,TRUE,233,A,OCG,ID,W,2012,IDW.3.10,4n,W_4n,NA,NA,NA,NA,13.1,IDW.3.10_2012,IDW-3,Sommer Camp Rd,43.4657,-116.8531,870
IDW.3.10_2021,TRUE,233,,OCG,ID,W,2021,IDW.3.10,4n,W_4n,NA,NA,NA,NA,69.2,IDW.3.10_2021,IDW-3,Sommer Camp Rd,43.4657,-116.8531,870
IDW.3.2_2012,FALSE,235,D,OCG,ID,W,2012,IDW.3.2,4n,W_4n,NA,NA,NA,NA,24.3,IDW.3.2_2012,IDW-3,Sommer Camp Rd,43.4657,-116.8531,870
IDW.3.4_2012,TRUE,372,A,OCG,ID,W,2012,IDW.3.4,4n,W_4n,NA,NA,NA,NA,14.4,IDW.3.4_2012,IDW-3,Sommer Camp Rd,43.4657,-116.8531,870
IDW.3.4_2021,TRUE,372,,OCG,ID,W,2021,IDW.3.4,4n,W_4n,NA,NA,NA,NA,49.5,IDW.3.4_2021,IDW-3,Sommer Camp Rd,43.4657,-116.8531,870
IDW.3.6_2012,TRUE,70,A,OCG,ID,W,2012,IDW.3.6,4n,W_4n,NA,NA,NA,NA,10.1,IDW.3.6_2012,IDW-3,Sommer Camp Rd,43.4657,-116.8531,870
IDW.3.6_2021,TRUE,70,,OCG,ID,W,2021,IDW.3.6,4n,W_4n,NA,NA,NA,NA,51.3,IDW.3.6_2021,IDW-3,Sommer Camp Rd,43.4657,-116.8531,870
IDW.3.8_2012,TRUE,93,A,OCG,ID,W,2012,IDW.3.8,4n,W_4n,NA,NA,NA,NA,26.3,IDW.3.8_2012,IDW-3,Sommer Camp Rd,43.4657,-116.8531,870
IDW.3.8_2021,TRUE,93,,OCG,ID,W,2021,IDW.3.8,4n,W_4n,NA,NA,NA,NA,33.5,IDW.3.8_2021,IDW-3,Sommer Camp Rd,43.4657,-116.8531,870
MTT.1.6_2012,TRUE,172,A,OCG,MT,T,2012,MTT.1.6,2n,T_2n,NA,NA,NA,NA,18.2,MTT.1.6_2012,MTT-1,Bridger Crk,45.2056,-108.8256,1240
MTT.1.6_2021,TRUE,172,,OCG,MT,T,2021,MTT.1.6,2n,T_2n,NA,NA,NA,NA,41,MTT.1.6_2021,MTT-1,Bridger Crk,45.2056,-108.8256,1240
MTV.1.10_2012,FALSE,374,D,OCG,MT,V,2012,MTV.1.10,2n,V_2n,NA,NA,NA,NA,16.8,MTV.1.10_2012,MTV-1,Tie Flat Rd,45.1724,-108.4559,2156
MTW.1.2_2012,TRUE,366,A,OCG,MT,W,2012,MTW.1.2,4n,W_4n,NA,NA,NA,NA,8.7,MTW.1.2_2012,MTW-1,Powderville,45.6545,-105.1545,972
MTW.1.2_2021,TRUE,366,,OCG,MT,W,2021,MTW.1.2,4n,W_4n,NA,NA,NA,NA,103.4,MTW.1.2_2021,MTW-1,Powderville,45.6545,-105.1545,972
MTW.1.7_2012,FALSE,17,D,OCG,MT,W,2012,MTW.1.7,4n,W_4n,NA,NA,NA,NA,,MTW.1.7_2012,MTW-1,Powderville,45.6545,-105.1545,972
MTW.3.4_2012,TRUE,166,A,OCG,MT,W,2012,MTW.3.4,4n,W_4n,NA,NA,NA,NA,,MTW.3.4_2012,MTW-3,Pryor Mtn,45.2066,-108.7832,1458
MTW.3.4_2021,TRUE,166,,OCG,MT,W,2021,MTW.3.4,4n,W_4n,NA,NA,NA,NA,56.5,MTW.3.4_2021,MTW-3,Pryor Mtn,45.2066,-108.7832,1458
MTW.3.7_2012,FALSE,417,D,OCG,MT,W,2012,MTW.3.7,4n,W_4n,NA,NA,NA,NA,10.7,MTW.3.7_2012,MTW-3,Pryor Mtn,45.2066,-108.7832,1458
MTW.3.7.R_2012,FALSE,305,D,OCG,MT,W,2012,MTW.3.7,4n,W_4n,NA,NA,NA,NA,18,MTW.3.7.R_2012,MTW-3,Pryor Mtn,45.2066,-108.7832,1458
MTW.3.8_2012,FALSE,425,D,OCG,MT,W,2012,MTW.3.8,2n,T_2n,NA,NA,NA,NA,,MTW.3.8_2012,MTW-3,Pryor Mtn,45.2066,-108.7832,1458
NEG_10-2-20,,,,OCG,NEG,NEG,NEG,NEG10-2,NEG,NEG,NA,NA,NA,NA,0.3,NEG_10-2-20,,,,,
NEG_5-19-21,,,,Soda_Fire,NEG,NEG,NEG,NEG5-19,NEG,NEG,NA,NA,NA,NA,-13.8,NEG_5-19-21,,,,,
NEG_6-23-21,,,,Soda_Fire,NEG,NEG,NEG,NEG6-23,NEG,NEG,NA,NA,NA,NA,-0.7,NEG_6-23-21,,,,,
NEG_8-28-21,,,,OCG,NEG,NEG,NEG,NEG8-28,NEG,NEG,NA,NA,NA,NA,0.6,NEG_8-28-21,,,,,
NEG_8-30-21,,,,Soda_Fire,NEG,NEG,NEG,NEG8-30,NEG,NEG,NA,NA,NA,NA,0.1,NEG_8-30-21,,,,,
NEG_9-30-21,,,,Soda_Fire,NEG,NEG,NEG,NEG9-30,NEG,NEG,NA,NA,NA,NA,-0.6,NEG_9-30-21,,,,,
NMT.1.6_2012,TRUE,190,A,OCG,NM,T,2012,NMT.1.6,4n,T_4n,NA,NA,NA,NA,60.7,NMT.1.6_2012,NMT-1,Penistaja,35.9802,-107.2257,2122
NMT.1.6_2021,TRUE,190,,OCG,NM,T,2021,NMT.1.6,4n,T_4n,NA,NA,NA,NA,32.4,NMT.1.6_2021,NMT-1,Penistaja,35.9802,-107.2257,2122
NMT.1.9_2012,TRUE,113,A,OCG,NM,T,2012,NMT.1.9,4n,T_4n,NA,NA,NA,NA,43,NMT.1.9_2012,NMT-1,Penistaja,35.9802,-107.2257,2122
NMT.1.9_2021,TRUE,113,,OCG,NM,T,2021,NMT.1.9,4n,T_4n,NA,NA,NA,NA,56.1,NMT.1.9_2021,NMT-1,Penistaja,35.9802,-107.2257,2122
NMT.2.3_2012,TRUE,53,A,OCG,NM,T,2012,NMT.2.3,4n,T_4n,NA,NA,NA,NA,,NMT.2.3_2012,NMT-2,San Luis Mesa,35.7572,-107.1478,1979
NMT.2.3_2021,TRUE,53,,OCG,NM,T,2021,NMT.2.3,4n,T_4n,NA,NA,NA,NA,27.4,NMT.2.3_2021,NMT-2,San Luis Mesa,35.7572,-107.1478,1979
NMT.2.4_2012,TRUE,201,A,OCG,NM,T,2012,NMT.2.4,4n,T_4n,NA,NA,NA,NA,59.5,NMT.2.4_2012,NMT-2,San Luis Mesa,35.7572,-107.1478,1979
NMT.2.4_2021,TRUE,201,,OCG,NM,T,2021,NMT.2.4,4n,T_4n,NA,NA,NA,NA,109.7,NMT.2.4_2021,NMT-2,San Luis Mesa,35.7572,-107.1478,1979
NMT.2.5_2012,TRUE,23,A,OCG,NM,T,2012,NMT.2.5,4n,T_4n,NA,NA,NA,NA,13,NMT.2.5_2012,NMT-2,San Luis Mesa,35.7572,-107.1478,1979
NMT.2.5_2021,TRUE,23,,OCG,NM,T,2021,NMT.2.5,4n,T_4n,NA,NA,NA,NA,31.6,NMT.2.5_2021,NMT-2,San Luis Mesa,35.7572,-107.1478,1979
NMT.2.6_2012,TRUE,99,A,OCG,NM,T,2012,NMT.2.6,4n,T_4n,NA,NA,NA,NA,,NMT.2.6_2012,NMT-2,San Luis Mesa,35.7572,-107.1478,1979
NMT.2.6_2021,TRUE,99,,OCG,NM,T,2021,NMT.2.6,4n,T_4n,NA,NA,NA,NA,30.3,NMT.2.6_2021,NMT-2,San Luis Mesa,35.7572,-107.1478,1979
NMT.2.8_2012,TRUE,164,A,OCG,NM,T,2012,NMT.2.8,4n,T_4n,NA,NA,NA,NA,47.7,NMT.2.8_2012,NMT-2,San Luis Mesa,35.7572,-107.1478,1979
NMT.2.8_2021,TRUE,164,,OCG,NM,T,2021,NMT.2.8,4n,T_4n,NA,NA,NA,NA,86,NMT.2.8_2021,NMT-2,San Luis Mesa,35.7572,-107.1478,1979
NVT.1.6_2012,FALSE,302,D,OCG,NV,T,2012,NVT.1.6,2n,T_2n,NA,NA,NA,NA,23.9,NVT.1.6_2012,NVT-2,Currant B,38.7971,-115.3921,1797
NVT.2.8_2012,FALSE,321,D,OCG,NV,T,2012,NVT.2.8,2n,T_2n,NA,NA,NA,NA,31.3,NVT.2.8_2012,NVT-2,Currant B,38.7971,-115.3921,1797
NVT.2.9_2012v1,FALSE,213,D,OCG,NV,T,2012,NVT.2.9,2n,T_2n,NA,NA,NA,NA,21.3,NVT.2.9_2012,NVT-2,Currant B,38.7971,-115.3921,1797
NVT.2.9_2012v2,FALSE,213,D,OCG,NV,T,2012,NVT.2.9,2n,T_2n,NA,NA,NA,NA,12.6,NVT.2.9_2012,NVT-2,Currant B,38.7971,-115.3921,1797
NVTW.1.10_2012,TRUE,450,A,OCG,NV,T,2012,NVTW.1.10,2n,T_2n,NA,NA,NA,NA,78.9,NVTW.1.10_2012,NVV-1,Austin,39.4728,-117.0497,2412
NVTW.1.10_2021,TRUE,450,,OCG,NV,T,2021,NVTW.1.10,2n,T_2n,NA,NA,NA,NA,115.8,NVTW.1.10_2021,NVV-1,Austin,39.4728,-117.0497,2412
NVTW.1.3_2012,FALSE,234,D,OCG,NV,T,2012,NVTW.1.3,2n,T_2n,NA,NA,NA,NA,50.3,NVTW.1.3_2012,NVV-1,Austin,39.4728,-117.0497,2412
NVTW.1.6_2012,FALSE,147,D,OCG,NV,T,2012,NVTW.1.6,2n,T_2n,NA,NA,NA,NA,,NVTW.1.6_2012,NVV-1,Austin,39.4728,-117.0497,2412
NVV.2.5_2012,TRUE,205,A,OCG,NV,V,2012,NVV.2.5,2n,V_2n,NA,NA,NA,NA,16.3,NVV.2.5_2012,NVV-2,Currant V,38.8183,-115.2835,2132
NVV.2.5_2021,TRUE,205,,OCG,NV,V,2021,NVV.2.5,2n,V_2n,NA,NA,NA,NA,97.7,NVV.2.5_2021,NVV-2,Currant V,38.8183,-115.2835,2132
NVV.2.9_2012,FALSE,150,D,OCG,NV,V,2012,NVV.2.9,2n,V_2n,NA,NA,NA,NA,16.9,NVV.2.9_2012,NVV-2,Currant V,38.8183,-115.2835,2132
NVV.3.4_2012,FALSE,220,D,OCG,NV,V,2012,NVV.3.4,4n,V_4n,NA,NA,NA,NA,28.5,NVV.3.4_2012,NVV-3,Robber's Roost,36.3046,-115.6168,2410
NVV.3.5_2012,FALSE,290,D,OCG,NV,V,2012,NVV.3.5,4n,V_4n,NA,NA,NA,NA,21.6,NVV.3.5_2012,NVV-3,Robber's Roost,36.3046,-115.6168,2410
ORT.1.1_2012,TRUE,208,A,OCG,OR,T,2012,ORT.1.1,2n,T_2n,NA,NA,NA,NA,51.4,ORT.1.1_2012,ORT-1,Jordan Valley,42.9745,-117.1854,1349
ORT.1.1_2021,TRUE,208,,OCG,OR,T,2021,ORT.1.1,2n,T_2n,NA,NA,NA,NA,,ORT.1.1_2021,ORT-1,Jordan Valley,42.9745,-117.1854,1349
ORT.1.5_2012,FALSE,55,D,OCG,OR,T,2012,ORT.1.5,,,NA,NA,NA,NA,,ORT.1.5_2012,ORT-1,Jordan Valley,42.9745,-117.1854,1349
ORT.1.6_2012,TRUE,394,A,OCG,OR,T,2012,ORT.1.6,2n,T_2n,NA,NA,NA,NA,33.8,ORT.1.6_2012,ORT-1,Jordan Valley,42.9745,-117.1854,1349
ORT.1.6_2021,TRUE,394,,OCG,OR,T,2021,ORT.1.6,2n,T_2n,NA,NA,NA,NA,83,ORT.1.6_2021,ORT-1,Jordan Valley,42.9745,-117.1854,1349
ORT.1.8_2012,FALSE,141,D,OCG,OR,T,2012,ORT.1.8,2n,T_2n,NA,NA,NA,NA,,ORT.1.8_2012,ORT-1,Jordan Valley,42.9745,-117.1854,1349
ORT.1.9_2012,TRUE,381,A,OCG,OR,T,2012,ORT.1.9,2n,T_2n,NA,NA,NA,NA,31,ORT.1.9_2012,ORT-1,Jordan Valley,42.9745,-117.1854,1349
ORT.1.9_2021,TRUE,381,,OCG,OR,T,2021,ORT.1.9,2n,T_2n,NA,NA,NA,NA,49.5,ORT.1.9_2021,ORT-1,Jordan Valley,42.9745,-117.1854,1349
ORT.2.10_2012v1,FALSE,122,A,OCG,OR,T,2012,ORT.2.10,2n,T_2n,NA,NA,NA,NA,14.2,ORT.2.10_2012,ORT-2,Echo,45.7589,-119.2076,223
ORT.2.10_2012v2,FALSE,122,A,OCG,OR,T,2012,ORT.2.10,2n,T_2n,NA,NA,NA,NA,53.6,ORT.2.10_2012,ORT-2,Echo,45.7589,-119.2076,223
ORT.2.3_2012,TRUE,91,A,OCG,OR,T,2012,ORT.2.3,2n,T_2n,NA,NA,NA,NA,38.6,ORT.2.3_2012,ORT-2,Echo,45.7589,-119.2076,223
ORT.2.3_2021,TRUE,91,,OCG,OR,T,2021,ORT.2.3,2n,T_2n,NA,NA,NA,NA,31.4,ORT.2.3_2021,ORT-2,Echo,45.7589,-119.2076,223
ORT.2.4_2012,TRUE,380,A,OCG,OR,T,2012,ORT.2.4,2n,T_2n,NA,NA,NA,NA,24.6,ORT.2.4_2012,ORT-2,Echo,45.7589,-119.2076,223
ORT.2.4_2021,TRUE,380,,OCG,OR,T,2021,ORT.2.4,2n,T_2n,NA,NA,NA,NA,65.4,ORT.2.4_2021,ORT-2,Echo,45.7589,-119.2076,223
ORT.2.5_2012,TRUE,248,A,OCG,OR,T,2012,ORT.2.5,2n,T_2n,NA,NA,NA,NA,28.1,ORT.2.5_2012,ORT-2,Echo,45.7589,-119.2076,223
ORT.2.5_2021,TRUE,248,,OCG,OR,T,2021,ORT.2.5,2n,T_2n,NA,NA,NA,NA,65.2,ORT.2.5_2021,ORT-2,Echo,45.7589,-119.2076,223
ORT.2.6_2012,FALSE,42,A,OCG,OR,T,2012,ORT.2.6,2n,T_2n,NA,NA,NA,NA,17.7,ORT.2.6_2012,ORT-2,Echo,45.7589,-119.2076,223
ORT.2.9_2012,TRUE,181,A,OCG,OR,T,2012,ORT.2.9,2n,T_2n,NA,NA,NA,NA,35.3,ORT.2.9_2012,ORT-2,Echo,45.7589,-119.2076,223
ORT.2.9_2021,TRUE,181,,OCG,OR,T,2021,ORT.2.9,2n,T_2n,NA,NA,NA,NA,42.9,ORT.2.9_2021,ORT-2,Echo,45.7589,-119.2076,223
ORT.3.1_2012,FALSE,391,D,OCG,OR,T,2012,ORT.3.1,2n,T_2n,NA,NA,NA,NA,103.5,ORT.3.1_2012,ORT-3,Beatty Butte T,42.3263,-119.3665,1782
ORT.3.10_2012,FALSE,219,D,OCG,OR,T,2012,ORT.3.10,2n,T_2n,NA,NA,NA,NA,60.4,ORT.3.10_2012,ORT-3,Beatty Butte T,42.3263,-119.3665,1782
ORT.3.5_2012,FALSE,244,D,OCG,OR,T,2012,ORT.3.5,2n,T_2n,NA,NA,NA,NA,47.9,ORT.3.5_2012,ORT-3,Beatty Butte T,42.3263,-119.3665,1782
ORT.3.7_2012,FALSE,31,D,OCG,OR,T,2012,ORT.3.7,2n,T_2n,NA,NA,NA,NA,14.8,ORT.3.7_2012,ORT-3,Beatty Butte T,42.3263,-119.3665,1782
ORTV.2.4_2012,FALSE,413,D,OCG,OR,T,2012,ORTV.2.4,2n,T_2n,NA,NA,NA,NA,20.6,V413_2012,ORV-2,Beatty Butte V,42.3208,-119.3539,1828
ORTW.2.1_2012,FALSE,15,D,OCG,OR,T,2012,ORTW.2.1,2n,T_2n,NA,NA,NA,NA,15.2,ORTW.2.1_2012,ORW-2,Beatty Butte W,42.3166,-119.3928,1707
ORV.1.1_2012,FALSE,212,D,OCG,OR,V,2012,ORV.1.1,4n,V_4n,NA,NA,NA,NA,13.5,ORV.1.1_2012,ORV-1,Lookout Mtn,44.4883,-117.3233,986
ORV.1.10_2012,TRUE,403,A,OCG,OR,V,2012,ORV.1.10,4n,V_4n,NA,NA,NA,NA,20.3,ORV.1.10_2012,ORV-1,Lookout Mtn,44.4883,-117.3233,986
ORV.1.10_2021,TRUE,403,,OCG,OR,V,2021,ORV.1.10,4n,V_4n,NA,NA,NA,NA,67.7,ORV.1.10_2021,ORV-1,Lookout Mtn,44.4883,-117.3233,986
ORV.1.3_2012,FALSE,183,D,OCG,OR,V,2012,ORV.1.3,4n,V_4n,NA,NA,NA,NA,26.6,ORV.1.3_2012,ORV-1,Lookout Mtn,44.4883,-117.3233,986
ORV.1.4_2012,FALSE,245,D,OCG,OR,V,2012,ORV.1.4,4n,V_4n,NA,NA,NA,NA,6.9,ORV.1.4_2012,ORV-1,Lookout Mtn,44.4883,-117.3233,986
ORV.1.5_2012,FALSE,291,D,OCG,OR,V,2012,ORV.1.5,4n,V_4n,NA,NA,NA,NA,19.1,ORV.1.5_2012,ORV-1,Lookout Mtn,44.4883,-117.3233,986
ORV.1.6_2012,FALSE,314,D,OCG,OR,V,2012,ORV.1.6,4n,V_4n,NA,NA,NA,NA,15.7,ORV.1.6_2012,ORV-1,Lookout Mtn,44.4883,-117.3233,986
ORV.1.8_2012,FALSE,186,D,OCG,OR,V,2012,ORV.1.8,4n,V_4n,NA,NA,NA,NA,17.6,ORV.1.8_2012,ORV-1,Lookout Mtn,44.4883,-117.3233,986
ORW.1.1_2012,TRUE,57,A,OCG,OR,W,2012,ORW.1.1,4n,W_4n,NA,NA,NA,NA,,ORW.1.1_2012,ORW-1,West of Juntura,43.7853,-118.2594,1196
ORW.1.1_2021,TRUE,57,,OCG,OR,W,2021,ORW.1.1,4n,W_4n,NA,NA,NA,NA,47.1,ORW.1.1_2021,ORW-1,West of Juntura,43.7853,-118.2594,1196
UTT.1.1_2012,TRUE,333,A,OCG,UT,T,2012,UTT.1.1,2n,T_2n,NA,NA,NA,NA,10.2,UTT.1.1_2012,UTT-1,Canyon B,37.9933,-112.5087,2106
UTT.1.1_2021,TRUE,333,,OCG,UT,T,2021,UTT.1.1,2n,T_2n,NA,NA,NA,NA,65.9,UTT.1.1_2021,UTT-1,Canyon B,37.9933,-112.5087,2106
UTT.1.2_2012,FALSE,105,D,OCG,UT,T,2012,UTT.1.2,2n,T_2n,NA,NA,NA,NA,,UTT.1.2_2012,UTT-1,Canyon B,37.9933,-112.5087,2106
UTT.1.5_2012,TRUE,25,A,OCG,UT,T,2012,UTT.1.5,2n,T_2n,NA,NA,NA,NA,11.1,UTT.1.5_2012,UTT-1,Canyon B,37.9933,-112.5087,2106
UTT.1.5_2021,TRUE,25,,OCG,UT,T,2021,UTT.1.5,2n,T_2n,NA,NA,NA,NA,17.1,UTT.1.5_2021,UTT-1,Canyon B,37.9933,-112.5087,2106
UTT.1.6_2012,TRUE,294,A,OCG,UT,T,2012,UTT.1.6,2n,T_2n,NA,NA,NA,NA,75.1,UTT.1.6_2012,UTT-1,Canyon B,37.9933,-112.5087,2106
UTT.1.6_2021,TRUE,294,,OCG,UT,T,2021,UTT.1.6,2n,T_2n,NA,NA,NA,NA,93.2,UTT.1.6_2021,UTT-1,Canyon B,37.9933,-112.5087,2106
UTT.1.8_2012,FALSE,20,D,OCG,UT,T,2012,UTT.1.8,2n,T_2n,NA,NA,NA,NA,17.9,UTT.1.8_2012,UTT-1,Canyon B,37.9933,-112.5087,2106
UTT.1.9_2012,TRUE,194,A,OCG,UT,T,2012,UTT.1.9,2n,T_2n,NA,NA,NA,NA,46.4,UTT.1.9_2012,UTT-1,Canyon B,37.9933,-112.5087,2106
UTT.1.9_2021,TRUE,194,,OCG,UT,T,2021,UTT.1.9,2n,T_2n,NA,NA,NA,NA,48.7,UTT.1.9_2021,UTT-1,Canyon B,37.9933,-112.5087,2106
UTT.2.3_2012,FALSE,251,D,OCG,UT,T,2012,UTT.2.3,2n,T_2n,NA,NA,NA,NA,17.9,UTT.2.3_2012,UTT-2,La Sal B,38.306,-109.3876,1820
UTT.3.10_2012,FALSE,338,A,OCG,UT,T,2012,UTT.3.10,2n,T_2n,NA,NA,NA,NA,40.9,UTT.3.10_2012,UTT-3,Kanab,37.0402,-112.2642,1618
UTT.3.3_2012,FALSE,409,D,OCG,UT,T,2012,UTT.3.3,2n,T_2n,NA,NA,NA,NA,24.5,UTT.3.3_2012,UTT-3,Kanab,37.0402,-112.2642,1618
UTV.1.7_2012,FALSE,421,D,OCG,UT,V,2012,UTV.1.7,2n,V_2n,NA,NA,NA,NA,24.7,UTV.1.7_2012,UTV-1,Basin Exclosure,39.3413,-111.5221,2097
UTV.3.3_2012,FALSE,73,D,OCG,UT,V,2012,UTV.3.3,4n,V_4n,NA,NA,NA,NA,21.6,UTV.3.3_2012,UTV-3,La Sal V,38.3413,-109.2173,2326
UTV.3.4_2012,FALSE,281,D,OCG,UT,V,2012,UTV.3.4,4n,V_4n,NA,NA,NA,NA,17.8,UTV.3.4_2012,UTV-3,La Sal V,38.3413,-109.2173,2326
UTV.3.5_2012,TRUE,6,A,OCG,UT,V,2012,UTV.3.5,4n,V_4n,NA,NA,NA,NA,18,UTV.3.5_2012,UTV-3,La Sal V,38.3413,-109.2173,2326
UTV.3.5_2021,TRUE,6,,OCG,UT,V,2021,UTV.3.5,4n,V_4n,NA,NA,NA,NA,58.5,UTV.3.5_2021,UTV-3,La Sal V,38.3413,-109.2173,2326
UTW.1.1_2012,TRUE,296,A,OCG,UT,W,2012,UTW.1.1,4n,W_4n,NA,NA,NA,NA,16.3,UTW.1.1_2012,UTW-1,La Sal W,38.3279,-109.4352,1797
UTW.1.1_2021,TRUE,296,,OCG,UT,W,2021,UTW.1.1,4n,W_4n,NA,NA,NA,NA,,UTW.1.1_2021,UTW-1,La Sal W,38.3279,-109.4352,1797
UTW.1.10_2012,TRUE,272,A,OCG,UT,W,2012,UTW.1.10,4n,W_4n,NA,NA,NA,NA,,UTW.1.10_2012,UTW-1,La Sal W,38.3279,-109.4352,1797
UTW.1.10_2021,TRUE,272,,OCG,UT,W,2021,UTW.1.10,4n,W_4n,NA,NA,NA,NA,77,UTW.1.10_2021,UTW-1,La Sal W,38.3279,-109.4352,1797
UTW.1.4_2012,TRUE,405,A,OCG,UT,W,2012,UTW.1.4,4n,W_4n,NA,NA,NA,NA,,UTW.1.4_2012,UTW-1,La Sal W,38.3279,-109.4352,1797
UTW.1.4_2021,TRUE,405,,OCG,UT,W,2021,UTW.1.4,4n,W_4n,NA,NA,NA,NA,73.5,UTW.1.4_2021,UTW-1,La Sal W,38.3279,-109.4352,1797
UTW.2.10_2012,FALSE,84,D,OCG,UT,W,2012,UTW.2.10,4n,W_4n,NA,NA,NA,NA,14.4,UTW.2.10_2012,UTW-2,Scooby,41.8566,-113.049,1438
UTW.2.3_2012,TRUE,343,A,OCG,UT,W,2012,UTW.2.3,4n,W_4n,NA,NA,NA,NA,,UTW.2.3_2012,UTW-2,Scooby,41.8566,-113.049,1438
UTW.2.3_2021,TRUE,343,,OCG,UT,W,2021,UTW.2.3,4n,W_4n,NA,NA,NA,NA,88.4,UTW.2.3_2021,UTW-2,Scooby,41.8566,-113.049,1438
UTW.2.5_2012,FALSE,103,D,OCG,UT,W,2012,UTW..2.5,4n,W_4n,NA,NA,NA,NA,,UTW.2.5_2012,UTW-2,Scooby,41.8566,-113.049,1438
UTW.2.6_2012,FALSE,157,D,OCG,UT,W,2012,UTW.2.6,4n,W_4n,NA,NA,NA,NA,13.4,UTW.2.6_2012,UTW-2,Scooby,41.8566,-113.049,1438
UTWV.2.1_2012,TRUE,189,A,OCG,UT,W,2012,UTWV.2.1,4n,W_4n,NA,NA,NA,NA,15.5,UTWV.2.1_2012,UTV-2,Canyon V,37.9933,-112.5087,2118
UTWV.2.1_2021,TRUE,189,,OCG,UT,W,2021,UTWV.2.1,4n,W_4n,NA,NA,NA,NA,65.7,UTWV.2.1_2021,UTV-2,Canyon V,37.9933,-112.5087,2118
UTWV.2.10_2012,TRUE,56,A,OCG,UT,W,2012,UTWV.2.10,4n,W_4n,NA,NA,NA,NA,,UTWV.2.10_2012,UTV-2,Canyon V,37.9933,-112.5087,2118
UTWV.2.10_2021,TRUE,56,,OCG,UT,W,2021,UTWV.2.10,4n,W_4n,NA,NA,NA,NA,36.2,UTWV.2.10_2021,UTV-2,Canyon V,37.9933,-112.5087,2118
UTWV.2.6_2012,TRUE,80,A,OCG,UT,W,2012,UTWV.2.6,4n,W_4n,NA,NA,NA,NA,,UTWV.2.6_2012,UTV-2,Canyon V,37.9933,-112.5087,2118
UTWV.2.6_2021,TRUE,80,,OCG,UT,W,2021,UTWV.2.6,4n,W_4n,NA,NA,NA,NA,25.1,UTWV.2.6_2021,UTV-2,Canyon V,37.9933,-112.5087,2118
UTWV.2.7_2012,TRUE,271,A,OCG,UT,W,2012,UTWV.2.7,4n,W_4n,NA,NA,NA,NA,14.9,UTWV.2.7_2012,UTV-2,Canyon V,37.9933,-112.5087,2118
UTWV.2.7_2021,TRUE,271,,OCG,UT,W,2021,UTWV.2.7,4n,W_4n,NA,NA,NA,NA,100.7,UTWV.2.7_2021,UTV-2,Canyon V,37.9933,-112.5087,2118
UTWV.2.8_2012,TRUE,216,A,OCG,UT,W,2012,UTWV.2.8,4n,W_4n,NA,NA,NA,NA,18.7,UTWV.2.8_2012,UTV-2,Canyon V,37.9933,-112.5087,2118
UTWV.2.8_2021,TRUE,216,,OCG,UT,W,2021,UTWV.2.8,4n,W_4n,NA,NA,NA,NA,87.4,UTWV.2.8_2021,UTV-2,Canyon V,37.9933,-112.5087,2118
WAT.1.3_2012,TRUE,349,A,OCG,WA,T,2012,WAT.1.3,2n,T_2n,NA,NA,NA,NA,30.7,WAT.1.3_2012,WAT-1,Lind,46.7419,-118.2278,329
WAT.1.3_2021,TRUE,349,,OCG,WA,T,2021,WAT.1.3,2n,T_2n,NA,NA,NA,NA,103.3,WAT.1.3_2021,WAT-1,Lind,46.7419,-118.2278,329
WAT.1.4_2012v1,TRUE,304,A,OCG,WA,T,2012,WAT.1.4,2n,T_2n,NA,NA,NA,NA,15.2,WAT.1.4_2012,WAT-1,Lind,46.7419,-118.2278,329
WAT.1.4_2012v2,TRUE,304,A,OCG,WA,T,2012,WAT.1.4,2n,T_2n,NA,NA,NA,NA,7.4,WAT.1.4_2012,WAT-1,Lind,46.7419,-118.2278,329
WAT.1.4_2021,TRUE,304,,OCG,WA,T,2021,WAT.1.4,2n,T_2n,NA,NA,NA,NA,96.7,WAT.1.4_2021,WAT-1,Lind,46.7419,-118.2278,329
WAT.1.6_2012,TRUE,192,A,OCG,WA,T,2012,WAT.1.6,2n,T_2n,NA,NA,NA,NA,20.2,WAT.1.6_2012,WAT-1,Lind,46.7419,-118.2278,329
WAT.1.6_2021,TRUE,192,,OCG,WA,T,2021,WAT.1.6,2n,T_2n,NA,NA,NA,NA,27,WAT.1.6_2021,WAT-1,Lind,46.7419,-118.2278,329
WAT.1.9_2012v1,TRUE,195,A,OCG,WA,T,2012,WAT.1.9,2n,T_2n,NA,NA,NA,NA,24.5,WAT.1.9_2012,WAT-1,Lind,46.7419,-118.2278,329
WAT.1.9_2012v2,TRUE,195,A,OCG,WA,T,2012,WAT.1.9,2n,T_2n,NA,NA,NA,NA,9.6,WAT.1.9_2012,WAT-1,Lind,46.7419,-118.2278,329
WAT.1.9_2021,TRUE,195,,OCG,WA,T,2021,WAT.1.9,2n,T_2n,NA,NA,NA,NA,92.4,WAT.1.9_2021,WAT-1,Lind,46.7419,-118.2278,329
WAT.2.1_2012,TRUE,158,A,OCG,WA,T,2012,WAT.2.1,4n,T_4n,NA,NA,NA,NA,66.2,WAT.2.1_2012,WAT-2,Crab Creek,46.9488,-119.2371,312
WAT.2.1_2021,TRUE,158,,OCG,WA,T,2021,WAT.2.1,4n,T_4n,NA,NA,NA,NA,146.7,WAT.2.1_2021,WAT-2,Crab Creek,46.9488,-119.2371,312
WAT.2.10_2012,FALSE,100,D,OCG,WA,T,2012,WAT.2.10,4n,T_4n,NA,NA,NA,NA,34.9,WAT.2.10_2012,WAT-2,Crab Creek,46.9488,-119.2371,312
WAT.2.3_2012,FALSE,10,D,OCG,WA,T,2012,WAT.2.3,4n,T_4n,NA,NA,NA,NA,19.6,WAT.2.3_2012,WAT-2,Crab Creek,46.9488,-119.2371,312
WAT.2.4_2012,TRUE,268,A,OCG,WA,T,2012,WAT.2.4,4n,T_4n,NA,NA,NA,NA,83.2,WAT.2.4_2012,WAT-2,Crab Creek,46.9488,-119.2371,312
WAT.2.4_2021,TRUE,268,,OCG,WA,T,2021,WAT.2.4,4n,T_4n,NA,NA,NA,NA,43.5,WAT.2.4_2021,WAT-2,Crab Creek,46.9488,-119.2371,312
WAT.2.7_2012,FALSE,282,D,OCG,WA,T,2012,WAT.2.7,4n,T_4n,NA,NA,NA,NA,71.1,WAT.2.7_2012,WAT-2,Crab Creek,46.9488,-119.2371,312
WAT.2.8_2012v1,TRUE,64,A,OCG,WA,T,2012,WAT.2.8,4n,T_4n,NA,NA,NA,NA,19.1,WAT.2.8_2012,WAT-2,Crab Creek,46.9488,-119.2371,312
WAT.2.8_2012v2,TRUE,64,A,OCG,WA,T,2012,WAT.2.8,4n,T_4n,NA,NA,NA,NA,21.6,WAT.2.8_2012,WAT-2,Crab Creek,46.9488,-119.2371,312
WAT.2.8_2021,TRUE,64,,OCG,WA,T,2021,WAT.2.8,4n,T_4n,NA,NA,NA,NA,114.6,WAT.2.8_2021,WAT-2,Crab Creek,46.9488,-119.2371,312
WAT.2.9_2012,TRUE,169,A,OCG,WA,T,2012,WAT.2.9,4n,T_4n,NA,NA,NA,NA,20.9,WAT.2.9_2012,WAT-2,Crab Creek,46.9488,-119.2371,312
WAT.2.9_2021,TRUE,169,,OCG,WA,T,2021,WAT.2.9,4n,T_4n,NA,NA,NA,NA,63.2,WAT.2.9_2021,WAT-2,Crab Creek,46.9488,-119.2371,312
WAW.1.1_2012,FALSE,287,D,OCG,WA,W,2012,WAW.1.1,4n,W_4n,NA,NA,NA,NA,15.8,WAW.1.1_2012,WAW-1,Saddle Mtn,46.7672,-119.4727,297
WAW.1.2_2012,TRUE,418,A,OCG,WA,W,2012,WAW.1.2,4n,W_4n,NA,NA,NA,NA,0.1,WAW.1.2_2012,WAW-1,Saddle Mtn,46.7672,-119.4727,297
WAW.1.2_2021,TRUE,418,,OCG,WA,W,2021,WAW.1.2,4n,W_4n,NA,NA,NA,NA,130.6,WAW.1.2_2021,WAW-1,Saddle Mtn,46.7672,-119.4727,297
WAW.1.3_2012,TRUE,356,A,OCG,WA,W,2012,WAW.1.3,4n,W_4n,NA,NA,NA,NA,20.7,WAW.1.3_2012,WAW-1,Saddle Mtn,46.7672,-119.4727,297
WAW.1.3_2021,TRUE,356,,OCG,WA,W,2021,WAW.1.3,4n,W_4n,NA,NA,NA,NA,117.6,WAW.1.3_2021,WAW-1,Saddle Mtn,46.7672,-119.4727,297
WAW.1.4_2012,FALSE,436,D,OCG,WA,W,2012,WAW.1.4,4n,W_4n,NA,NA,NA,NA,0,WAW.1.4_2012,WAW-1,Saddle Mtn,46.7672,-119.4727,297
WAW.1.5_2012,FALSE,378,D,OCG,WA,W,2012,WAW.1.5,4n,W_4n,NA,NA,NA,NA,16.4,WAW.1.5_2012,WAW-1,Saddle Mtn,46.7672,-119.4727,297
WAW.1.6_2012,TRUE,135,A,OCG,WA,W,2012,WAW.1.6,4n,W_4n,NA,NA,NA,NA,15.2,WAW.1.6_2012,WAW-1,Saddle Mtn,46.7672,-119.4727,297
WAW.1.6_2021,TRUE,135,,OCG,WA,W,2021,WAW.1.6,4n,W_4n,NA,NA,NA,NA,65.4,WAW.1.6_2021,WAW-1,Saddle Mtn,46.7672,-119.4727,297
WAW.1.7_2012,FALSE,236,D,OCG,WA,W,2012,WAW.1.7,4n,W_4n,NA,NA,NA,NA,17.9,WAW.1.7_2012,WAW-1,Saddle Mtn,46.7672,-119.4727,297
WYW.1.2_2012,FALSE,384,D,OCG,WY,W,2012,WYW.1.2,4n,W_4n,NA,NA,NA,NA,,WYW.1.2_2012,WYW-1,Burma Road,42.6006,-109.8341,2111